代码,信号日期,信号价格,当前价格,当前收益%,最高收益%,是否获利,持有天数,触发条件
002590,2026-07-13,9.04,9.44,4.42,8.19,1,24,"形态: 两连阴 (-0.62%, -0.31%)"
002590,2026-08-06,9.66,9.44,-2.28,-0.21,0,6,趋势: 高于MA20
000532,2026-08-06,10.8,10.83,0.28,1.11,1,6,趋势: 高于MA20
603105,2026-08-07,7.2,7.62,5.83,12.22,1,15,"形态: 两连阴 (-0.14%, -1.51%) | 趋势: 高于MA20"
000812,2026-07-15,3.32,3.57,7.53,10.24,1,22,趋势: 高于MA20 | 动量: 突破转强 (阳线上穿5/10)
000812,2026-08-06,3.53,3.57,1.13,3.68,1,6,"形态: 两连阴 (-0.57%, -0.29%) | 趋势: 高于MA20 | 动量: 突破转强 (阳线上穿5/10)"
002576,2026-08-06,14.53,14.29,-1.65,2.68,0,6,趋势: 高于MA20
601022,2026-08-06,8.11,7.92,-2.34,0.62,0,6,趋势: 高于MA20
002731,2026-07-15,2.09,0.85,-59.33,21.05,0,32,"量能: 放量 (4.86X) | 形态: 两连阴 (-10.14%, -10.12%)"
002752,2026-08-18,6.0,6.06,1.0,1.0,1,8,趋势: 高于MA20
002752,2026-07-15,6.15,6.06,-1.46,-0.16,0,32,趋势: 高于MA20 | 动量: 突破转强 (阳线上穿5/10)
605500,2026-08-06,6.92,6.9,-0.29,2.17,0,6,趋势: 高于MA20 | 动量: 突破转强 (阳线上穿5/10)
600163,2026-07-15,4.9,5.25,7.14,10.41,1,32,动量: 突破转强 (阳线上穿5/10)
600333,2026-07-13,5.5,6.21,12.91,13.64,1,24,趋势: 高于MA20
600333,2026-08-06,6.12,6.21,1.47,2.12,1,6,趋势: 多头排列 (5>20>60) | 趋势: 高于MA20 | 动量: 突破转强 (阳线上穿5/10)
000070,2026-08-18,15.35,15.91,3.65,7.49,1,8,趋势: 高于MA20
002275,2026-08-18,13.4,12.54,-6.42,1.64,0,8,"趋势: 多头排列 (5>20>60) | 形态: 两连阴 (-0.97%, -0.08%) | 趋势: 高于MA20 | 动量: 突破转强 (阳线上穿5/10)"
002275,2026-07-15,13.67,12.54,-8.27,0.73,0,32,趋势: 高于MA20 | 动量: 突破转强 (阳线上穿5/10)
002275,2026-08-07,13.36,12.54,-6.14,1.95,0,15,趋势: 高于MA20 | 动量: 突破转强 (阳线上穿5/10)
002471,2026-07-15,5.13,5.74,11.89,14.81,1,22,"形态: 10日内有涨停 | 形态: 两连阴 (-9.97%, -1.53%)"
002471,2026-08-06,5.75,5.74,-0.17,2.43,0,6,趋势: 高于MA20
605167,2026-08-06,14.87,14.39,-3.23,1.75,0,6,量能: 放量 (1.66X) | 形态: 10日内有涨停 | 趋势: 高于MA20
603070,2026-08-06,11.62,11.59,-0.26,1.55,0,6,趋势: 高于MA20
603272,2026-07-15,16.23,15.02,-7.46,6.28,0,32,"形态: 两连阴 (-10.01%, -9.26%)"
603272,2026-08-07,16.8,15.02,-10.6,-4.58,0,15,形态: 10日内有涨停 | 趋势: 高于MA20
002729,2026-08-18,14.03,13.82,-1.5,-0.29,0,8,趋势: 高于MA20
002729,2026-08-07,13.65,13.82,1.25,5.79,1,15,趋势: 高于MA20
603928,2026-08-18,13.43,12.3,-8.41,-5.81,0,8,形态: 10日内有涨停 | 趋势: 高于MA20 | 动量: 突破转强 (阳线上穿5/10)
603928,2026-07-15,13.71,12.3,-10.28,-2.04,0,32,"形态: 10日内有涨停 | 形态: 两连阴 (-10.00%, -9.99%)"
603928,2026-08-07,12.67,12.3,-2.92,6.0,0,15,形态: 10日内有涨停 | 趋势: 高于MA20 | 动量: 突破转强 (阳线上穿5/10)
605303,2026-08-18,22.23,23.43,5.4,5.4,1,8,趋势: 高于MA20 | 动量: 突破转强 (阳线上穿5/10)
002268,2026-07-15,14.42,14.17,-1.73,2.77,0,22,"形态: 两连阴 (-6.65%, -1.12%) | 趋势: 高于MA20"
002268,2026-08-06,14.81,14.17,-4.32,-0.95,0,6,趋势: 多头排列 (5>20>60) | 趋势: 高于MA20 | 动量: 突破转强 (阳线上穿5/10)
600057,2026-07-15,6.05,6.61,9.26,10.91,1,32,趋势: 高于MA20 | 动量: 突破转强 (阳线上穿5/10)
600057,2026-08-07,6.24,6.61,5.93,5.93,1,15,"趋势: 多头排列 (5>20>60) | 形态: 两连阴 (-0.62%, -1.24%)"
603535,2026-08-18,6.36,6.45,1.42,1.42,1,8,"形态: 两连阴 (-3.71%, -1.23%) | 趋势: 高于MA20"
603535,2026-07-15,6.11,6.45,5.56,10.15,1,32,动量: 突破转强 (阳线上穿5/10)
603535,2026-08-07,6.34,6.45,1.74,6.15,1,15,趋势: 高于MA20
601058,2026-08-18,13.89,14.39,3.6,3.6,1,8,趋势: 高于MA20
601058,2026-07-15,13.33,14.39,7.95,7.95,1,32,趋势: 高于MA20 | 动量: 突破转强 (阳线上穿5/10)
601058,2026-08-07,13.61,14.39,5.73,5.73,1,15,趋势: 多头排列 (5>20>60) | 趋势: 高于MA20
000498,2026-07-13,4.91,4.92,0.2,6.31,1,24,动量: 突破转强 (阳线上穿5/10)
000498,2026-08-06,5.02,4.92,-1.99,0.0,0,6,"形态: 两连阴 (-2.30%, -0.78%) | 趋势: 高于MA20"
002667,2026-08-18,14.43,19.0,31.67,42.97,1,8,形态: 10日内有涨停 | 趋势: 高于MA20 | 动量: 突破转强 (阳线上穿5/10)
002667,2026-08-07,14.5,19.0,31.03,42.28,1,15,形态: 10日内有涨停 | 趋势: 高于MA20 | 动量: 突破转强 (阳线上穿5/10)
601528,2026-07-13,4.66,4.86,4.29,12.23,1,24,"量能: 放量 (1.56X) | 形态: 两连阴 (-1.08%, -0.22%) | 趋势: 高于MA20 | 动量: 突破转强 (阳线上穿5/10)"
601528,2026-08-06,4.98,4.86,-2.41,-1.2,0,6,"趋势: 多头排列 (5>20>60) | 形态: 两连阴 (-3.44%, -0.59%) | 趋势: 高于MA20"
002302,2026-07-15,4.48,4.73,5.58,13.62,1,22,趋势: 高于MA20 | 动量: 突破转强 (阳线上穿5/10)
002302,2026-08-06,5.08,4.73,-6.89,0.2,0,6,"量能: 放量 (2.07X) | 形态: 10日内有涨停 | 形态: 两连阴 (-0.21%, -1.28%) | 趋势: 高于MA20 | 动量: 突破转强 (阳线上穿5/10)"
603172,2026-08-18,17.92,19.5,8.82,8.82,1,8,趋势: 高于MA20 | 动量: 突破转强 (阳线上穿5/10)
000589,2026-07-13,4.25,4.31,1.41,3.76,1,24,"形态: 两连阴 (-0.70%, -0.70%)"
000589,2026-08-06,4.28,4.31,0.7,2.8,1,6,"形态: 两连阴 (-0.91%, -0.92%)"
600588,2026-07-15,9.31,11.65,25.13,28.79,1,22,"形态: 两连阴 (-3.21%, -1.71%)"
600588,2026-08-06,11.99,11.65,-2.84,-0.58,0,6,形态: 10日内有涨停 | 趋势: 高于MA20 | 动量: 突破转强 (阳线上穿5/10)
600416,2026-07-15,8.57,8.94,4.32,9.92,1,22,"形态: 两连阴 (-3.02%, -3.89%)"
600416,2026-08-06,9.18,8.94,-2.61,-0.33,0,6,"形态: 两连阴 (-0.64%, -0.11%) | 趋势: 高于MA20"
002585,2026-08-18,10.58,9.87,-6.71,-5.2,0,8,形态: 10日内有涨停 | 趋势: 高于MA20
002585,2026-07-15,9.24,9.87,6.82,22.29,1,32,形态: 10日内有涨停
002585,2026-08-07,9.37,9.87,5.34,20.6,1,15,形态: 10日内有涨停 | 趋势: 高于MA20 | 动量: 突破转强 (阳线上穿5/10)
002324,2026-08-06,9.31,9.29,-0.21,1.93,0,6,趋势: 高于MA20
603209,2026-07-13,13.41,13.43,0.15,3.88,1,24,趋势: 高于MA20
603209,2026-08-06,13.71,13.43,-2.04,1.6,0,6,趋势: 高于MA20 | 动量: 突破转强 (阳线上穿5/10)
603876,2026-08-18,22.8,23.57,3.38,3.55,1,8,趋势: 高于MA20
603876,2026-08-07,21.39,23.57,10.19,10.38,1,15,趋势: 高于MA20
002749,2026-08-06,8.62,8.63,0.12,5.68,1,6,"形态: 两连阴 (-1.69%, -0.57%) | 趋势: 高于MA20"
001210,2026-07-15,20.77,24.04,15.74,15.74,1,22,动量: 突破转强 (阳线上穿5/10)
001210,2026-08-06,21.78,24.04,10.38,10.38,1,6,量能: 放量 (2.51X) | 形态: 10日内有涨停 | 趋势: 高于MA20 | 动量: 突破转强 (阳线上穿5/10)
002184,2026-07-13,8.89,10.03,12.82,14.4,1,24,形态: 10日内有涨停
002184,2026-08-06,9.85,10.03,1.83,3.25,1,6,趋势: 高于MA20
002401,2026-08-06,12.57,12.29,-2.23,-0.95,0,6,趋势: 高于MA20
002177,2026-08-06,6.04,5.64,-6.62,-3.64,0,6,量能: 放量 (1.69X) | 趋势: 高于MA20 | 动量: 突破转强 (阳线上穿5/10)
600288,2026-07-13,16.64,13.22,-20.55,3.25,0,24,"形态: 10日内有涨停 | 形态: 两连阴 (-1.93%, -1.43%) | 趋势: 高于MA20 | 动量: 突破转强 (阳线上穿5/10)"
600288,2026-08-06,11.07,13.22,19.42,19.42,1,6,动量: 突破转强 (阳线上穿5/10)
603766,2026-07-13,12.1,13.09,8.18,23.31,1,24,"形态: 两连阴 (-4.80%, -3.66%)"
603766,2026-08-06,14.01,13.09,-6.57,-1.0,0,6,趋势: 多头排列 (5>20>60) | 量能: 放量 (1.69X) | 趋势: 高于MA20
002254,2026-08-06,12.35,12.75,3.24,3.56,1,6,趋势: 高于MA20 | 动量: 突破转强 (阳线上穿5/10)
605055,2026-07-15,10.13,9.61,-5.13,-1.97,0,22,形态: 10日内有涨停
605055,2026-08-06,9.28,9.61,3.56,6.57,1,6,趋势: 高于MA20 | 动量: 突破转强 (阳线上穿5/10)
000572,2026-08-18,3.89,3.94,1.29,1.29,1,8,趋势: 高于MA20
000572,2026-07-15,3.54,3.94,11.3,12.71,1,32,形态: 10日内有涨停
000593,2026-07-15,21.56,25.02,16.05,28.94,1,22,"形态: 10日内有涨停 | 形态: 两连阴 (-10.02%, -2.15%)"
000593,2026-08-06,22.72,25.02,10.12,22.36,1,6,量能: 放量 (2.69X) | 形态: 10日内有涨停 | 趋势: 高于MA20 | 动量: 突破转强 (阳线上穿5/10)
600601,2026-08-18,13.14,12.33,-6.16,-5.18,0,8,形态: 10日内有涨停 | 趋势: 高于MA20 | 动量: 突破转强 (阳线上穿5/10)
002105,2026-08-06,5.52,5.8,5.07,5.07,1,6,"形态: 两连阴 (-0.18%, -0.73%) | 趋势: 高于MA20 | 动量: 突破转强 (阳线上穿5/10)"
600203,2026-08-18,10.15,10.71,5.52,5.52,1,8,"形态: 两连阴 (-0.10%, -0.58%) | 趋势: 高于MA20"
600203,2026-07-15,10.84,10.71,-1.2,9.96,0,32,"形态: 两连阴 (-4.48%, -0.91%)"
000739,2026-08-18,22.39,21.33,-4.73,-1.34,0,8,"趋势: 多头排列 (5>20>60) | 形态: 10日内有涨停 | 形态: 两连阴 (-1.14%, -1.55%) | 趋势: 高于MA20"
000739,2026-07-15,20.47,21.33,4.2,14.36,1,32,趋势: 多头排列 (5>20>60) | 量能: 放量 (2.25X) | 趋势: 高于MA20 | 动量: 突破转强 (阳线上穿5/10)
603711,2026-08-18,11.83,12.15,2.7,2.7,1,8,形态: 10日内有涨停 | 趋势: 高于MA20
603711,2026-07-15,11.02,12.15,10.25,10.62,1,32,量能: 放量 (2.36X)
600966,2026-08-06,4.91,4.88,-0.61,4.48,0,6,趋势: 高于MA20
603856,2026-07-15,12.02,11.24,-6.49,-3.66,0,22,"形态: 两连阴 (-7.18%, -2.39%)"
600909,2026-07-13,8.86,8.28,-6.55,7.22,0,24,形态: 10日内有涨停
000829,2026-08-18,8.27,8.76,5.93,5.93,1,8,"形态: 两连阴 (-0.60%, -0.84%)"
000829,2026-07-15,8.29,8.76,5.67,10.01,1,32,趋势: 高于MA20 | 动量: 突破转强 (阳线上穿5/10)
603758,2026-07-13,9.14,13.82,51.2,67.94,1,24,形态: 10日内有涨停
603758,2026-08-06,9.53,13.82,45.02,61.07,1,6,"量能: 放量 (2.03X) | 形态: 两连阴 (-1.16%, -0.21%) | 趋势: 高于MA20 | 动量: 突破转强 (阳线上穿5/10)"
600854,2026-08-06,4.43,4.48,1.13,3.39,1,6,"形态: 两连阴 (-0.68%, -0.45%) | 趋势: 高于MA20 | 动量: 突破转强 (阳线上穿5/10)"
603777,2026-08-18,14.5,13.85,-4.48,-3.93,0,8,量能: 放量 (1.52X) | 趋势: 高于MA20
603187,2026-08-18,11.24,11.19,-0.44,-0.44,0,8,"形态: 两连阴 (-0.08%, -7.19%)"
603187,2026-07-15,12.5,11.19,-10.48,2.16,0,32,量能: 放量 (1.69X) | 趋势: 高于MA20 | 动量: 突破转强 (阳线上穿5/10)
601615,2026-08-06,11.48,11.65,1.48,5.57,1,6,趋势: 高于MA20
600859,2026-07-15,9.82,10.11,2.95,7.03,1,32,趋势: 高于MA20 | 动量: 突破转强 (阳线上穿5/10)
003025,2026-08-06,12.05,12.49,3.65,10.04,1,6,趋势: 高于MA20 | 动量: 突破转强 (阳线上穿5/10)
600531,2026-08-18,13.36,14.17,6.06,6.06,1,8,趋势: 高于MA20
601156,2026-08-06,17.37,17.71,1.96,5.41,1,6,趋势: 多头排列 (5>20>60) | 趋势: 高于MA20 | 动量: 突破转强 (阳线上穿5/10)
600571,2026-08-06,10.99,10.44,-5.0,-2.73,0,6,量能: 放量 (1.63X) | 趋势: 高于MA20 | 动量: 突破转强 (阳线上穿5/10)
000567,2026-08-18,6.15,7.01,13.98,13.98,1,8,趋势: 多头排列 (5>20>60) | 趋势: 高于MA20
000567,2026-07-15,6.17,7.01,13.61,13.61,1,32,量能: 放量 (2.38X) | 趋势: 高于MA20 | 动量: 突破转强 (阳线上穿5/10)
000811,2026-07-13,48.12,40.99,-14.82,8.06,0,24,趋势: 多头排列 (5>20>60) | 形态: 10日内有涨停
000811,2026-08-06,40.31,40.99,1.69,5.38,1,6,形态: 10日内有涨停 | 动量: 突破转强 (阳线上穿5/10)
603703,2026-08-06,9.23,9.75,5.63,5.63,1,6,趋势: 高于MA20 | 动量: 突破转强 (阳线上穿5/10)
605155,2026-08-06,14.25,14.76,3.58,3.58,1,6,趋势: 高于MA20 | 动量: 突破转强 (阳线上穿5/10)
000892,2026-07-13,3.98,4.0,0.5,6.78,1,24,量能: 放量 (1.58X) | 形态: 10日内有涨停 | 趋势: 高于MA20
000892,2026-08-06,4.04,4.0,-0.99,5.2,0,6,形态: 10日内有涨停 | 趋势: 高于MA20
600706,2026-07-15,7.02,7.71,9.83,12.96,1,22,趋势: 高于MA20 | 动量: 突破转强 (阳线上穿5/10)
600706,2026-08-06,7.58,7.71,1.72,4.62,1,6,趋势: 高于MA20
002125,2026-08-18,13.04,13.03,-0.08,1.99,0,8,趋势: 高于MA20
002949,2026-07-15,10.13,10.51,3.75,5.43,1,22,动量: 突破转强 (阳线上穿5/10)
002949,2026-08-06,10.42,10.51,0.86,2.5,1,6,趋势: 高于MA20 | 动量: 突破转强 (阳线上穿5/10)
603819,2026-07-15,12.9,14.2,10.08,12.4,1,22,形态: 10日内有涨停 | 趋势: 高于MA20
603819,2026-08-06,13.95,14.2,1.79,3.94,1,6,趋势: 高于MA20 | 动量: 突破转强 (阳线上穿5/10)
002111,2026-08-06,9.55,9.62,0.73,1.26,1,6,趋势: 高于MA20
002459,2026-08-06,7.65,7.56,-1.18,3.79,0,6,"形态: 两连阴 (-1.27%, -0.13%) | 趋势: 高于MA20"
603033,2026-07-15,8.27,7.57,-8.46,1.33,0,32,"形态: 两连阴 (-1.45%, -0.73%)"
603033,2026-08-07,7.89,7.57,-4.06,1.27,0,15,趋势: 高于MA20
002255,2026-08-06,8.59,8.43,-1.86,-0.12,0,6,趋势: 高于MA20
600618,2026-08-07,10.39,10.66,2.6,2.6,1,15,趋势: 高于MA20
603958,2026-08-06,14.74,15.25,3.46,3.46,1,6,趋势: 高于MA20 | 动量: 突破转强 (阳线上穿5/10)
002346,2026-07-15,20.16,22.33,10.76,10.76,1,22,趋势: 多头排列 (5>20>60) | 形态: 10日内有涨停
002346,2026-08-06,20.19,22.33,10.6,10.6,1,6,形态: 10日内有涨停 | 趋势: 高于MA20 | 动量: 突破转强 (阳线上穿5/10)
001217,2026-08-18,10.0,10.43,4.3,4.3,1,8,趋势: 多头排列 (5>20>60) | 趋势: 高于MA20 | 动量: 突破转强 (阳线上穿5/10)
002020,2026-08-18,13.86,13.06,-5.77,-0.07,0,8,"趋势: 多头排列 (5>20>60) | 形态: 两连阴 (-2.43%, -0.21%)"
002020,2026-07-15,15.31,13.06,-14.7,-2.87,0,32,形态: 10日内有涨停 | 趋势: 高于MA20 | 动量: 突破转强 (阳线上穿5/10)
002198,2026-07-13,3.35,3.44,2.69,2.99,1,24,趋势: 高于MA20
002198,2026-08-06,3.37,3.44,2.08,2.37,1,6,趋势: 高于MA20
603305,2026-08-06,11.88,11.67,-1.77,1.18,0,6,趋势: 高于MA20
600828,2026-08-18,4.02,4.09,1.74,1.74,1,8,趋势: 高于MA20 | 动量: 突破转强 (阳线上穿5/10)
600828,2026-07-15,3.65,4.09,12.05,12.05,1,32,趋势: 高于MA20 | 动量: 突破转强 (阳线上穿5/10)
000950,2026-08-18,5.82,5.58,-4.12,-0.86,0,8,趋势: 多头排列 (5>20>60) | 形态: 10日内有涨停 | 趋势: 高于MA20
000950,2026-07-15,5.59,5.58,-0.18,12.52,0,32,趋势: 高于MA20 | 动量: 突破转强 (阳线上穿5/10)
603278,2026-07-15,9.34,9.53,2.03,6.21,1,22,"形态: 10日内有涨停 | 形态: 两连阴 (-6.97%, -0.53%)"
603278,2026-08-06,9.49,9.53,0.42,4.53,1,6,趋势: 高于MA20 | 动量: 突破转强 (阳线上穿5/10)
002279,2026-07-13,5.86,7.27,24.06,24.06,1,24,量能: 放量 (1.72X) | 动量: 突破转强 (阳线上穿5/10)
002279,2026-08-06,6.98,7.27,4.15,4.15,1,6,形态: 10日内有涨停 | 趋势: 高于MA20
600773,2026-08-18,11.06,11.27,1.9,1.9,1,8,趋势: 高于MA20
600773,2026-07-15,11.12,11.27,1.35,2.34,1,32,"形态: 两连阴 (-6.07%, -1.13%)"
600773,2026-08-07,11.24,11.27,0.27,1.25,1,15,趋势: 高于MA20 | 动量: 突破转强 (阳线上穿5/10)
600530,2026-07-15,5.32,3.9,-26.69,1.32,0,31,形态: 10日内有涨停
600530,2026-08-07,3.87,3.9,0.78,0.78,1,15,"形态: 两连阴 (-5.57%, -7.08%)"
002098,2026-07-15,6.56,7.09,8.08,8.08,1,22,动量: 突破转强 (阳线上穿5/10)
002098,2026-08-06,6.77,7.09,4.73,4.73,1,6,"形态: 两连阴 (-0.74%, -1.04%) | 趋势: 高于MA20 | 动量: 突破转强 (阳线上穿5/10)"
002560,2026-07-15,5.99,6.4,6.84,9.68,1,22,量能: 放量 (1.61X)
002560,2026-08-06,6.46,6.4,-0.93,1.7,0,6,趋势: 高于MA20
600589,2026-07-13,7.84,8.37,6.76,6.89,1,24,"形态: 两连阴 (-1.89%, -1.47%)"
600589,2026-08-06,8.22,8.37,1.82,1.82,1,6,趋势: 高于MA20
600226,2026-08-06,5.85,6.31,7.86,7.86,1,6,动量: 突破转强 (阳线上穿5/10)
600596,2026-08-06,10.93,10.76,-1.56,2.1,0,6,趋势: 高于MA20 | 动量: 突破转强 (阳线上穿5/10)
000510,2026-08-18,17.01,17.73,4.23,4.23,1,8,形态: 10日内有涨停 | 趋势: 高于MA20
603871,2026-07-15,11.72,13.71,16.98,18.43,1,32,趋势: 高于MA20 | 动量: 突破转强 (阳线上穿5/10)
600330,2026-08-18,29.39,28.94,-1.53,-0.82,0,8,形态: 10日内有涨停 | 趋势: 高于MA20 | 动量: 突破转强 (阳线上穿5/10)
002204,2026-08-06,5.34,5.34,0.0,1.31,0,6,"形态: 两连阴 (-1.45%, -0.92%) | 趋势: 高于MA20"
002366,2026-08-06,6.4,6.03,-5.78,-1.09,0,6,形态: 10日内有涨停 | 趋势: 高于MA20
002045,2026-07-15,7.58,9.1,20.05,20.18,1,32,量能: 放量 (1.84X)
002045,2026-08-07,8.9,9.1,2.25,2.36,1,15,量能: 放量 (1.97X) | 形态: 10日内有涨停 | 趋势: 高于MA20 | 动量: 突破转强 (阳线上穿5/10)
002634,2026-08-18,4.4,4.25,-3.41,-1.14,0,8,趋势: 高于MA20 | 动量: 突破转强 (阳线上穿5/10)
000403,2026-08-18,10.68,10.59,-0.84,3.37,0,8,"形态: 两连阴 (-2.42%, -0.09%) | 趋势: 高于MA20"
000403,2026-07-15,9.77,10.59,8.39,14.33,1,32,趋势: 高于MA20 | 动量: 突破转强 (阳线上穿5/10)
000403,2026-08-07,10.6,10.59,-0.09,5.38,0,15,趋势: 高于MA20 | 动量: 突破转强 (阳线上穿5/10)
605077,2026-08-06,11.07,10.93,-1.26,1.54,0,6,"形态: 两连阴 (-1.07%, -0.90%) | 趋势: 高于MA20 | 动量: 突破转强 (阳线上穿5/10)"
603960,2026-08-06,16.21,16.3,0.56,1.54,1,6,趋势: 高于MA20 | 动量: 突破转强 (阳线上穿5/10)
002363,2026-07-15,6.22,6.46,3.86,5.63,1,22,动量: 突破转强 (阳线上穿5/10)
002363,2026-08-06,6.44,6.46,0.31,2.02,1,6,"形态: 两连阴 (-0.47%, -0.16%) | 趋势: 高于MA20 | 动量: 突破转强 (阳线上穿5/10)"
605208,2026-07-15,18.94,13.83,-26.98,-8.87,0,22,趋势: 多头排列 (5>20>60) | 趋势: 高于MA20
605208,2026-08-06,13.46,13.83,2.75,4.38,1,6,形态: 10日内有涨停 | 动量: 突破转强 (阳线上穿5/10)
600986,2026-08-06,8.04,7.87,-2.11,2.49,0,6,形态: 10日内有涨停 | 趋势: 高于MA20
002960,2026-08-06,8.19,8.2,0.12,2.32,1,6,趋势: 高于MA20
002131,2026-08-18,5.06,4.6,-9.09,-8.5,0,8,"形态: 两连阴 (-4.14%, -0.19%) | 趋势: 高于MA20"
002131,2026-07-15,4.19,4.6,9.79,35.32,1,32,"形态: 两连阴 (-8.24%, -2.84%)"
603903,2026-08-18,14.76,13.95,-5.49,-1.42,0,8,形态: 10日内有涨停 | 趋势: 高于MA20 | 动量: 突破转强 (阳线上穿5/10)
603903,2026-07-15,14.45,13.95,-3.46,2.15,0,32,趋势: 多头排列 (5>20>60) | 形态: 10日内有涨停 | 趋势: 高于MA20
002406,2026-08-06,6.83,6.78,-0.73,1.46,0,6,趋势: 高于MA20 | 动量: 突破转强 (阳线上穿5/10)
603017,2026-08-06,9.42,9.5,0.85,2.97,1,6,趋势: 高于MA20 | 动量: 突破转强 (阳线上穿5/10)
600846,2026-08-18,12.17,11.89,-2.3,-0.82,0,8,趋势: 多头排列 (5>20>60) | 趋势: 高于MA20
600846,2026-07-15,11.25,11.89,5.69,14.22,1,32,趋势: 高于MA20
600480,2026-07-13,8.36,8.56,2.39,7.66,1,24,形态: 10日内有涨停
600480,2026-08-06,8.68,8.56,-1.38,1.04,0,6,趋势: 高于MA20
000830,2026-08-06,12.85,11.92,-7.24,0.39,0,6,趋势: 高于MA20
603356,2026-07-13,15.34,16.67,8.67,8.93,1,24,"形态: 10日内有涨停 | 形态: 两连阴 (-2.36%, -1.57%)"
603356,2026-08-06,15.7,16.67,6.18,6.43,1,6,趋势: 高于MA20
603680,2026-08-06,10.59,10.17,-3.97,0.57,0,6,趋势: 高于MA20
601398,2026-08-18,7.67,7.86,2.48,3.26,1,8,动量: 突破转强 (阳线上穿5/10)
601398,2026-07-15,7.51,7.86,4.66,8.52,1,32,趋势: 高于MA20 | 动量: 突破转强 (阳线上穿5/10)
000755,2026-08-18,4.75,4.83,1.68,1.68,1,8,趋势: 高于MA20
000755,2026-07-15,4.67,4.83,3.43,3.64,1,32,趋势: 高于MA20
002675,2026-07-13,12.83,13.17,2.65,4.13,1,24,趋势: 高于MA20
002675,2026-08-06,12.85,13.17,2.49,3.81,1,6,"趋势: 多头排列 (5>20>60) | 形态: 两连阴 (-0.46%, -0.39%) | 趋势: 高于MA20"
605189,2026-07-15,15.64,16.14,3.2,9.34,1,22,量能: 放量 (1.65X) | 形态: 10日内有涨停 | 趋势: 高于MA20 | 动量: 突破转强 (阳线上穿5/10)
605189,2026-08-06,16.24,16.14,-0.62,5.3,0,6,趋势: 多头排列 (5>20>60) | 趋势: 高于MA20
600359,2026-08-18,6.93,7.51,8.37,8.37,1,8,量能: 放量 (3.15X) | 形态: 10日内有涨停 | 趋势: 高于MA20 | 动量: 突破转强 (阳线上穿5/10)
600359,2026-07-15,5.91,7.51,27.07,27.07,1,32,趋势: 高于MA20 | 动量: 突破转强 (阳线上穿5/10)
600359,2026-08-07,6.07,7.51,23.72,23.72,1,15,趋势: 高于MA20
600855,2026-07-15,11.8,12.68,7.46,10.42,1,22,"形态: 两连阴 (-9.99%, -4.10%)"
600855,2026-08-06,12.71,12.68,-0.24,2.52,0,6,趋势: 高于MA20 | 动量: 突破转强 (阳线上穿5/10)
002333,2026-08-06,5.47,5.57,1.83,2.56,1,6,趋势: 多头排列 (5>20>60) | 量能: 放量 (1.74X) | 趋势: 高于MA20 | 动量: 突破转强 (阳线上穿5/10)
002629,2026-08-18,4.86,4.89,0.62,1.44,1,8,趋势: 高于MA20 | 动量: 突破转强 (阳线上穿5/10)
002361,2026-07-15,10.62,11.92,12.24,17.61,1,22,"形态: 10日内有涨停 | 形态: 两连阴 (-9.98%, -5.67%)"
002361,2026-08-06,11.7,11.92,1.88,6.75,1,6,形态: 10日内有涨停 | 趋势: 高于MA20 | 动量: 突破转强 (阳线上穿5/10)
603158,2026-08-06,10.34,10.76,4.06,7.16,1,6,趋势: 高于MA20
600435,2026-07-15,10.09,10.8,7.04,7.83,1,22,"形态: 两连阴 (-9.13%, -2.61%)"
600435,2026-08-06,10.66,10.8,1.31,2.06,1,6,趋势: 高于MA20
600635,2026-08-06,4.82,4.62,-4.15,-1.45,0,6,趋势: 高于MA20
600776,2026-08-06,13.2,12.95,-1.89,-1.21,0,6,趋势: 高于MA20 | 动量: 突破转强 (阳线上穿5/10)
002278,2026-08-06,7.97,8.07,1.25,1.38,1,6,"形态: 两连阴 (-0.25%, -0.25%) | 趋势: 高于MA20"
600552,2026-08-18,19.58,17.88,-8.68,-7.61,0,8,量能: 放量 (1.51X) | 趋势: 高于MA20 | 动量: 突破转强 (阳线上穿5/10)
600965,2026-07-15,2.66,2.59,-2.63,1.5,0,22,趋势: 高于MA20
600965,2026-08-06,2.63,2.59,-1.52,1.14,0,6,趋势: 高于MA20
000050,2026-08-18,6.72,6.72,0.0,0.0,0,8,趋势: 高于MA20 | 动量: 突破转强 (阳线上穿5/10)
000050,2026-07-15,6.72,6.72,0.0,0.6,0,32,"形态: 两连阴 (-7.61%, -0.98%)"
600586,2026-07-15,4.03,4.15,2.98,6.2,1,22,"形态: 两连阴 (-3.73%, -0.73%)"
600586,2026-08-06,4.22,4.15,-1.66,1.18,0,6,"形态: 两连阴 (-0.70%, -0.47%) | 趋势: 高于MA20"
601882,2026-07-13,17.75,20.3,14.37,20.96,1,24,"形态: 10日内有涨停 | 形态: 两连阴 (-0.41%, -0.93%)"
601882,2026-08-06,19.48,20.3,4.21,10.22,1,6,趋势: 高于MA20 | 动量: 突破转强 (阳线上穿5/10)
600191,2026-08-18,10.91,11.07,1.47,6.6,1,8,趋势: 高于MA20 | 动量: 突破转强 (阳线上穿5/10)
600191,2026-07-15,8.69,11.07,27.39,33.83,1,32,"量能: 放量 (1.51X) | 形态: 两连阴 (-1.24%, -1.03%)"
002441,2026-08-06,7.96,7.97,0.13,1.26,1,6,"形态: 两连阴 (-0.50%, -0.25%) | 趋势: 高于MA20"
002037,2026-08-18,6.92,6.99,1.01,1.01,1,8,趋势: 多头排列 (5>20>60) | 形态: 10日内有涨停 | 趋势: 高于MA20
605008,2026-08-18,12.62,12.8,1.43,4.68,1,8,趋势: 多头排列 (5>20>60) | 趋势: 高于MA20 | 动量: 突破转强 (阳线上穿5/10)
605008,2026-07-15,12.15,12.8,5.35,8.72,1,32,"量能: 放量 (2.41X) | 形态: 两连阴 (-2.28%, -0.60%) | 趋势: 高于MA20 | 动量: 突破转强 (阳线上穿5/10)"
605008,2026-08-07,11.57,12.8,10.63,14.17,1,15,"形态: 两连阴 (-0.35%, -0.09%)"
002208,2026-08-18,11.72,10.81,-7.76,-7.0,0,8,趋势: 高于MA20 | 动量: 突破转强 (阳线上穿5/10)
002208,2026-07-15,16.91,10.81,-36.07,-9.99,0,32,趋势: 多头排列 (5>20>60) | 形态: 10日内有涨停
002208,2026-08-07,11.44,10.81,-5.51,2.45,0,15,动量: 突破转强 (阳线上穿5/10)
603730,2026-07-13,10.37,10.07,-2.89,10.03,0,24,"量能: 放量 (1.56X) | 形态: 10日内有涨停 | 形态: 两连阴 (-0.18%, -2.68%)"
603730,2026-08-06,10.65,10.07,-5.45,-2.91,0,6,趋势: 高于MA20 | 动量: 突破转强 (阳线上穿5/10)
600371,2026-08-18,8.14,11.54,41.77,41.77,1,8,趋势: 多头排列 (5>20>60) | 形态: 10日内有涨停 | 趋势: 高于MA20 | 动量: 突破转强 (阳线上穿5/10)
600371,2026-07-15,6.81,11.54,69.46,69.46,1,32,趋势: 高于MA20 | 动量: 突破转强 (阳线上穿5/10)
600371,2026-08-07,7.05,11.54,63.69,63.69,1,15,趋势: 高于MA20
603518,2026-08-18,8.17,8.08,-1.1,-0.24,0,8,趋势: 高于MA20
603518,2026-07-15,8.05,8.08,0.37,2.61,1,32,趋势: 高于MA20 | 动量: 突破转强 (阳线上穿5/10)
600768,2026-07-13,14.12,15.82,12.04,12.04,1,24,量能: 放量 (1.63X)
600768,2026-08-06,14.63,15.82,8.13,8.13,1,6,趋势: 高于MA20 | 动量: 突破转强 (阳线上穿5/10)
002348,2026-08-18,12.18,11.21,-7.96,-5.42,0,8,"形态: 10日内有涨停 | 形态: 两连阴 (-0.40%, -1.28%) | 趋势: 高于MA20"
601608,2026-07-15,5.07,4.83,-4.73,-2.37,0,22,形态: 10日内有涨停 | 趋势: 高于MA20
601608,2026-08-06,4.84,4.83,-0.21,2.27,0,6,趋势: 高于MA20
002107,2026-07-13,6.36,6.08,-4.4,9.28,0,18,趋势: 高于MA20 | 动量: 突破转强 (阳线上穿5/10)
603712,2026-07-15,11.38,12.01,5.54,9.14,1,22,"形态: 两连阴 (-7.88%, -4.66%)"
603712,2026-08-06,12.05,12.01,-0.33,3.07,0,6,趋势: 高于MA20
002009,2026-08-06,17.78,17.74,-0.22,1.63,0,6,趋势: 高于MA20
002342,2026-07-15,8.23,8.19,-0.49,2.19,0,22,"形态: 10日内有涨停 | 形态: 两连阴 (-10.03%, -10.04%)"
002342,2026-08-06,8.23,8.19,-0.49,2.19,0,6,趋势: 高于MA20 | 动量: 突破转强 (阳线上穿5/10)
600738,2026-08-18,4.11,4.2,2.19,2.19,1,8,趋势: 高于MA20 | 动量: 突破转强 (阳线上穿5/10)
600738,2026-07-15,3.89,4.2,7.97,7.97,1,32,趋势: 高于MA20 | 动量: 突破转强 (阳线上穿5/10)
600738,2026-08-07,3.91,4.2,7.42,7.42,1,15,趋势: 高于MA20
603602,2026-08-06,11.49,11.73,2.09,2.18,1,6,量能: 放量 (2.39X) | 趋势: 高于MA20 | 动量: 突破转强 (阳线上穿5/10)
600197,2026-08-06,10.38,10.46,0.77,2.12,1,6,"形态: 两连阴 (-1.60%, -0.19%) | 趋势: 高于MA20"
002969,2026-08-06,13.56,14.02,3.39,9.37,1,6,形态: 10日内有涨停 | 趋势: 高于MA20 | 动量: 突破转强 (阳线上穿5/10)
002698,2026-07-15,12.29,12.72,3.5,13.75,1,22,趋势: 高于MA20
002698,2026-08-06,12.92,12.72,-1.55,8.2,0,6,"形态: 两连阴 (-0.15%, -1.06%) | 趋势: 高于MA20"
000058,2026-08-06,6.81,6.73,-1.17,1.17,0,6,"形态: 两连阴 (-1.98%, -0.29%) | 趋势: 高于MA20"
000630,2026-08-18,6.68,6.76,1.2,1.2,1,8,趋势: 高于MA20
000630,2026-08-07,6.96,6.76,-2.87,-0.86,0,15,趋势: 高于MA20 | 动量: 突破转强 (阳线上穿5/10)
002582,2026-08-18,11.76,10.71,-8.93,-8.93,0,8,趋势: 多头排列 (5>20>60) | 形态: 10日内有涨停 | 趋势: 高于MA20 | 动量: 突破转强 (阳线上穿5/10)
002582,2026-07-15,9.76,10.71,9.73,20.49,1,32,量能: 放量 (2.10X) | 趋势: 高于MA20 | 动量: 突破转强 (阳线上穿5/10)
600749,2026-07-13,13.6,13.9,2.21,7.79,1,24,形态: 10日内有涨停
600749,2026-08-06,14.29,13.9,-2.73,2.38,0,6,趋势: 高于MA20 | 动量: 突破转强 (阳线上穿5/10)
002137,2026-07-15,8.77,7.96,-9.24,-7.07,0,22,"形态: 10日内有涨停 | 形态: 两连阴 (-9.98%, -9.98%)"
002805,2026-07-13,21.38,19.95,-6.69,-0.89,0,24,"形态: 10日内有涨停 | 形态: 两连阴 (-4.75%, -6.01%)"
002805,2026-08-06,18.58,19.95,7.37,7.64,1,6,趋势: 高于MA20 | 动量: 突破转强 (阳线上穿5/10)
601872,2026-08-06,17.88,17.05,-4.64,1.68,0,6,趋势: 高于MA20
600148,2026-08-06,15.15,15.28,0.86,2.31,1,6,"形态: 两连阴 (-0.20%, -0.33%) | 趋势: 高于MA20 | 动量: 突破转强 (阳线上穿5/10)"
600510,2026-08-06,6.89,6.67,-3.19,1.31,0,6,趋势: 高于MA20 | 动量: 突破转强 (阳线上穿5/10)
002203,2026-08-18,19.19,19.75,2.92,5.73,1,8,趋势: 高于MA20
603058,2026-08-06,10.07,9.77,-2.98,2.28,0,6,形态: 10日内有涨停 | 趋势: 高于MA20 | 动量: 突破转强 (阳线上穿5/10)
002973,2026-08-18,11.71,12.57,7.34,7.34,1,8,形态: 10日内有涨停 | 趋势: 高于MA20
002973,2026-07-15,10.33,12.57,21.68,21.68,1,32,动量: 突破转强 (阳线上穿5/10)
600703,2026-07-15,14.25,13.58,-4.7,1.05,0,22,"形态: 两连阴 (-7.14%, -4.83%)"
600703,2026-08-06,13.71,13.58,-0.95,5.03,0,6,趋势: 高于MA20 | 动量: 突破转强 (阳线上穿5/10)
002062,2026-08-06,7.95,8.17,2.77,2.77,1,6,趋势: 高于MA20
002258,2026-07-13,13.76,13.58,-1.31,17.59,0,24,趋势: 多头排列 (5>20>60) | 形态: 10日内有涨停 | 趋势: 高于MA20 | 动量: 突破转强 (阳线上穿5/10)
002258,2026-08-06,14.3,13.58,-5.03,1.26,0,6,趋势: 多头排列 (5>20>60) | 形态: 10日内有涨停 | 趋势: 高于MA20
002909,2026-08-18,5.23,5.47,4.59,4.59,1,8,趋势: 高于MA20
000030,2026-08-06,4.24,4.24,0.0,1.18,0,6,"形态: 两连阴 (-1.37%, -0.46%) | 趋势: 高于MA20"
603977,2026-08-18,12.06,11.72,-2.82,-2.49,0,8,趋势: 高于MA20
603977,2026-07-15,11.52,11.72,1.74,5.99,1,32,"形态: 两连阴 (-7.40%, -1.09%)"
600063,2026-08-18,5.98,5.93,-0.84,-0.84,0,8,趋势: 高于MA20
600063,2026-08-07,6.13,5.93,-3.26,-0.49,0,15,量能: 放量 (1.59X) | 趋势: 高于MA20 | 动量: 突破转强 (阳线上穿5/10)
605007,2026-07-15,15.69,15.38,-1.98,6.88,0,22,趋势: 高于MA20 | 动量: 突破转强 (阳线上穿5/10)
605007,2026-08-06,16.37,15.38,-6.05,2.44,0,6,趋势: 多头排列 (5>20>60) | 趋势: 高于MA20 | 动量: 突破转强 (阳线上穿5/10)
600028,2026-08-18,5.06,5.46,7.91,7.91,1,8,动量: 突破转强 (阳线上穿5/10)
600028,2026-07-15,5.03,5.46,8.55,8.55,1,32,趋势: 高于MA20
601919,2026-08-18,16.31,16.88,3.49,6.81,1,8,趋势: 多头排列 (5>20>60) | 趋势: 高于MA20 | 动量: 突破转强 (阳线上穿5/10)
601919,2026-07-15,14.66,16.88,15.14,18.83,1,32,趋势: 高于MA20 | 动量: 突破转强 (阳线上穿5/10)
603214,2026-08-18,13.93,13.87,-0.43,-0.29,0,8,趋势: 高于MA20 | 动量: 突破转强 (阳线上穿5/10)
603214,2026-07-15,12.83,13.87,8.11,8.57,1,32,趋势: 高于MA20 | 动量: 突破转强 (阳线上穿5/10)
603214,2026-08-07,13.4,13.87,3.51,3.96,1,15,趋势: 高于MA20
600444,2026-08-06,13.3,13.72,3.16,4.36,1,6,"形态: 两连阴 (-0.15%, -0.97%) | 趋势: 高于MA20 | 动量: 突破转强 (阳线上穿5/10)"
600128,2026-08-06,8.1,8.17,0.86,2.22,1,6,"形态: 两连阴 (-0.49%, -0.74%) | 趋势: 高于MA20 | 动量: 突破转强 (阳线上穿5/10)"
600721,2026-07-15,7.57,13.81,82.43,91.55,1,22,量能: 放量 (1.79X) | 形态: 10日内有涨停 | 趋势: 高于MA20 | 动量: 突破转强 (阳线上穿5/10)
600721,2026-08-06,9.58,13.81,44.15,51.36,1,6,趋势: 多头排列 (5>20>60) | 量能: 放量 (3.07X) | 形态: 10日内有涨停 | 趋势: 高于MA20 | 动量: 突破转强 (阳线上穿5/10)
603982,2026-08-06,5.9,6.03,2.2,4.75,1,6,趋势: 高于MA20 | 动量: 突破转强 (阳线上穿5/10)
002543,2026-08-06,6.61,6.99,5.75,10.89,1,6,"形态: 两连阴 (-0.44%, -1.77%) | 趋势: 高于MA20"
002307,2026-08-06,3.12,2.97,-4.81,-1.6,0,6,量能: 放量 (1.69X) | 趋势: 高于MA20 | 动量: 突破转强 (阳线上穿5/10)
002611,2026-07-15,15.02,15.46,2.93,10.45,1,22,"形态: 两连阴 (-5.08%, -7.43%)"
002611,2026-08-06,16.19,15.46,-4.51,0.49,0,6,趋势: 高于MA20
002724,2026-08-06,5.36,6.78,26.49,26.49,1,6,"形态: 两连阴 (-0.92%, -0.19%) | 趋势: 高于MA20"
002370,2026-07-15,5.55,6.03,8.65,9.37,1,22,趋势: 高于MA20 | 动量: 突破转强 (阳线上穿5/10)
002370,2026-08-06,5.13,6.03,17.54,18.32,1,6,趋势: 高于MA20 | 动量: 突破转强 (阳线上穿5/10)
603219,2026-08-06,14.69,14.51,-1.23,3.47,0,6,趋势: 高于MA20
000505,2026-08-18,6.79,7.34,8.1,10.31,1,8,趋势: 多头排列 (5>20>60) | 量能: 放量 (3.07X) | 形态: 10日内有涨停 | 趋势: 高于MA20 | 动量: 突破转强 (阳线上穿5/10)
000505,2026-07-15,5.5,7.34,33.45,36.18,1,32,趋势: 高于MA20 | 动量: 突破转强 (阳线上穿5/10)
603599,2026-08-06,10.42,9.94,-4.61,0.96,0,6,"形态: 两连阴 (-2.78%, -0.67%) | 趋势: 高于MA20"
603079,2026-08-06,11.48,13.41,16.81,16.81,1,6,趋势: 高于MA20 | 动量: 突破转强 (阳线上穿5/10)
001330,2026-08-18,4.92,5.1,3.66,3.86,1,8,"形态: 两连阴 (-2.09%, -1.55%)"
001330,2026-07-15,4.88,5.1,4.51,11.68,1,32,"形态: 两连阴 (-9.77%, -0.42%)"
002350,2026-07-13,15.07,14.94,-0.86,10.68,0,24,形态: 10日内有涨停 | 趋势: 高于MA20 | 动量: 突破转强 (阳线上穿5/10)
002350,2026-08-06,16.37,14.94,-8.74,1.89,0,6,趋势: 高于MA20 | 动量: 突破转强 (阳线上穿5/10)
002164,2026-08-18,11.95,10.81,-9.54,-6.69,0,8,"形态: 10日内有涨停 | 形态: 两连阴 (-2.46%, -2.28%) | 趋势: 高于MA20"
002272,2026-08-06,14.61,15.12,3.49,7.73,1,6,动量: 突破转强 (阳线上穿5/10)
000633,2026-07-15,4.99,5.19,4.01,7.21,1,22,趋势: 高于MA20 | 动量: 突破转强 (阳线上穿5/10)
000633,2026-08-06,5.2,5.19,-0.19,2.88,0,6,趋势: 高于MA20 | 动量: 突破转强 (阳线上穿5/10)
603015,2026-08-06,10.67,10.69,0.19,1.97,1,6,趋势: 高于MA20 | 动量: 突破转强 (阳线上穿5/10)
000789,2026-08-06,4.12,4.08,-0.97,1.46,0,6,"形态: 两连阴 (-0.97%, -0.73%) | 趋势: 高于MA20 | 动量: 突破转强 (阳线上穿5/10)"
605366,2026-08-06,8.47,8.31,-1.89,1.06,0,6,形态: 10日内有涨停 | 趋势: 高于MA20 | 动量: 突破转强 (阳线上穿5/10)
002083,2026-08-06,11.68,11.79,0.94,3.77,1,6,形态: 10日内有涨停 | 趋势: 高于MA20
002799,2026-07-15,6.27,6.79,8.29,10.53,1,22,趋势: 高于MA20 | 动量: 突破转强 (阳线上穿5/10)
002799,2026-08-06,6.6,6.79,2.88,5.0,1,6,趋势: 高于MA20 | 动量: 突破转强 (阳线上穿5/10)
000850,2026-07-15,3.94,4.08,3.55,4.82,1,22,趋势: 高于MA20 | 动量: 突破转强 (阳线上穿5/10)
000850,2026-08-06,4.1,4.08,-0.49,0.73,0,6,趋势: 多头排列 (5>20>60) | 趋势: 高于MA20 | 动量: 突破转强 (阳线上穿5/10)
002094,2026-08-06,4.8,4.69,-2.29,0.83,0,6,"形态: 两连阴 (-0.21%, -0.42%) | 趋势: 高于MA20 | 动量: 突破转强 (阳线上穿5/10)"
002297,2026-07-15,21.43,18.96,-11.53,-6.49,0,22,"形态: 两连阴 (-9.99%, -1.48%)"
002297,2026-08-06,18.72,18.96,1.28,2.56,1,6,趋势: 高于MA20 | 动量: 突破转强 (阳线上穿5/10)
601118,2026-08-18,5.69,6.67,17.22,17.22,1,8,量能: 放量 (2.09X) | 趋势: 高于MA20 | 动量: 突破转强 (阳线上穿5/10)
601118,2026-07-15,4.95,6.67,34.75,34.75,1,32,动量: 突破转强 (阳线上穿5/10)
000753,2026-08-18,4.82,4.94,2.49,2.49,1,8,量能: 放量 (1.57X) | 趋势: 高于MA20 | 动量: 突破转强 (阳线上穿5/10)
000753,2026-07-15,4.47,4.94,10.51,10.51,1,32,动量: 突破转强 (阳线上穿5/10)
002907,2026-07-15,15.11,15.26,0.99,0.99,1,22,趋势: 多头排列 (5>20>60) | 形态: 10日内有涨停 | 趋势: 高于MA20 | 动量: 突破转强 (阳线上穿5/10)
603032,2026-08-18,19.51,19.65,0.72,3.64,1,8,趋势: 高于MA20
603177,2026-08-18,10.76,11.02,2.42,2.42,1,8,量能: 放量 (1.56X) | 形态: 10日内有涨停 | 趋势: 高于MA20 | 动量: 突破转强 (阳线上穿5/10)
002707,2026-08-06,5.14,5.12,-0.39,2.92,0,6,"形态: 两连阴 (-0.76%, -0.58%) | 趋势: 高于MA20"
603890,2026-08-06,18.76,22.09,17.75,17.75,1,6,动量: 突破转强 (阳线上穿5/10)
002283,2026-07-13,8.52,9.08,6.57,9.27,1,24,形态: 10日内有涨停
002283,2026-08-06,8.92,9.08,1.79,4.37,1,6,趋势: 高于MA20
002026,2026-08-06,10.36,10.49,1.25,3.57,1,6,"形态: 两连阴 (-0.19%, -0.68%) | 趋势: 高于MA20 | 动量: 突破转强 (阳线上穿5/10)"
603028,2026-08-06,6.68,6.92,3.59,5.84,1,6,趋势: 高于MA20 | 动量: 突破转强 (阳线上穿5/10)
000695,2026-08-06,12.75,14.31,12.24,12.86,1,6,趋势: 高于MA20
002123,2026-08-18,8.17,8.08,-1.1,-0.73,0,8,趋势: 多头排列 (5>20>60)
002123,2026-07-15,8.53,8.08,-5.28,2.7,0,32,趋势: 高于MA20
002358,2026-08-07,5.59,5.51,-1.43,2.86,0,15,"形态: 两连阴 (-0.52%, -1.75%) | 趋势: 高于MA20"
603035,2026-08-06,11.02,11.01,-0.09,2.18,0,6,"形态: 两连阴 (-1.94%, -0.27%) | 趋势: 高于MA20"
600714,2026-08-18,16.44,19.12,16.3,16.3,1,8,趋势: 高于MA20 | 动量: 突破转强 (阳线上穿5/10)
600560,2026-08-06,11.07,11.11,0.36,2.35,1,6,趋势: 高于MA20 | 动量: 突破转强 (阳线上穿5/10)
002892,2026-07-15,9.09,9.44,3.85,8.8,1,22,"形态: 两连阴 (-1.52%, -0.33%)"
002892,2026-08-06,9.67,9.44,-2.38,0.31,0,6,趋势: 高于MA20
601001,2026-08-18,17.39,18.39,5.75,7.94,1,8,趋势: 高于MA20 | 动量: 突破转强 (阳线上穿5/10)
601001,2026-07-15,18.13,18.39,1.43,6.34,1,32,趋势: 高于MA20 | 动量: 突破转强 (阳线上穿5/10)
002033,2026-08-18,8.97,9.18,2.34,2.34,1,8,趋势: 多头排列 (5>20>60) | 趋势: 高于MA20
002033,2026-07-15,8.4,9.18,9.29,9.29,1,32,趋势: 高于MA20 | 动量: 突破转强 (阳线上穿5/10)
002033,2026-08-07,8.66,9.18,6.0,6.0,1,15,趋势: 高于MA20
002196,2026-08-06,11.16,11.15,-0.09,1.61,0,6,趋势: 高于MA20
603095,2026-08-06,13.1,14.94,14.05,14.05,1,6,趋势: 高于MA20 | 动量: 突破转强 (阳线上穿5/10)
002757,2026-07-13,16.88,18.01,6.69,6.69,1,24,形态: 10日内有涨停
002757,2026-08-06,17.26,18.01,4.35,4.35,1,6,趋势: 高于MA20
603385,2026-08-06,5.24,5.39,2.86,4.2,1,6,趋势: 高于MA20 | 动量: 突破转强 (阳线上穿5/10)
002248,2026-08-06,9.12,11.78,29.17,33.44,1,6,趋势: 高于MA20 | 动量: 突破转强 (阳线上穿5/10)
000862,2026-07-15,4.79,5.29,10.44,27.77,1,32,动量: 突破转强 (阳线上穿5/10)
002228,2026-07-15,3.13,3.07,-1.92,1.28,0,22,趋势: 高于MA20 | 动量: 突破转强 (阳线上穿5/10)
002228,2026-08-06,3.12,3.07,-1.6,1.6,0,6,"形态: 两连阴 (-0.63%, -0.64%) | 趋势: 高于MA20"
600100,2026-08-06,7.15,6.92,-3.22,-0.7,0,6,趋势: 高于MA20
002511,2026-07-15,7.25,7.03,-3.03,3.45,0,22,量能: 放量 (1.70X) | 趋势: 高于MA20 | 动量: 突破转强 (阳线上穿5/10)
002511,2026-08-06,7.24,7.03,-2.9,1.38,0,6,"趋势: 多头排列 (5>20>60) | 形态: 两连阴 (-1.34%, -0.41%) | 趋势: 高于MA20"
002169,2026-08-18,13.05,12.19,-6.59,-2.3,0,8,趋势: 高于MA20
002639,2026-08-06,12.64,12.16,-3.8,-0.24,0,6,趋势: 高于MA20
600857,2026-08-18,21.09,20.02,-5.07,-1.19,0,8,趋势: 多头排列 (5>20>60) | 形态: 10日内有涨停 | 趋势: 高于MA20 | 动量: 突破转强 (阳线上穿5/10)
600857,2026-07-15,21.03,20.02,-4.8,0.95,0,32,"趋势: 多头排列 (5>20>60) | 形态: 10日内有涨停 | 形态: 两连阴 (-1.93%, -3.43%) | 趋势: 高于MA20 | 动量: 突破转强 (阳线上穿5/10)"
002918,2026-08-06,9.76,9.97,2.15,3.79,1,6,形态: 10日内有涨停 | 趋势: 高于MA20 | 动量: 突破转强 (阳线上穿5/10)
603339,2026-07-13,15.98,13.74,-14.02,-10.01,0,24,趋势: 多头排列 (5>20>60) | 形态: 10日内有涨停 | 趋势: 高于MA20
603339,2026-08-06,13.94,13.74,-1.43,2.51,0,6,趋势: 高于MA20 | 动量: 突破转强 (阳线上穿5/10)
002016,2026-08-18,4.49,4.75,5.79,5.79,1,8,趋势: 高于MA20
002016,2026-07-15,4.23,4.75,12.29,12.29,1,32,趋势: 高于MA20 | 动量: 突破转强 (阳线上穿5/10)
002016,2026-08-07,4.41,4.75,7.71,7.71,1,15,趋势: 高于MA20
601116,2026-08-18,11.77,11.06,-6.03,-6.03,0,8,量能: 放量 (1.82X) | 形态: 10日内有涨停 | 趋势: 高于MA20 | 动量: 突破转强 (阳线上穿5/10)
601116,2026-07-15,9.94,11.06,11.27,18.41,1,32,动量: 突破转强 (阳线上穿5/10)
605228,2026-07-13,13.88,11.13,-19.81,3.24,0,24,趋势: 高于MA20
605050,2026-07-15,10.26,10.66,3.9,6.63,1,22,量能: 放量 (2.21X) | 趋势: 高于MA20 | 动量: 突破转强 (阳线上穿5/10)
605050,2026-08-06,10.61,10.66,0.47,3.11,1,6,趋势: 高于MA20
603277,2026-08-06,10.7,11.34,5.98,16.73,1,6,"形态: 两连阴 (-1.01%, -0.46%) | 趋势: 高于MA20"
603878,2026-08-18,5.08,5.15,1.38,1.38,1,8,趋势: 高于MA20
000955,2026-08-18,4.3,4.29,-0.23,-0.23,0,8,趋势: 高于MA20
000955,2026-07-15,4.21,4.29,1.9,4.04,1,32,形态: 10日内有涨停
002478,2026-08-06,6.32,6.24,-1.27,1.58,0,6,趋势: 高于MA20
600769,2026-07-13,16.47,14.75,-10.44,3.52,0,18,形态: 10日内有涨停
600590,2026-08-06,8.55,8.6,0.58,3.04,1,6,趋势: 高于MA20
600468,2026-08-06,6.45,6.14,-4.81,2.79,0,6,形态: 10日内有涨停 | 趋势: 高于MA20
000803,2026-08-06,7.17,7.08,-1.26,1.81,0,6,趋势: 高于MA20 | 动量: 突破转强 (阳线上穿5/10)
002636,2026-08-18,68.71,73.18,6.51,6.51,1,8,形态: 10日内有涨停 | 趋势: 高于MA20
002636,2026-07-15,94.79,73.18,-22.8,-5.53,0,32,形态: 10日内有涨停
000407,2026-08-18,4.14,4.22,1.93,2.17,1,8,趋势: 多头排列 (5>20>60) | 趋势: 高于MA20 | 动量: 突破转强 (阳线上穿5/10)
000407,2026-07-15,3.89,4.22,8.48,8.74,1,32,趋势: 高于MA20 | 动量: 突破转强 (阳线上穿5/10)
600419,2026-08-18,9.09,8.92,-1.87,-1.87,0,8,趋势: 多头排列 (5>20>60) | 趋势: 高于MA20 | 动量: 突破转强 (阳线上穿5/10)
600419,2026-07-15,7.91,8.92,12.77,14.92,1,32,趋势: 高于MA20 | 动量: 突破转强 (阳线上穿5/10)
002725,2026-08-18,11.56,11.48,-0.69,-0.69,0,8,趋势: 高于MA20
000922,2026-08-06,11.59,11.72,1.12,4.06,1,6,趋势: 高于MA20
603707,2026-08-18,7.96,7.81,-1.88,7.16,0,8,"趋势: 多头排列 (5>20>60) | 形态: 两连阴 (-1.58%, -0.62%)"
603707,2026-07-15,7.99,7.81,-2.25,6.76,0,32,趋势: 高于MA20 | 动量: 突破转强 (阳线上穿5/10)
603707,2026-08-07,8.1,7.81,-3.58,5.31,0,15,"趋势: 多头排列 (5>20>60) | 形态: 两连阴 (-1.35%, -1.12%) | 趋势: 高于MA20 | 动量: 突破转强 (阳线上穿5/10)"
600733,2026-08-18,5.16,5.14,-0.39,0.97,0,8,"形态: 两连阴 (-1.85%, -0.38%)"
601212,2026-08-18,5.6,7.63,36.25,36.25,1,8,趋势: 高于MA20
000932,2026-07-15,3.64,3.77,3.57,9.34,1,32,趋势: 高于MA20 | 动量: 突破转强 (阳线上穿5/10)
000932,2026-08-07,3.73,3.77,1.07,1.07,1,15,"形态: 两连阴 (-1.03%, -2.34%)"
000566,2026-07-15,5.15,5.04,-2.14,19.03,0,32,"形态: 10日内有涨停 | 形态: 两连阴 (-3.43%, -2.09%) | 趋势: 高于MA20"
600151,2026-07-15,9.2,10.79,17.28,20.98,1,22,"形态: 两连阴 (-10.03%, -6.71%)"
600151,2026-08-06,11.0,10.79,-1.91,1.18,0,6,量能: 放量 (1.70X) | 趋势: 高于MA20 | 动量: 突破转强 (阳线上穿5/10)
600490,2026-08-18,7.14,8.15,14.15,14.15,1,8,趋势: 多头排列 (5>20>60) | 形态: 10日内有涨停 | 趋势: 高于MA20
600490,2026-07-15,5.88,8.15,38.61,38.61,1,32,形态: 10日内有涨停
600522,2026-08-18,35.29,35.04,-0.71,2.24,0,8,趋势: 高于MA20
603231,2026-08-06,15.28,6.82,-55.37,-55.37,0,6,趋势: 高于MA20 | 动量: 突破转强 (阳线上穿5/10)
600897,2026-08-18,14.79,14.87,0.54,0.54,1,8,趋势: 高于MA20 | 动量: 突破转强 (阳线上穿5/10)
600897,2026-07-15,14.85,14.87,0.13,1.21,1,32,趋势: 高于MA20 | 动量: 突破转强 (阳线上穿5/10)
600084,2026-07-15,4.45,4.32,-2.92,0.67,0,32,趋势: 高于MA20 | 动量: 突破转强 (阳线上穿5/10)
600084,2026-08-07,4.23,4.32,2.13,2.13,1,15,趋势: 高于MA20
002171,2026-08-06,9.86,9.83,-0.3,1.83,0,6,趋势: 高于MA20
600218,2026-07-15,7.35,7.58,3.13,4.76,1,22,动量: 突破转强 (阳线上穿5/10)
600218,2026-08-06,7.55,7.58,0.4,1.99,1,6,"形态: 两连阴 (-0.91%, -0.26%) | 趋势: 高于MA20"
603311,2026-08-18,31.12,27.51,-11.6,-6.81,0,8,趋势: 高于MA20
603311,2026-07-15,28.29,27.51,-2.76,10.07,0,32,"形态: 两连阴 (-7.91%, -0.11%)"
603221,2026-08-18,30.0,29.1,-3.0,-3.0,0,8,趋势: 多头排列 (5>20>60) | 形态: 10日内有涨停 | 趋势: 高于MA20 | 动量: 突破转强 (阳线上穿5/10)
603221,2026-07-15,11.41,29.1,155.04,162.93,1,24,"形态: 10日内有涨停 | 形态: 两连阴 (-2.32%, -0.42%) | 趋势: 高于MA20"
600869,2026-07-13,20.43,16.48,-19.33,4.99,0,24,"形态: 两连阴 (-0.04%, -3.07%)"
600869,2026-08-06,15.6,16.48,5.64,5.64,1,6,动量: 突破转强 (阳线上穿5/10)
000703,2026-07-15,14.48,16.78,15.88,25.55,1,22,形态: 10日内有涨停 | 趋势: 高于MA20
000703,2026-08-06,17.2,16.78,-2.44,5.7,0,6,趋势: 多头排列 (5>20>60) | 趋势: 高于MA20 | 动量: 突破转强 (阳线上穿5/10)
603817,2026-08-18,5.71,5.81,1.75,1.75,1,8,趋势: 高于MA20
603817,2026-07-15,5.61,5.81,3.57,3.57,1,32,趋势: 高于MA20 | 动量: 突破转强 (阳线上穿5/10)
002825,2026-08-06,8.5,9.3,9.41,10.71,1,6,趋势: 高于MA20 | 动量: 突破转强 (阳线上穿5/10)
000338,2026-08-18,30.51,27.64,-9.41,-4.42,0,8,趋势: 高于MA20
000546,2026-08-18,4.74,4.86,2.53,2.53,1,8,趋势: 高于MA20
002357,2026-08-06,8.97,10.43,16.28,16.28,1,6,趋势: 高于MA20 | 动量: 突破转强 (阳线上穿5/10)
002492,2026-07-15,5.34,5.58,4.49,5.99,1,22,动量: 突破转强 (阳线上穿5/10)
002492,2026-08-06,5.62,5.58,-0.71,0.71,0,6,趋势: 高于MA20 | 动量: 突破转强 (阳线上穿5/10)
600338,2026-08-18,13.54,14.38,6.2,6.2,1,8,趋势: 高于MA20
002548,2026-08-18,4.27,4.34,1.64,1.64,1,8,趋势: 高于MA20 | 动量: 突破转强 (阳线上穿5/10)
002548,2026-07-15,4.19,4.34,3.58,3.58,1,32,"量能: 放量 (1.56X) | 形态: 10日内有涨停 | 形态: 两连阴 (-3.34%, -1.23%) | 趋势: 高于MA20 | 动量: 突破转强 (阳线上穿5/10)"
601969,2026-08-18,9.5,9.79,3.05,3.05,1,8,趋势: 多头排列 (5>20>60) | 趋势: 高于MA20 | 动量: 突破转强 (阳线上穿5/10)
601969,2026-07-15,8.47,9.79,15.58,15.58,1,32,形态: 10日内有涨停 | 趋势: 高于MA20
000796,2026-08-18,3.85,4.32,12.21,12.21,1,8,趋势: 高于MA20
002879,2026-08-18,16.99,16.45,-3.18,-3.18,0,8,"形态: 两连阴 (-0.97%, -0.29%)"
600817,2026-07-13,9.08,9.31,2.53,4.52,1,24,趋势: 高于MA20
600817,2026-08-06,9.26,9.31,0.54,1.94,1,6,趋势: 高于MA20
000949,2026-08-06,6.48,6.3,-2.78,2.62,0,6,趋势: 高于MA20 | 动量: 突破转强 (阳线上穿5/10)
002820,2026-08-18,12.27,10.17,-17.11,-10.02,0,8,趋势: 多头排列 (5>20>60) | 形态: 10日内有涨停 | 趋势: 高于MA20 | 动量: 突破转强 (阳线上穿5/10)
002820,2026-07-15,8.76,10.17,16.1,40.07,1,32,趋势: 高于MA20 | 动量: 突破转强 (阳线上穿5/10)
000598,2026-07-15,6.9,7.2,4.35,7.68,1,32,趋势: 高于MA20 | 动量: 突破转强 (阳线上穿5/10)
000598,2026-08-07,7.12,7.2,1.12,1.26,1,15,趋势: 多头排列 (5>20>60)
603045,2026-08-06,54.2,53.59,-1.13,3.89,0,6,量能: 放量 (1.54X) | 形态: 10日内有涨停 | 动量: 突破转强 (阳线上穿5/10)
601008,2026-07-15,4.27,4.28,0.23,4.68,1,22,趋势: 高于MA20 | 动量: 突破转强 (阳线上穿5/10)
601008,2026-08-06,4.34,4.28,-1.38,0.69,0,6,趋势: 高于MA20
605001,2026-08-06,5.47,5.61,2.56,3.84,1,6,"形态: 两连阴 (-0.18%, -0.55%) | 趋势: 高于MA20 | 动量: 突破转强 (阳线上穿5/10)"
605299,2026-08-18,12.94,13.02,0.62,0.62,1,8,趋势: 高于MA20 | 动量: 突破转强 (阳线上穿5/10)
605151,2026-08-06,17.99,18.8,4.5,4.5,1,6,趋势: 高于MA20 | 动量: 突破转强 (阳线上穿5/10)
002264,2026-07-15,6.15,6.59,7.15,9.59,1,22,量能: 放量 (1.52X) | 趋势: 高于MA20 | 动量: 突破转强 (阳线上穿5/10)
002264,2026-08-06,6.63,6.59,-0.6,1.66,0,6,趋势: 高于MA20
002403,2026-07-15,9.25,9.66,4.43,6.81,1,22,形态: 10日内有涨停
002403,2026-08-06,9.57,9.66,0.94,3.24,1,6,趋势: 高于MA20 | 动量: 突破转强 (阳线上穿5/10)
603178,2026-07-15,14.31,17.34,21.17,24.74,1,22,"形态: 10日内有涨停 | 形态: 两连阴 (-10.01%, -1.32%)"
603178,2026-08-06,16.95,17.34,2.3,5.31,1,6,形态: 10日内有涨停 | 趋势: 高于MA20
603588,2026-07-13,13.33,13.67,2.55,10.2,1,24,"形态: 两连阴 (-0.31%, -6.56%)"
603588,2026-08-06,14.02,13.67,-2.5,4.78,0,6,趋势: 高于MA20
603901,2026-07-13,9.46,9.67,2.22,4.76,1,24,"形态: 两连阴 (-0.78%, -0.88%)"
603901,2026-08-06,9.69,9.67,-0.21,1.96,0,6,趋势: 高于MA20 | 动量: 突破转强 (阳线上穿5/10)
002245,2026-07-15,20.54,18.86,-8.18,-8.18,0,22,形态: 10日内有涨停 | 趋势: 高于MA20
002245,2026-08-06,16.99,18.86,11.01,11.01,1,6,动量: 突破转强 (阳线上穿5/10)
605136,2026-08-18,8.13,8.35,2.71,2.71,1,8,趋势: 多头排列 (5>20>60) | 趋势: 高于MA20
605136,2026-07-15,7.52,8.35,11.04,13.83,1,32,趋势: 高于MA20 | 动量: 突破转强 (阳线上穿5/10)
605136,2026-08-07,8.23,8.35,1.46,4.01,1,15,形态: 10日内有涨停 | 趋势: 高于MA20
603967,2026-07-15,11.43,11.41,-0.17,2.1,0,22,趋势: 高于MA20
603967,2026-08-06,11.4,11.41,0.09,2.28,1,6,趋势: 高于MA20
601319,2026-07-13,7.07,6.86,-2.97,7.36,0,24,趋势: 高于MA20
002842,2026-08-18,40.82,40.13,-1.69,-1.69,0,8,形态: 10日内有涨停 | 趋势: 高于MA20 | 动量: 突破转强 (阳线上穿5/10)
002842,2026-07-15,35.96,40.13,11.6,17.41,1,32,形态: 10日内有涨停
603327,2026-07-15,7.79,9.65,23.88,23.88,1,32,形态: 10日内有涨停
603327,2026-08-07,8.99,9.65,7.34,7.34,1,15,趋势: 高于MA20
002716,2026-08-18,9.43,11.65,23.54,23.54,1,8,趋势: 高于MA20
002038,2026-08-18,6.06,6.28,3.63,16.83,1,8,趋势: 高于MA20
002038,2026-07-15,6.69,6.28,-6.13,5.83,0,32,形态: 10日内有涨停 | 趋势: 高于MA20
000425,2026-08-18,8.04,7.95,-1.12,0.87,0,8,"形态: 两连阴 (-0.87%, -0.38%)"
000425,2026-07-15,8.39,7.95,-5.24,9.54,0,32,量能: 放量 (1.60X)
603165,2026-07-15,13.89,13.56,-2.38,1.22,0,22,形态: 10日内有涨停 | 趋势: 高于MA20 | 动量: 突破转强 (阳线上穿5/10)
603165,2026-08-06,13.8,13.56,-1.74,1.81,0,6,趋势: 高于MA20
600222,2026-08-06,7.63,8.14,6.68,6.68,1,6,趋势: 高于MA20 | 动量: 突破转强 (阳线上穿5/10)
002491,2026-08-18,19.47,22.23,14.18,21.42,1,8,形态: 10日内有涨停 | 趋势: 高于MA20
000612,2026-08-18,11.23,11.46,2.05,2.05,1,8,趋势: 多头排列 (5>20>60) | 趋势: 高于MA20
000612,2026-07-15,10.84,11.46,5.72,7.75,1,32,趋势: 高于MA20
600901,2026-07-13,6.08,6.5,6.91,8.06,1,24,"形态: 两连阴 (-0.16%, -2.45%) | 动量: 突破转强 (阳线上穿5/10)"
600901,2026-08-06,6.4,6.5,1.56,2.34,1,6,趋势: 多头排列 (5>20>60)
600711,2026-08-18,11.94,12.0,0.5,1.34,1,8,趋势: 高于MA20
600724,2026-07-13,5.21,5.03,-3.45,1.54,0,24,形态: 10日内有涨停
600724,2026-08-06,5.11,5.03,-1.57,2.35,0,6,趋势: 高于MA20 | 动量: 突破转强 (阳线上穿5/10)
600830,2026-08-06,8.1,8.05,-0.62,1.36,0,6,趋势: 高于MA20 | 动量: 突破转强 (阳线上穿5/10)
600429,2026-08-18,4.73,4.75,0.42,0.42,1,8,趋势: 多头排列 (5>20>60) | 趋势: 高于MA20 | 动量: 突破转强 (阳线上穿5/10)
600429,2026-07-15,4.33,4.75,9.7,9.7,1,32,趋势: 高于MA20 | 动量: 突破转强 (阳线上穿5/10)
600007,2026-07-13,19.69,18.44,-6.35,2.74,0,24,趋势: 高于MA20 | 动量: 突破转强 (阳线上穿5/10)
600007,2026-08-06,18.41,18.44,0.16,0.92,1,6,"形态: 两连阴 (-2.05%, -0.75%)"
600493,2026-07-15,5.91,6.0,1.52,4.06,1,22,趋势: 高于MA20 | 动量: 突破转强 (阳线上穿5/10)
600493,2026-08-06,5.92,6.0,1.35,3.89,1,6,趋势: 高于MA20 | 动量: 突破转强 (阳线上穿5/10)
000729,2026-08-18,12.47,11.55,-7.38,-1.68,0,8,"形态: 两连阴 (-0.55%, -2.29%)"
000729,2026-07-15,11.66,11.55,-0.94,11.75,0,32,趋势: 高于MA20 | 动量: 突破转强 (阳线上穿5/10)
000729,2026-08-07,12.65,11.55,-8.7,1.58,0,15,趋势: 多头排列 (5>20>60) | 趋势: 高于MA20
603687,2026-08-06,14.44,14.23,-1.45,2.01,0,6,趋势: 高于MA20 | 动量: 突破转强 (阳线上穿5/10)
600235,2026-07-15,5.29,5.63,6.43,8.13,1,22,趋势: 高于MA20 | 动量: 突破转强 (阳线上穿5/10)
600235,2026-08-06,5.48,5.63,2.74,4.38,1,6,"形态: 两连阴 (-0.36%, -1.45%) | 趋势: 高于MA20 | 动量: 突破转强 (阳线上穿5/10)"
603225,2026-08-06,19.69,18.79,-4.57,1.22,0,6,趋势: 高于MA20 | 动量: 突破转强 (阳线上穿5/10)
600960,2026-08-06,4.0,3.99,-0.25,1.0,0,6,"形态: 两连阴 (-0.50%, -0.25%) | 趋势: 高于MA20 | 动量: 突破转强 (阳线上穿5/10)"
002598,2026-07-15,6.73,6.68,-0.74,1.93,0,22,"形态: 两连阴 (-1.03%, -1.34%) | 趋势: 高于MA20"
002598,2026-08-06,6.66,6.68,0.3,3.0,1,6,趋势: 高于MA20 | 动量: 突破转强 (阳线上穿5/10)
000825,2026-08-06,3.57,3.41,-4.48,-0.28,0,6,"形态: 两连阴 (-1.09%, -0.27%) | 趋势: 高于MA20"
000561,2026-07-15,6.91,7.64,10.56,13.17,1,22,"形态: 两连阴 (-8.44%, -1.01%)"
000561,2026-08-06,7.62,7.64,0.26,2.62,1,6,趋势: 高于MA20
603997,2026-07-13,11.85,12.34,4.14,11.56,1,24,量能: 放量 (1.67X) | 动量: 突破转强 (阳线上穿5/10)
603997,2026-08-06,12.83,12.34,-3.82,-0.16,0,6,趋势: 高于MA20
002691,2026-08-06,4.25,4.28,0.71,3.53,1,6,趋势: 高于MA20 | 动量: 突破转强 (阳线上穿5/10)
000913,2026-08-06,11.71,11.28,-3.67,-1.11,0,6,趋势: 高于MA20
002593,2026-07-15,4.31,4.46,3.48,4.41,1,22,量能: 放量 (2.06X) | 趋势: 高于MA20 | 动量: 突破转强 (阳线上穿5/10)
002593,2026-08-06,4.37,4.46,2.06,2.97,1,6,趋势: 高于MA20 | 动量: 突破转强 (阳线上穿5/10)
603218,2026-08-06,10.08,9.83,-2.48,0.0,0,6,"形态: 两连阴 (-2.20%, -0.88%) | 趋势: 高于MA20"
600712,2026-08-18,5.51,5.61,1.81,1.81,1,8,趋势: 多头排列 (5>20>60) | 趋势: 高于MA20
600712,2026-07-15,4.86,5.61,15.43,16.67,1,32,趋势: 高于MA20 | 动量: 突破转强 (阳线上穿5/10)
002565,2026-07-15,9.84,9.52,-3.25,1.12,0,22,"形态: 两连阴 (-9.96%, -0.80%)"
002565,2026-08-06,9.88,9.52,-3.64,0.71,0,6,量能: 放量 (2.28X) | 趋势: 高于MA20 | 动量: 突破转强 (阳线上穿5/10)
001322,2026-08-06,6.16,6.17,0.16,2.27,1,6,趋势: 高于MA20
603668,2026-07-15,11.25,10.49,-6.76,-1.33,0,22,"形态: 两连阴 (-3.85%, -3.92%)"
600271,2026-07-15,6.56,6.89,5.03,8.23,1,22,"形态: 两连阴 (-5.10%, -0.46%)"
600271,2026-08-06,7.04,6.89,-2.13,0.14,0,6,"形态: 两连阴 (-0.28%, -0.85%) | 趋势: 高于MA20"
603633,2026-08-18,6.59,6.58,-0.15,-0.15,0,8,趋势: 高于MA20
603633,2026-08-07,6.27,6.58,4.94,6.38,1,15,趋势: 高于MA20
605122,2026-07-15,10.74,11.19,4.19,6.15,1,22,动量: 突破转强 (阳线上穿5/10)
605122,2026-08-06,10.95,11.19,2.19,4.11,1,6,趋势: 高于MA20 | 动量: 突破转强 (阳线上穿5/10)
600428,2026-08-18,12.09,11.47,-5.13,-1.41,0,8,趋势: 多头排列 (5>20>60) | 趋势: 高于MA20 | 动量: 突破转强 (阳线上穿5/10)
600428,2026-07-15,10.57,11.47,8.51,14.38,1,32,趋势: 多头排列 (5>20>60) | 形态: 10日内有涨停 | 趋势: 高于MA20
600428,2026-08-07,11.95,11.47,-4.02,1.17,0,15,趋势: 多头排列 (5>20>60) | 趋势: 高于MA20
600463,2026-07-15,7.84,8.2,4.59,5.99,1,22,量能: 放量 (1.62X) | 动量: 突破转强 (阳线上穿5/10)
600463,2026-08-06,7.95,8.2,3.14,4.53,1,6,趋势: 高于MA20 | 动量: 突破转强 (阳线上穿5/10)
601108,2026-07-15,9.01,8.83,-2.0,-0.33,0,22,趋势: 高于MA20 | 动量: 突破转强 (阳线上穿5/10)
605108,2026-08-06,12.74,12.73,-0.08,2.83,0,6,"形态: 10日内有涨停 | 形态: 两连阴 (-1.24%, -0.47%) | 趋势: 高于MA20"
603300,2026-08-18,4.89,4.84,-1.02,-0.61,0,8,"趋势: 多头排列 (5>20>60) | 形态: 两连阴 (-2.16%, -0.60%)"
002734,2026-07-13,15.03,15.44,2.73,11.58,1,24,"形态: 两连阴 (-1.98%, -1.07%)"
002734,2026-08-06,16.15,15.44,-4.4,3.84,0,6,量能: 放量 (2.11X) | 形态: 10日内有涨停 | 趋势: 高于MA20 | 动量: 突破转强 (阳线上穿5/10)
603328,2026-08-18,11.65,10.96,-5.92,-4.72,0,8,形态: 10日内有涨停 | 趋势: 高于MA20 | 动量: 突破转强 (阳线上穿5/10)
600595,2026-07-15,6.46,6.34,-1.86,4.8,0,32,形态: 10日内有涨停 | 趋势: 高于MA20 | 动量: 突破转强 (阳线上穿5/10)
603808,2026-08-06,8.03,8.48,5.6,7.85,1,6,"形态: 两连阴 (-1.00%, -0.38%) | 趋势: 高于MA20 | 动量: 突破转强 (阳线上穿5/10)"
600198,2026-07-15,7.32,7.84,7.1,7.1,1,22,"形态: 两连阴 (-3.81%, -8.91%)"
600198,2026-08-06,7.28,7.84,7.69,7.69,1,6,趋势: 高于MA20 | 动量: 突破转强 (阳线上穿5/10)
603089,2026-08-06,8.76,9.75,11.3,11.3,1,6,"形态: 两连阴 (-0.69%, -0.23%) | 趋势: 高于MA20 | 动量: 突破转强 (阳线上穿5/10)"
600356,2026-07-15,8.1,8.81,8.77,11.85,1,22,趋势: 高于MA20 | 动量: 突破转强 (阳线上穿5/10)
600356,2026-08-06,8.32,8.81,5.89,8.89,1,6,"形态: 两连阴 (-1.42%, -0.24%) | 趋势: 高于MA20"
601339,2026-07-13,7.42,7.71,3.91,13.61,1,24,趋势: 高于MA20 | 动量: 突破转强 (阳线上穿5/10)
601339,2026-08-06,8.15,7.71,-5.4,-0.86,0,6,趋势: 多头排列 (5>20>60) | 趋势: 高于MA20
600469,2026-08-06,5.35,5.21,-2.62,3.18,0,6,趋势: 高于MA20
002331,2026-08-06,7.05,7.01,-0.57,2.55,0,6,趋势: 高于MA20 | 动量: 突破转强 (阳线上穿5/10)
603810,2026-08-18,12.34,12.45,0.89,1.22,1,8,趋势: 高于MA20
002330,2026-08-18,4.23,4.24,0.24,0.24,1,8,趋势: 多头排列 (5>20>60) | 趋势: 高于MA20 | 动量: 突破转强 (阳线上穿5/10)
002330,2026-07-15,3.82,4.24,10.99,10.99,1,32,趋势: 高于MA20 | 动量: 突破转强 (阳线上穿5/10)
002215,2026-07-15,8.98,8.86,-1.34,4.23,0,22,趋势: 高于MA20
002215,2026-08-06,9.12,8.86,-2.85,0.99,0,6,趋势: 高于MA20
002682,2026-08-06,4.46,4.64,4.04,14.8,1,6,趋势: 高于MA20
002064,2026-07-15,10.33,11.13,7.74,16.46,1,22,趋势: 高于MA20 | 动量: 突破转强 (阳线上穿5/10)
002064,2026-08-06,11.82,11.13,-5.84,1.78,0,6,趋势: 多头排列 (5>20>60) | 趋势: 高于MA20 | 动量: 突破转强 (阳线上穿5/10)
600597,2026-07-15,6.78,6.92,2.06,5.46,1,32,趋势: 高于MA20 | 动量: 突破转强 (阳线上穿5/10)
600597,2026-08-07,6.72,6.92,2.98,2.98,1,15,"趋势: 多头排列 (5>20>60) | 形态: 两连阴 (-1.42%, -1.30%)"
003016,2026-07-15,6.69,6.88,2.84,4.33,1,22,趋势: 高于MA20 | 动量: 突破转强 (阳线上穿5/10)
003016,2026-08-06,6.77,6.88,1.62,3.1,1,6,"形态: 两连阴 (-0.29%, -0.30%) | 趋势: 高于MA20 | 动量: 突破转强 (阳线上穿5/10)"
002921,2026-07-15,26.53,23.13,-12.82,-2.0,0,22,趋势: 高于MA20
002921,2026-08-06,22.98,23.13,0.65,7.18,1,6,形态: 10日内有涨停 | 趋势: 高于MA20
002575,2026-08-18,5.26,5.31,0.95,0.95,1,8,"形态: 10日内有涨停 | 形态: 两连阴 (-7.73%, -1.78%) | 趋势: 高于MA20"
002798,2026-08-18,5.81,5.89,1.38,3.79,1,8,趋势: 高于MA20
002798,2026-07-15,5.07,5.89,16.17,18.93,1,32,形态: 10日内有涨停
002798,2026-08-07,5.6,5.89,5.18,7.68,1,15,趋势: 高于MA20 | 动量: 突破转强 (阳线上穿5/10)
002910,2026-08-18,9.77,9.96,1.94,1.94,1,8,趋势: 高于MA20 | 动量: 突破转强 (阳线上穿5/10)
002910,2026-07-15,9.19,9.96,8.38,8.38,1,32,"形态: 10日内有涨停 | 形态: 两连阴 (-9.96%, -5.11%)"
000524,2026-08-18,9.5,10.19,7.26,7.37,1,8,趋势: 多头排列 (5>20>60) | 趋势: 高于MA20 | 动量: 突破转强 (阳线上穿5/10)
000524,2026-07-15,8.48,10.19,20.17,20.28,1,32,"形态: 10日内有涨停 | 形态: 两连阴 (-10.03%, -6.87%)"
000524,2026-08-07,9.33,10.19,9.22,9.32,1,15,"形态: 两连阴 (-0.21%, -0.32%) | 趋势: 高于MA20"
600080,2026-07-15,5.02,4.87,-2.99,1.2,0,22,趋势: 高于MA20 | 动量: 突破转强 (阳线上穿5/10)
600080,2026-08-06,4.89,4.87,-0.41,1.64,0,6,趋势: 高于MA20
002520,2026-07-15,6.05,6.65,9.92,9.92,1,22,"形态: 10日内有涨停 | 形态: 两连阴 (-9.97%, -0.17%)"
002520,2026-08-06,5.72,6.65,16.26,16.26,1,6,趋势: 高于MA20 | 动量: 突破转强 (阳线上穿5/10)
600755,2026-07-15,5.91,5.67,-4.06,0.51,0,22,趋势: 高于MA20
600755,2026-08-06,5.72,5.67,-0.87,1.05,0,6,"趋势: 多头排列 (5>20>60) | 形态: 两连阴 (-2.19%, -0.69%)"
002347,2026-08-06,5.93,6.04,1.85,4.38,1,6,趋势: 高于MA20 | 动量: 突破转强 (阳线上穿5/10)
601068,2026-07-15,4.34,4.7,8.29,8.29,1,32,动量: 突破转强 (阳线上穿5/10)
002493,2026-08-06,13.14,12.59,-4.19,2.89,0,6,趋势: 多头排列 (5>20>60) | 量能: 放量 (1.60X) | 趋势: 高于MA20 | 动量: 突破转强 (阳线上穿5/10)
603006,2026-07-13,11.22,11.18,-0.36,1.43,0,24,"形态: 两连阴 (-1.30%, -3.48%)"
603006,2026-08-06,11.07,11.18,0.99,2.8,1,6,趋势: 高于MA20 | 动量: 突破转强 (阳线上穿5/10)
000678,2026-08-06,8.94,8.94,0.0,2.8,0,6,趋势: 高于MA20
600179,2026-07-15,4.35,4.35,0.0,5.29,0,22,"形态: 两连阴 (-0.67%, -3.80%)"
000995,2026-07-15,10.06,10.95,8.85,12.43,1,22,趋势: 高于MA20 | 动量: 突破转强 (阳线上穿5/10)
000995,2026-08-06,10.79,10.95,1.48,4.82,1,6,趋势: 高于MA20
603809,2026-08-06,9.41,9.41,0.0,2.44,0,6,"形态: 两连阴 (-1.24%, -0.10%) | 趋势: 高于MA20"
002998,2026-07-13,6.92,7.93,14.6,18.06,1,24,形态: 10日内有涨停
002998,2026-08-06,7.88,7.93,0.63,3.68,1,6,趋势: 高于MA20
600281,2026-08-18,4.87,4.98,2.26,3.7,1,8,量能: 放量 (3.16X) | 形态: 10日内有涨停 | 趋势: 高于MA20 | 动量: 突破转强 (阳线上穿5/10)
600281,2026-07-15,4.01,4.98,24.19,25.94,1,32,动量: 突破转强 (阳线上穿5/10)
000506,2026-08-18,18.52,21.43,15.71,20.63,1,8,趋势: 多头排列 (5>20>60) | 形态: 10日内有涨停 | 趋势: 高于MA20 | 动量: 突破转强 (阳线上穿5/10)
000506,2026-07-15,12.54,21.43,70.89,78.15,1,32,形态: 10日内有涨停
000417,2026-08-18,5.99,5.79,-3.34,-3.34,0,8,趋势: 高于MA20 | 动量: 突破转强 (阳线上穿5/10)
000417,2026-07-15,6.58,5.79,-12.01,-3.34,0,32,"形态: 10日内有涨停 | 形态: 两连阴 (-9.00%, -3.53%)"
002587,2026-07-13,5.37,5.55,3.35,5.4,1,24,"形态: 10日内有涨停 | 形态: 两连阴 (-1.83%, -0.68%)"
002587,2026-08-06,5.62,5.55,-1.25,0.71,0,6,趋势: 高于MA20 | 动量: 突破转强 (阳线上穿5/10)
600546,2026-08-18,13.23,13.99,5.74,5.74,1,8,趋势: 高于MA20 | 动量: 突破转强 (阳线上穿5/10)
600546,2026-07-15,12.62,13.99,10.86,10.86,1,32,趋势: 高于MA20
600546,2026-08-07,13.02,13.99,7.45,7.45,1,15,趋势: 高于MA20
600970,2026-07-15,7.54,7.7,2.12,7.56,1,32,趋势: 高于MA20 | 动量: 突破转强 (阳线上穿5/10)
603886,2026-08-18,11.21,12.63,12.67,14.45,1,8,量能: 放量 (3.01X) | 趋势: 高于MA20 | 动量: 突破转强 (阳线上穿5/10)
002952,2026-08-18,20.27,21.79,7.5,7.5,1,8,趋势: 高于MA20
002952,2026-08-07,20.18,21.79,7.98,7.98,1,15,趋势: 高于MA20 | 动量: 突破转强 (阳线上穿5/10)
000026,2026-07-13,17.59,20.92,18.93,20.24,1,24,形态: 10日内有涨停
000026,2026-08-06,17.09,20.92,22.41,23.76,1,6,趋势: 高于MA20 | 动量: 突破转强 (阳线上穿5/10)
603208,2026-08-06,10.98,11.35,3.37,4.83,1,6,趋势: 高于MA20 | 动量: 突破转强 (阳线上穿5/10)
601696,2026-08-18,11.86,12.08,1.85,2.78,1,8,趋势: 高于MA20
600838,2026-08-18,7.62,8.6,12.86,12.86,1,8,趋势: 高于MA20 | 动量: 突破转强 (阳线上穿5/10)
600838,2026-07-15,7.21,8.6,19.28,19.28,1,32,动量: 突破转强 (阳线上穿5/10)
600127,2026-08-18,7.11,11.77,65.54,65.54,1,8,趋势: 多头排列 (5>20>60) | 量能: 放量 (1.55X) | 形态: 10日内有涨停 | 趋势: 高于MA20 | 动量: 突破转强 (阳线上穿5/10)
600127,2026-07-15,5.65,11.77,108.32,108.32,1,32,趋势: 高于MA20
600127,2026-08-07,6.32,11.77,86.23,86.23,1,15,量能: 放量 (2.66X) | 形态: 10日内有涨停 | 趋势: 高于MA20 | 动量: 突破转强 (阳线上穿5/10)
600577,2026-08-06,8.15,8.11,-0.49,2.33,0,6,趋势: 高于MA20
002322,2026-07-15,10.17,13.05,28.32,28.32,1,22,趋势: 高于MA20 | 动量: 突破转强 (阳线上穿5/10)
002322,2026-08-06,10.78,13.05,21.06,21.06,1,6,趋势: 高于MA20 | 动量: 突破转强 (阳线上穿5/10)
000686,2026-07-15,8.12,8.0,-1.48,0.74,0,22,"形态: 两连阴 (-0.86%, -1.11%)"
000686,2026-08-06,8.08,8.0,-0.99,0.62,0,6,趋势: 高于MA20
002806,2026-08-06,13.83,14.25,3.04,3.54,1,6,趋势: 高于MA20 | 动量: 突破转强 (阳线上穿5/10)
000551,2026-07-15,14.97,14.1,-5.81,-5.41,0,22,"形态: 两连阴 (-9.97%, -7.62%)"
603088,2026-08-06,9.25,9.35,1.08,3.78,1,6,趋势: 高于MA20
603567,2026-08-18,6.24,5.82,-6.73,-0.48,0,8,趋势: 多头排列 (5>20>60) | 形态: 10日内有涨停
603567,2026-07-15,4.98,5.82,16.87,42.17,1,32,趋势: 高于MA20 | 动量: 突破转强 (阳线上穿5/10)
603567,2026-08-07,7.08,5.82,-17.8,-0.28,0,15,"趋势: 多头排列 (5>20>60) | 量能: 放量 (1.57X) | 形态: 10日内有涨停 | 形态: 两连阴 (-1.05%, -2.42%) | 趋势: 高于MA20 | 动量: 突破转强 (阳线上穿5/10)"
600397,2026-08-18,18.84,19.19,1.86,1.86,1,8,形态: 10日内有涨停 | 趋势: 高于MA20 | 动量: 突破转强 (阳线上穿5/10)
002774,2026-07-13,15.26,16.13,5.7,15.6,1,18,趋势: 多头排列 (5>20>60) | 形态: 10日内有涨停 | 趋势: 高于MA20
002427,2026-08-18,4.35,5.19,19.31,19.31,1,8,趋势: 高于MA20
002427,2026-07-15,4.14,5.19,25.36,25.36,1,32,形态: 10日内有涨停
002337,2026-08-06,4.6,4.63,0.65,2.17,1,6,趋势: 高于MA20 | 动量: 突破转强 (阳线上穿5/10)
002249,2026-07-15,6.98,7.3,4.58,9.17,1,22,形态: 10日内有涨停
002249,2026-08-06,7.46,7.3,-2.14,-0.27,0,6,趋势: 高于MA20
600667,2026-08-18,23.0,19.53,-15.09,-6.78,0,8,形态: 10日内有涨停 | 趋势: 高于MA20
600667,2026-07-15,20.81,19.53,-6.15,14.66,0,32,"形态: 10日内有涨停 | 形态: 两连阴 (-10.02%, -0.44%)"
603949,2026-07-13,16.99,14.22,-16.3,-10.01,0,24,趋势: 多头排列 (5>20>60) | 量能: 放量 (1.77X)
603949,2026-08-06,13.97,14.22,1.79,4.01,1,6,趋势: 高于MA20 | 动量: 突破转强 (阳线上穿5/10)
000590,2026-08-06,8.63,9.02,4.52,4.52,1,6,趋势: 高于MA20 | 动量: 突破转强 (阳线上穿5/10)
603506,2026-08-18,10.8,11.63,7.69,10.0,1,8,趋势: 高于MA20
603506,2026-07-15,9.82,11.63,18.43,20.98,1,32,动量: 突破转强 (阳线上穿5/10)
002202,2026-07-15,18.88,20.93,10.86,15.47,1,22,"形态: 10日内有涨停 | 形态: 两连阴 (-9.35%, -5.43%)"
002202,2026-08-06,20.76,20.93,0.82,5.01,1,6,趋势: 高于MA20 | 动量: 突破转强 (阳线上穿5/10)
603648,2026-07-15,9.44,9.05,-4.13,0.53,0,22,趋势: 高于MA20
603648,2026-08-06,9.18,9.05,-1.42,3.38,0,6,"形态: 两连阴 (-0.44%, -0.11%) | 趋势: 高于MA20 | 动量: 突破转强 (阳线上穿5/10)"
000626,2026-08-06,7.49,7.68,2.54,6.14,1,6,趋势: 高于MA20 | 动量: 突破转强 (阳线上穿5/10)
603313,2026-08-18,6.23,6.13,-1.61,-1.61,0,8,"量能: 放量 (1.66X) | 形态: 两连阴 (-0.16%, -2.52%) | 趋势: 高于MA20"
603313,2026-07-15,7.93,6.13,-22.7,-6.68,0,32,趋势: 多头排列 (5>20>60) | 形态: 10日内有涨停 | 趋势: 高于MA20
600257,2026-08-18,5.7,5.86,2.81,2.81,1,8,趋势: 多头排列 (5>20>60) | 趋势: 高于MA20 | 动量: 突破转强 (阳线上穿5/10)
600257,2026-07-15,4.9,5.86,19.59,19.59,1,32,形态: 10日内有涨停 | 趋势: 高于MA20 | 动量: 突破转强 (阳线上穿5/10)
600257,2026-08-07,5.28,5.86,10.98,10.98,1,15,趋势: 高于MA20 | 动量: 突破转强 (阳线上穿5/10)
000856,2026-08-06,7.87,7.97,1.27,2.41,1,6,趋势: 高于MA20 | 动量: 突破转强 (阳线上穿5/10)
002871,2026-08-18,17.63,17.01,-3.52,-1.82,0,8,趋势: 高于MA20
600765,2026-07-15,13.07,13.47,3.06,6.35,1,22,动量: 突破转强 (阳线上穿5/10)
600765,2026-08-06,13.47,13.47,0.0,3.19,0,6,"形态: 两连阴 (-0.51%, -1.31%) | 趋势: 高于MA20"
002205,2026-08-06,10.43,10.53,0.96,4.31,1,6,趋势: 高于MA20 | 动量: 突破转强 (阳线上穿5/10)
600367,2026-08-18,38.23,42.1,10.12,10.12,1,8,量能: 放量 (1.52X) | 形态: 10日内有涨停 | 趋势: 高于MA20 | 动量: 突破转强 (阳线上穿5/10)
600732,2026-08-06,12.36,11.84,-4.21,2.43,0,6,趋势: 高于MA20
600199,2026-07-13,6.27,7.68,22.49,29.67,1,24,形态: 10日内有涨停
600199,2026-08-06,8.13,7.68,-5.54,-0.49,0,6,"形态: 10日内有涨停 | 形态: 两连阴 (-0.63%, -0.38%) | 趋势: 高于MA20 | 动量: 突破转强 (阳线上穿5/10)"
600138,2026-07-15,7.11,7.26,2.11,27.99,1,32,趋势: 高于MA20 | 动量: 突破转强 (阳线上穿5/10)
600138,2026-08-07,9.05,7.26,-19.78,-19.78,0,15,趋势: 多头排列 (5>20>60) | 趋势: 高于MA20
002632,2026-08-18,8.45,8.47,0.24,2.84,1,8,趋势: 高于MA20
002632,2026-07-15,8.75,8.47,-3.2,21.03,0,32,形态: 10日内有涨停
603366,2026-08-18,6.94,7.38,6.34,9.94,1,8,趋势: 高于MA20
603112,2026-08-18,16.59,16.29,-1.81,-0.78,0,8,量能: 放量 (2.85X) | 形态: 10日内有涨停 | 趋势: 高于MA20 | 动量: 突破转强 (阳线上穿5/10)
603112,2026-07-15,15.02,16.29,8.46,10.45,1,32,"形态: 两连阴 (-2.94%, -1.10%)"
603112,2026-08-07,15.04,16.29,8.31,10.31,1,15,趋势: 高于MA20
002096,2026-08-18,9.55,9.72,1.78,1.78,1,8,趋势: 高于MA20 | 动量: 突破转强 (阳线上穿5/10)
002096,2026-07-15,9.24,9.72,5.19,5.63,1,32,趋势: 高于MA20 | 动量: 突破转强 (阳线上穿5/10)
600973,2026-08-06,6.16,6.19,0.49,2.27,1,6,趋势: 高于MA20
600886,2026-07-15,14.54,13.64,-6.19,6.12,0,32,趋势: 高于MA20 | 动量: 突破转强 (阳线上穿5/10)
603598,2026-08-18,17.88,16.9,-5.48,-4.08,0,8,"形态: 两连阴 (-6.51%, -1.03%) | 趋势: 高于MA20"
603598,2026-07-15,15.76,16.9,7.23,25.76,1,32,"形态: 两连阴 (-5.41%, -1.21%)"
603598,2026-08-07,18.07,16.9,-6.47,9.68,0,15,"形态: 10日内有涨停 | 形态: 两连阴 (-2.81%, -1.26%) | 趋势: 高于MA20"
000819,2026-08-18,12.22,12.33,0.9,0.9,1,8,趋势: 高于MA20
000819,2026-07-15,11.46,12.33,7.59,7.59,1,32,动量: 突破转强 (阳线上穿5/10)
000700,2026-07-15,14.13,11.88,-15.92,-5.66,0,22,"形态: 10日内有涨停 | 形态: 两连阴 (-9.99%, -0.07%)"
000700,2026-08-06,11.65,11.88,1.97,2.83,1,6,动量: 突破转强 (阳线上穿5/10)
600422,2026-07-13,8.78,8.82,0.46,7.06,1,24,量能: 放量 (2.11X) | 趋势: 高于MA20 | 动量: 突破转强 (阳线上穿5/10)
600422,2026-08-06,8.75,8.82,0.8,7.43,1,6,"趋势: 多头排列 (5>20>60) | 形态: 两连阴 (-1.20%, -2.65%)"
600106,2026-08-06,4.53,4.4,-2.87,0.66,0,6,"形态: 两连阴 (-1.72%, -0.22%) | 趋势: 高于MA20"
002651,2026-08-06,7.82,8.39,7.29,7.29,1,6,"形态: 两连阴 (-0.63%, -1.01%) | 趋势: 高于MA20"
000758,2026-08-18,6.04,6.52,7.95,7.95,1,8,趋势: 高于MA20
000758,2026-08-07,6.25,6.52,4.32,4.32,1,15,趋势: 高于MA20 | 动量: 突破转强 (阳线上穿5/10)
000065,2026-08-06,9.2,9.01,-2.07,0.22,0,6,趋势: 高于MA20
000559,2026-08-06,11.8,11.64,-1.36,0.68,0,6,趋势: 高于MA20
002373,2026-08-06,8.01,7.77,-3.0,-0.87,0,6,趋势: 高于MA20
002763,2026-07-15,7.13,7.53,5.61,6.73,1,22,动量: 突破转强 (阳线上穿5/10)
002763,2026-08-06,7.25,7.53,3.86,4.97,1,6,"形态: 两连阴 (-1.75%, -0.41%) | 趋势: 高于MA20"
002887,2026-08-06,10.76,10.2,-5.2,2.23,0,6,量能: 放量 (1.70X) | 趋势: 高于MA20 | 动量: 突破转强 (阳线上穿5/10)
002276,2026-08-06,10.49,10.29,-1.91,0.67,0,6,趋势: 高于MA20
603331,2026-07-15,11.0,13.16,19.64,21.91,1,22,趋势: 高于MA20 | 动量: 突破转强 (阳线上穿5/10)
603331,2026-08-06,12.33,13.16,6.73,8.76,1,6,趋势: 高于MA20 | 动量: 突破转强 (阳线上穿5/10)
002951,2026-07-15,12.69,18.14,42.95,42.95,1,22,"形态: 10日内有涨停 | 形态: 两连阴 (-9.99%, -2.83%)"
002951,2026-08-06,13.97,18.14,29.85,29.85,1,6,形态: 10日内有涨停 | 趋势: 高于MA20 | 动量: 突破转强 (阳线上穿5/10)
003003,2026-07-15,10.43,10.94,4.89,5.37,1,22,趋势: 高于MA20 | 动量: 突破转强 (阳线上穿5/10)
003003,2026-08-06,10.62,10.94,3.01,3.48,1,6,趋势: 高于MA20 | 动量: 突破转强 (阳线上穿5/10)
002251,2026-08-18,3.76,3.8,1.06,1.06,1,8,趋势: 高于MA20
002251,2026-07-15,3.61,3.8,5.26,9.42,1,32,趋势: 高于MA20 | 动量: 突破转强 (阳线上穿5/10)
600643,2026-07-15,3.98,3.94,-1.01,4.77,0,22,趋势: 高于MA20 | 动量: 突破转强 (阳线上穿5/10)
600643,2026-08-06,4.07,3.94,-3.19,0.0,0,6,"形态: 两连阴 (-1.44%, -0.73%) | 趋势: 高于MA20"
603536,2026-08-18,10.12,9.7,-4.15,-4.05,0,8,趋势: 多头排列 (5>20>60) | 趋势: 高于MA20 | 动量: 突破转强 (阳线上穿5/10)
603536,2026-07-15,8.46,9.7,14.66,19.62,1,32,趋势: 高于MA20 | 动量: 突破转强 (阳线上穿5/10)
000017,2026-08-18,6.03,11.45,89.88,89.88,1,8,趋势: 多头排列 (5>20>60) | 趋势: 高于MA20
000017,2026-07-15,5.89,11.45,94.4,94.4,1,32,趋势: 高于MA20
600538,2026-08-06,4.98,5.0,0.4,8.23,1,6,趋势: 高于MA20 | 动量: 突破转强 (阳线上穿5/10)
002986,2026-08-06,12.43,18.98,52.7,55.59,1,6,趋势: 高于MA20 | 动量: 突破转强 (阳线上穿5/10)
002999,2026-08-06,5.74,5.81,1.22,2.79,1,6,"形态: 两连阴 (-0.87%, -0.70%) | 趋势: 高于MA20 | 动量: 突破转强 (阳线上穿5/10)"
600692,2026-08-18,6.21,6.55,5.48,5.48,1,8,趋势: 高于MA20
600692,2026-07-15,5.69,6.55,15.11,15.11,1,32,趋势: 高于MA20 | 动量: 突破转强 (阳线上穿5/10)
600692,2026-08-07,5.93,6.55,10.46,10.46,1,15,趋势: 高于MA20
603569,2026-07-13,5.54,5.84,5.42,7.22,1,24,量能: 放量 (1.53X) | 趋势: 高于MA20 | 动量: 突破转强 (阳线上穿5/10)
603569,2026-08-06,5.81,5.84,0.52,2.24,1,6,"形态: 两连阴 (-1.35%, -0.17%) | 趋势: 高于MA20"
600730,2026-08-06,11.58,10.17,-12.18,1.9,0,6,形态: 10日内有涨停 | 趋势: 高于MA20 | 动量: 突破转强 (阳线上穿5/10)
601600,2026-07-15,8.98,9.82,9.35,11.92,1,32,趋势: 高于MA20 | 动量: 突破转强 (阳线上穿5/10)
002790,2026-08-18,5.93,6.17,4.05,4.05,1,8,趋势: 高于MA20
002790,2026-07-15,5.61,6.17,9.98,9.98,1,32,趋势: 高于MA20 | 动量: 突破转强 (阳线上穿5/10)
600848,2026-07-15,8.11,8.57,5.67,10.48,1,22,量能: 放量 (1.92X) | 趋势: 高于MA20 | 动量: 突破转强 (阳线上穿5/10)
600848,2026-08-06,8.7,8.57,-1.49,2.53,0,6,"趋势: 多头排列 (5>20>60) | 形态: 两连阴 (-0.67%, -1.46%) | 趋势: 高于MA20"
000301,2026-08-18,13.01,14.1,8.38,8.38,1,8,趋势: 多头排列 (5>20>60) | 趋势: 高于MA20 | 动量: 突破转强 (阳线上穿5/10)
000301,2026-07-15,11.61,14.1,21.45,21.45,1,32,形态: 10日内有涨停
000301,2026-08-07,13.1,14.1,7.63,7.63,1,15,趋势: 高于MA20 | 动量: 突破转强 (阳线上穿5/10)
601061,2026-08-18,12.05,12.01,-0.33,-0.25,0,8,趋势: 多头排列 (5>20>60) | 趋势: 高于MA20
002085,2026-08-06,10.65,10.54,-1.03,2.63,0,6,趋势: 高于MA20
600929,2026-07-15,4.74,6.04,27.43,27.43,1,32,动量: 突破转强 (阳线上穿5/10)
600929,2026-08-07,5.33,6.04,13.32,13.32,1,15,趋势: 高于MA20
002068,2026-08-18,8.16,8.05,-1.35,-1.35,0,8,趋势: 高于MA20
002068,2026-08-07,8.06,8.05,-0.12,5.58,0,15,趋势: 高于MA20
001299,2026-08-06,9.97,9.8,-1.71,1.0,0,6,趋势: 高于MA20 | 动量: 突破转强 (阳线上穿5/10)
605337,2026-08-18,9.89,9.46,-4.35,-2.53,0,8,趋势: 多头排列 (5>20>60) | 趋势: 高于MA20 | 动量: 突破转强 (阳线上穿5/10)
605337,2026-07-15,8.9,9.46,6.29,11.46,1,32,趋势: 高于MA20 | 动量: 突破转强 (阳线上穿5/10)
605337,2026-08-07,9.47,9.46,-0.11,4.75,0,15,形态: 10日内有涨停 | 趋势: 高于MA20
002201,2026-08-06,8.31,8.45,1.68,2.17,1,6,趋势: 高于MA20 | 动量: 突破转强 (阳线上穿5/10)
000701,2026-08-06,4.99,5.09,2.0,2.81,1,6,趋势: 高于MA20 | 动量: 突破转强 (阳线上穿5/10)
000159,2026-08-18,5.8,6.07,4.66,4.66,1,8,趋势: 高于MA20 | 动量: 突破转强 (阳线上穿5/10)
000159,2026-07-15,5.6,6.07,8.39,8.39,1,32,趋势: 高于MA20 | 动量: 突破转强 (阳线上穿5/10)
002099,2026-08-06,5.27,5.4,2.47,4.55,1,6,"形态: 两连阴 (-0.36%, -1.46%) | 趋势: 高于MA20"
603697,2026-08-18,9.89,9.56,-3.34,-3.34,0,8,趋势: 高于MA20 | 动量: 突破转强 (阳线上穿5/10)
603697,2026-07-15,10.57,9.56,-9.56,-0.76,0,32,"形态: 两连阴 (-0.97%, -0.39%) | 趋势: 高于MA20 | 动量: 突破转强 (阳线上穿5/10)"
603458,2026-08-18,10.26,9.06,-11.7,-3.9,0,8,形态: 10日内有涨停 | 趋势: 高于MA20
002800,2026-07-15,13.66,13.32,-2.49,0.44,0,22,量能: 放量 (1.53X) | 形态: 10日内有涨停 | 趋势: 高于MA20 | 动量: 突破转强 (阳线上穿5/10)
002800,2026-08-06,13.29,13.32,0.23,3.24,1,6,趋势: 高于MA20 | 动量: 突破转强 (阳线上穿5/10)
603709,2026-08-18,11.99,12.1,0.92,1.92,1,8,量能: 放量 (3.47X) | 趋势: 高于MA20 | 动量: 突破转强 (阳线上穿5/10)
603709,2026-07-15,13.89,12.1,-12.89,0.0,0,32,动量: 突破转强 (阳线上穿5/10)
603709,2026-08-07,11.08,12.1,9.21,10.29,1,15,动量: 突破转强 (阳线上穿5/10)
600824,2026-07-15,3.49,3.54,1.43,4.87,1,22,趋势: 高于MA20
600824,2026-08-06,3.53,3.54,0.28,3.68,1,6,趋势: 高于MA20
003036,2026-08-06,52.25,56.05,7.27,7.27,1,6,形态: 10日内有涨停 | 动量: 突破转强 (阳线上穿5/10)
002579,2026-08-18,15.15,14.38,-5.08,0.92,0,8,形态: 10日内有涨停 | 趋势: 高于MA20
002579,2026-07-15,14.63,14.38,-1.71,5.26,0,32,形态: 10日内有涨停
600722,2026-08-06,10.75,11.28,4.93,16.47,1,6,形态: 10日内有涨停 | 趋势: 高于MA20
600961,2026-08-18,29.26,28.02,-4.24,-2.9,0,8,趋势: 高于MA20
600143,2026-07-13,14.72,15.23,3.46,10.26,1,24,形态: 10日内有涨停
600143,2026-08-06,16.15,15.23,-5.7,0.5,0,6,趋势: 高于MA20 | 动量: 突破转强 (阳线上穿5/10)
603679,2026-08-06,22.63,22.34,-1.28,-0.27,0,6,形态: 10日内有涨停 | 趋势: 高于MA20 | 动量: 突破转强 (阳线上穿5/10)
600302,2026-07-15,7.08,7.2,1.69,1.69,1,22,"形态: 两连阴 (-3.44%, -10.05%)"
600302,2026-08-06,6.62,7.2,8.76,8.76,1,6,趋势: 高于MA20 | 动量: 突破转强 (阳线上穿5/10)
600326,2026-08-06,7.52,7.3,-2.93,11.17,0,6,"形态: 10日内有涨停 | 形态: 两连阴 (-1.86%, -0.44%) | 趋势: 高于MA20 | 动量: 突破转强 (阳线上穿5/10)"
601677,2026-08-18,16.64,17.08,2.64,2.64,1,8,趋势: 高于MA20
601677,2026-07-15,16.2,17.08,5.43,7.47,1,32,趋势: 高于MA20 | 动量: 突破转强 (阳线上穿5/10)
601677,2026-08-07,16.89,17.08,1.12,3.08,1,15,趋势: 高于MA20
603086,2026-08-06,5.56,5.59,0.54,2.16,1,6,"形态: 两连阴 (-1.25%, -0.54%) | 趋势: 高于MA20 | 动量: 突破转强 (阳线上穿5/10)"
600158,2026-08-06,7.08,7.09,0.14,3.81,1,6,趋势: 高于MA20
002438,2026-08-06,14.44,13.92,-3.6,-1.32,0,6,形态: 10日内有涨停 | 趋势: 高于MA20
002811,2026-08-06,10.39,11.3,8.76,8.76,1,6,趋势: 高于MA20 | 动量: 突破转强 (阳线上穿5/10)
002139,2026-07-13,9.76,9.82,0.61,8.4,1,24,趋势: 高于MA20
002139,2026-08-06,10.2,9.82,-3.73,0.39,0,6,"形态: 两连阴 (-0.57%, -0.86%) | 趋势: 高于MA20"
601898,2026-08-18,14.37,15.36,6.89,6.89,1,8,趋势: 高于MA20 | 动量: 突破转强 (阳线上穿5/10)
601898,2026-07-15,13.12,15.36,17.07,17.07,1,32,趋势: 高于MA20
002448,2026-08-06,12.25,12.39,1.14,1.14,1,6,形态: 10日内有涨停 | 趋势: 高于MA20 | 动量: 突破转强 (阳线上穿5/10)
605336,2026-08-18,10.91,11.18,2.47,2.47,1,8,形态: 10日内有涨停 | 趋势: 高于MA20
605336,2026-07-15,10.07,11.18,11.02,28.6,1,32,"形态: 两连阴 (-2.82%, -1.20%)"
600783,2026-07-15,15.87,18.36,15.69,16.82,1,22,"形态: 两连阴 (-9.97%, -7.80%)"
600783,2026-08-06,18.34,18.36,0.11,1.09,1,6,趋势: 高于MA20 | 动量: 突破转强 (阳线上穿5/10)
002702,2026-07-15,4.55,4.97,9.23,13.41,1,22,动量: 突破转强 (阳线上穿5/10)
002702,2026-08-06,4.76,4.97,4.41,8.4,1,6,形态: 10日内有涨停 | 趋势: 高于MA20
000716,2026-08-18,5.81,5.67,-2.41,-2.41,0,8,趋势: 多头排列 (5>20>60) | 量能: 放量 (1.72X) | 形态: 10日内有涨停 | 趋势: 高于MA20 | 动量: 突破转强 (阳线上穿5/10)
000716,2026-07-15,4.6,5.67,23.26,26.3,1,32,趋势: 高于MA20 | 动量: 突破转强 (阳线上穿5/10)
000716,2026-08-07,4.7,5.67,20.64,23.62,1,15,趋势: 高于MA20
002378,2026-08-18,26.83,25.79,-3.88,-2.35,0,8,趋势: 高于MA20 | 动量: 突破转强 (阳线上穿5/10)
002161,2026-07-13,4.9,5.87,19.8,20.82,1,24,形态: 10日内有涨停
002161,2026-08-06,5.8,5.87,1.21,2.07,1,6,趋势: 高于MA20 | 动量: 突破转强 (阳线上穿5/10)
002571,2026-08-18,10.92,10.68,-2.2,0.27,0,8,量能: 放量 (1.64X) | 趋势: 高于MA20
002527,2026-07-13,10.54,11.75,11.48,13.09,1,24,"形态: 两连阴 (-1.83%, -2.21%)"
002527,2026-08-06,11.72,11.75,0.26,1.71,1,6,趋势: 高于MA20
000973,2026-07-13,11.68,14.27,22.17,22.17,1,24,"形态: 10日内有涨停 | 形态: 两连阴 (-4.80%, -2.80%)"
000973,2026-08-06,12.43,14.27,14.8,14.8,1,6,趋势: 高于MA20
603166,2026-08-06,11.59,11.32,-2.33,1.98,0,6,趋势: 高于MA20
600778,2026-08-18,5.62,5.65,0.53,0.53,1,8,趋势: 高于MA20
600778,2026-07-15,5.21,5.65,8.45,8.45,1,32,趋势: 高于MA20 | 动量: 突破转强 (阳线上穿5/10)
605555,2026-07-15,11.8,11.88,0.68,3.81,1,22,"形态: 两连阴 (-2.89%, -2.64%)"
605555,2026-08-06,12.08,11.88,-1.66,1.41,0,6,趋势: 高于MA20 | 动量: 突破转强 (阳线上穿5/10)
000987,2026-08-06,7.74,7.57,-2.2,1.16,0,6,趋势: 高于MA20
603776,2026-07-13,18.99,21.64,13.95,14.59,1,24,量能: 放量 (1.57X)
603776,2026-08-06,21.45,21.64,0.89,1.45,1,6,趋势: 高于MA20 | 动量: 突破转强 (阳线上穿5/10)
000823,2026-08-18,15.77,15.37,-2.54,-0.44,0,8,趋势: 高于MA20 | 动量: 突破转强 (阳线上穿5/10)
601177,2026-07-15,13.12,13.17,0.38,2.9,1,22,形态: 10日内有涨停
601177,2026-08-06,13.2,13.17,-0.23,2.27,0,6,趋势: 高于MA20
000016,2026-08-18,2.39,2.45,2.51,2.51,1,4,"形态: 两连阴 (-2.03%, -0.41%)"
000016,2026-07-15,2.6,2.45,-5.77,3.46,0,28,形态: 10日内有涨停 | 趋势: 高于MA20 | 动量: 突破转强 (阳线上穿5/10)
000016,2026-08-07,2.56,2.45,-4.3,0.39,0,11,趋势: 高于MA20
002010,2026-08-06,4.86,4.7,-3.29,-0.41,0,6,"形态: 两连阴 (-0.60%, -0.40%) | 趋势: 高于MA20"
002040,2026-08-06,8.12,8.11,-0.12,0.86,0,6,趋势: 高于MA20
603073,2026-08-06,15.94,16.58,4.02,5.08,1,6,趋势: 高于MA20
603500,2026-08-06,9.58,9.5,-0.84,3.65,0,6,趋势: 高于MA20 | 动量: 突破转强 (阳线上穿5/10)
600446,2026-07-13,9.75,10.91,11.9,20.0,1,24,形态: 10日内有涨停
600446,2026-08-06,11.43,10.91,-4.55,-1.49,0,6,趋势: 高于MA20
600331,2026-07-13,9.88,12.5,26.52,42.61,1,24,"形态: 两连阴 (-3.82%, -1.75%)"
600331,2026-08-06,13.19,12.5,-5.23,6.82,0,6,趋势: 高于MA20
000571,2026-08-18,6.22,6.26,0.64,2.89,1,8,趋势: 多头排列 (5>20>60)
000571,2026-07-15,6.51,6.26,-3.84,13.36,0,32,"形态: 10日内有涨停 | 形态: 两连阴 (-6.88%, -0.67%) | 趋势: 高于MA20"
002029,2026-07-15,8.29,8.64,4.22,10.37,1,22,量能: 放量 (1.54X) | 形态: 10日内有涨停 | 趋势: 高于MA20 | 动量: 突破转强 (阳线上穿5/10)
002029,2026-08-06,8.92,8.64,-3.14,2.58,0,6,形态: 10日内有涨停 | 趋势: 高于MA20 | 动量: 突破转强 (阳线上穿5/10)
600137,2026-08-06,17.56,17.71,0.85,3.19,1,6,趋势: 高于MA20 | 动量: 突破转强 (阳线上穿5/10)
000039,2026-08-18,9.56,9.62,0.63,0.63,1,8,趋势: 高于MA20 | 动量: 突破转强 (阳线上穿5/10)
600279,2026-07-15,4.18,4.21,0.72,4.55,1,22,趋势: 高于MA20 | 动量: 突破转强 (阳线上穿5/10)
600279,2026-08-06,4.29,4.21,-1.86,0.93,0,6,趋势: 高于MA20
002624,2026-08-18,11.41,10.89,-4.56,-2.28,0,8,"形态: 两连阴 (-0.85%, -1.97%) | 趋势: 高于MA20"
600579,2026-08-06,7.26,7.24,-0.28,0.96,0,6,趋势: 高于MA20 | 动量: 突破转强 (阳线上穿5/10)
603823,2026-07-15,65.24,70.99,8.81,25.58,1,22,趋势: 多头排列 (5>20>60) | 形态: 10日内有涨停 | 趋势: 高于MA20
603823,2026-08-06,66.8,70.99,6.27,16.32,1,6,形态: 10日内有涨停 | 趋势: 高于MA20 | 动量: 突破转强 (阳线上穿5/10)
600250,2026-08-06,8.45,8.49,0.47,2.37,1,6,趋势: 高于MA20 | 动量: 突破转强 (阳线上穿5/10)
002772,2026-07-13,13.13,10.48,-20.18,-0.3,0,24,趋势: 高于MA20 | 动量: 突破转强 (阳线上穿5/10)
002772,2026-08-06,10.65,10.48,-1.6,2.63,0,6,趋势: 高于MA20 | 动量: 突破转强 (阳线上穿5/10)
002320,2026-07-15,6.36,6.81,7.08,9.28,1,32,动量: 突破转强 (阳线上穿5/10)
600481,2026-08-18,4.41,4.39,-0.45,-0.45,0,8,趋势: 高于MA20
600481,2026-08-07,4.34,4.39,1.15,3.23,1,15,趋势: 高于MA20 | 动量: 突破转强 (阳线上穿5/10)
603738,2026-07-13,41.91,38.3,-8.61,2.7,0,24,形态: 10日内有涨停
603738,2026-08-06,36.47,38.3,5.02,5.02,1,6,形态: 10日内有涨停 | 趋势: 高于MA20 | 动量: 突破转强 (阳线上穿5/10)
600039,2026-07-13,8.38,8.54,1.91,13.6,1,18,"形态: 两连阴 (-2.63%, -0.71%) | 趋势: 高于MA20"
600241,2026-07-13,6.65,7.23,8.72,10.23,1,24,形态: 10日内有涨停
600241,2026-08-06,7.28,7.23,-0.69,0.69,0,6,趋势: 高于MA20 | 动量: 突破转强 (阳线上穿5/10)
600879,2026-07-15,17.38,15.89,-8.57,-2.24,0,22,"形态: 10日内有涨停 | 形态: 两连阴 (-8.29%, -9.60%)"
600879,2026-08-06,16.05,15.89,-1.0,2.49,0,6,动量: 突破转强 (阳线上穿5/10)
002044,2026-08-18,4.81,4.71,-2.08,0.0,0,8,"形态: 10日内有涨停 | 形态: 两连阴 (-1.37%, -1.39%) | 趋势: 高于MA20"
002795,2026-08-06,6.64,7.14,7.53,11.3,1,6,形态: 10日内有涨停 | 趋势: 高于MA20 | 动量: 突破转强 (阳线上穿5/10)
000798,2026-07-15,7.67,8.38,9.26,9.91,1,22,量能: 放量 (1.96X) | 趋势: 高于MA20 | 动量: 突破转强 (阳线上穿5/10)
000798,2026-08-06,8.15,8.38,2.82,3.44,1,6,"形态: 两连阴 (-0.74%, -0.62%) | 趋势: 高于MA20 | 动量: 突破转强 (阳线上穿5/10)"
002697,2026-08-18,4.69,4.69,0.0,0.0,0,8,"趋势: 多头排列 (5>20>60) | 形态: 两连阴 (-1.07%, -1.29%) | 趋势: 高于MA20 | 动量: 突破转强 (阳线上穿5/10)"
002697,2026-07-15,4.66,4.69,0.64,1.72,1,32,趋势: 高于MA20 | 动量: 突破转强 (阳线上穿5/10)
600682,2026-08-06,5.55,5.92,6.67,6.67,1,6,"形态: 两连阴 (-0.70%, -0.71%) | 趋势: 高于MA20"
002765,2026-08-18,7.26,7.08,-2.48,-2.48,0,8,趋势: 高于MA20 | 动量: 突破转强 (阳线上穿5/10)
002765,2026-07-15,6.65,7.08,6.47,9.32,1,32,"形态: 10日内有涨停 | 形态: 两连阴 (-5.56%, -0.86%)"
002765,2026-08-07,7.1,7.08,-0.28,2.39,0,15,趋势: 高于MA20
600877,2026-08-06,12.91,12.99,0.62,4.42,1,6,趋势: 高于MA20
002644,2026-08-18,8.34,8.84,6.0,6.0,1,8,"趋势: 多头排列 (5>20>60) | 形态: 10日内有涨停 | 形态: 两连阴 (-3.52%, -0.47%) | 趋势: 高于MA20"
002644,2026-07-15,7.86,8.84,12.47,12.47,1,32,趋势: 高于MA20 | 动量: 突破转强 (阳线上穿5/10)
002769,2026-08-18,6.99,7.16,2.43,2.43,1,8,趋势: 高于MA20
002769,2026-07-15,6.53,7.16,9.65,9.65,1,32,动量: 突破转强 (阳线上穿5/10)
002423,2026-07-13,8.62,8.89,3.13,8.58,1,24,形态: 10日内有涨停
002423,2026-08-06,9.21,8.89,-3.47,0.0,0,6,"形态: 两连阴 (-1.07%, -0.76%) | 趋势: 高于MA20"
603042,2026-08-06,13.0,13.6,4.62,4.62,1,6,趋势: 高于MA20 | 动量: 突破转强 (阳线上穿5/10)
000890,2026-08-18,7.38,8.6,16.53,18.97,1,8,趋势: 高于MA20
000890,2026-07-15,7.06,8.6,21.81,24.36,1,32,形态: 10日内有涨停
002476,2026-08-06,4.55,4.56,0.22,1.98,1,6,趋势: 高于MA20 | 动量: 突破转强 (阳线上穿5/10)
001376,2026-08-06,11.27,11.29,0.18,7.63,1,6,形态: 10日内有涨停 | 趋势: 高于MA20
000710,2026-08-06,8.91,9.17,2.92,12.12,1,6,形态: 10日内有涨停 | 趋势: 高于MA20
600189,2026-08-18,7.53,7.86,4.38,4.38,1,8,趋势: 高于MA20
600189,2026-07-15,7.61,7.86,3.29,3.29,1,32,趋势: 高于MA20 | 动量: 突破转强 (阳线上穿5/10)
600189,2026-08-07,7.39,7.86,6.36,6.36,1,15,趋势: 高于MA20 | 动量: 突破转强 (阳线上穿5/10)
000970,2026-07-15,15.38,13.59,-11.64,-3.84,0,22,趋势: 多头排列 (5>20>60) | 趋势: 高于MA20
000970,2026-08-06,13.46,13.59,0.97,2.08,1,6,动量: 突破转强 (阳线上穿5/10)
000948,2026-07-15,13.54,14.55,7.46,16.54,1,22,形态: 10日内有涨停 | 趋势: 高于MA20
000948,2026-08-06,15.01,14.55,-3.06,1.33,0,6,趋势: 多头排列 (5>20>60) | 形态: 10日内有涨停 | 趋势: 高于MA20
600099,2026-08-06,8.61,8.96,4.07,4.07,1,6,"形态: 两连阴 (-0.12%, -0.93%) | 趋势: 高于MA20 | 动量: 突破转强 (阳线上穿5/10)"
603359,2026-07-15,2.32,2.27,-2.16,3.45,0,22,趋势: 高于MA20
603359,2026-08-06,2.27,2.27,0.0,3.08,0,6,"形态: 两连阴 (-1.30%, -0.44%) | 趋势: 高于MA20 | 动量: 突破转强 (阳线上穿5/10)"
002053,2026-07-13,9.18,9.25,0.76,7.84,1,24,形态: 10日内有涨停
002053,2026-08-06,9.56,9.25,-3.24,1.57,0,6,趋势: 高于MA20
000599,2026-07-15,4.5,4.77,6.0,12.44,1,22,趋势: 高于MA20 | 动量: 突破转强 (阳线上穿5/10)
000599,2026-08-06,4.99,4.77,-4.41,1.4,0,6,趋势: 高于MA20 | 动量: 突破转强 (阳线上穿5/10)
603399,2026-08-18,15.4,15.3,-0.65,-0.65,0,8,"形态: 两连阴 (-1.70%, -1.49%) | 趋势: 高于MA20"
002810,2026-08-18,21.14,21.63,2.32,2.46,1,8,趋势: 高于MA20
001313,2026-07-15,7.67,7.87,2.61,4.3,1,22,形态: 10日内有涨停 | 趋势: 高于MA20
000060,2026-08-18,6.64,6.93,4.37,4.37,1,8,趋势: 高于MA20
000060,2026-08-07,6.81,6.93,1.76,1.91,1,15,趋势: 高于MA20 | 动量: 突破转强 (阳线上穿5/10)
000007,2026-08-18,11.69,12.6,7.78,9.67,1,8,"形态: 10日内有涨停 | 形态: 两连阴 (-2.37%, -0.93%) | 趋势: 高于MA20 | 动量: 突破转强 (阳线上穿5/10)"
002537,2026-08-06,5.92,5.74,-3.04,0.0,0,6,趋势: 高于MA20 | 动量: 突破转强 (阳线上穿5/10)
002559,2026-07-13,10.78,10.0,-7.24,1.95,0,24,"形态: 10日内有涨停 | 形态: 两连阴 (-0.75%, -1.42%)"
002559,2026-08-06,9.53,10.0,4.93,5.35,1,6,动量: 突破转强 (阳线上穿5/10)
600678,2026-07-15,6.09,5.51,-9.52,-0.82,0,22,"形态: 两连阴 (-5.66%, -0.67%)"
600678,2026-08-06,5.69,5.51,-3.16,-0.18,0,6,趋势: 高于MA20 | 动量: 突破转强 (阳线上穿5/10)
600499,2026-08-18,14.43,14.23,-1.39,0.28,0,8,动量: 突破转强 (阳线上穿5/10)
002783,2026-08-18,8.05,8.05,0.0,0.0,0,8,趋势: 多头排列 (5>20>60) | 形态: 10日内有涨停 | 趋势: 高于MA20 | 动量: 突破转强 (阳线上穿5/10)
002488,2026-07-15,8.45,8.45,0.0,9.7,0,22,"形态: 两连阴 (-3.81%, -2.21%)"
002488,2026-08-06,9.07,8.45,-6.84,-1.21,0,6,趋势: 高于MA20
002963,2026-07-15,17.22,17.83,3.54,16.67,1,22,"形态: 两连阴 (-5.81%, -2.46%)"
002963,2026-08-06,19.35,17.83,-7.86,3.82,0,6,量能: 放量 (2.38X) | 形态: 10日内有涨停 | 趋势: 高于MA20 | 动量: 突破转强 (阳线上穿5/10)
002596,2026-08-18,3.23,3.35,3.72,3.72,1,8,趋势: 高于MA20
000592,2026-07-15,5.8,6.46,11.38,18.45,1,22,形态: 10日内有涨停
000592,2026-08-06,6.66,6.46,-3.0,3.15,0,6,趋势: 高于MA20 | 动量: 突破转强 (阳线上穿5/10)
003018,2026-07-15,52.0,41.03,-21.1,-10.0,0,22,形态: 10日内有涨停
003018,2026-08-06,39.4,41.03,4.14,4.14,1,6,量能: 放量 (1.73X) | 形态: 10日内有涨停 | 动量: 突破转强 (阳线上穿5/10)
603915,2026-07-15,13.62,13.26,-2.64,0.95,0,22,"形态: 10日内有涨停 | 形态: 两连阴 (-4.87%, -0.67%)"
603915,2026-08-06,13.57,13.26,-2.28,0.37,0,6,趋势: 高于MA20
002345,2026-08-18,10.25,10.4,1.46,1.46,1,8,形态: 10日内有涨停
002345,2026-07-15,10.29,10.4,1.07,13.22,1,32,趋势: 高于MA20 | 动量: 突破转强 (阳线上穿5/10)
002237,2026-08-18,14.54,15.61,7.36,7.36,1,8,趋势: 多头排列 (5>20>60) | 趋势: 高于MA20 | 动量: 突破转强 (阳线上穿5/10)
002968,2026-07-15,8.51,9.06,6.46,8.7,1,22,动量: 突破转强 (阳线上穿5/10)
002968,2026-08-06,8.9,9.06,1.8,3.93,1,6,趋势: 高于MA20 | 动量: 突破转强 (阳线上穿5/10)
601566,2026-08-18,8.7,8.4,-3.45,-2.64,0,8,量能: 放量 (1.68X) | 趋势: 高于MA20 | 动量: 突破转强 (阳线上穿5/10)
603515,2026-07-13,17.47,16.8,-3.84,1.72,0,24,趋势: 高于MA20 | 动量: 突破转强 (阳线上穿5/10)
603515,2026-08-06,17.11,16.8,-1.81,0.35,0,6,"形态: 两连阴 (-1.29%, -1.88%)"
600728,2026-08-06,4.85,4.66,-3.92,-1.65,0,6,趋势: 高于MA20
001205,2026-08-06,13.6,13.77,1.25,2.28,1,6,趋势: 高于MA20
002043,2026-07-15,11.39,12.45,9.31,20.54,1,22,动量: 突破转强 (阳线上穿5/10)
002043,2026-08-06,12.65,12.45,-1.58,2.29,0,6,"形态: 两连阴 (-4.31%, -0.47%) | 趋势: 高于MA20"
002591,2026-08-06,6.2,6.31,1.77,2.9,1,6,趋势: 高于MA20 | 动量: 突破转强 (阳线上穿5/10)
600843,2026-07-15,6.72,7.13,6.1,7.44,1,22,"形态: 两连阴 (-5.98%, -1.30%)"
600843,2026-08-06,7.12,7.13,0.14,1.4,1,6,趋势: 高于MA20 | 动量: 突破转强 (阳线上穿5/10)
002082,2026-07-15,11.78,10.78,-8.49,-4.07,0,22,"形态: 两连阴 (-3.34%, -2.53%)"
002082,2026-08-06,10.2,10.78,5.69,9.61,1,6,形态: 10日内有涨停
605066,2026-08-06,6.72,6.93,3.12,3.12,1,6,趋势: 高于MA20 | 动量: 突破转强 (阳线上穿5/10)
601798,2026-08-06,7.53,7.54,0.13,2.12,1,6,"形态: 两连阴 (-0.13%, -0.79%) | 趋势: 高于MA20"
002824,2026-07-15,25.38,24.96,-1.65,-1.65,0,22,"形态: 两连阴 (-10.00%, -6.26%)"
002824,2026-08-06,22.93,24.96,8.85,8.85,1,6,趋势: 高于MA20 | 动量: 突破转强 (阳线上穿5/10)
600638,2026-07-15,4.56,4.96,8.77,13.38,1,22,动量: 突破转强 (阳线上穿5/10)
600638,2026-08-06,4.98,4.96,-0.4,3.82,0,6,趋势: 高于MA20
002521,2026-07-13,6.43,6.92,7.62,10.42,1,24,"形态: 两连阴 (-1.66%, -5.77%)"
002521,2026-08-06,6.9,6.92,0.29,2.9,1,6,趋势: 高于MA20
603889,2026-07-15,5.54,5.63,1.62,5.6,1,22,趋势: 高于MA20 | 动量: 突破转强 (阳线上穿5/10)
603889,2026-08-06,5.62,5.63,0.18,2.67,1,6,趋势: 高于MA20
600054,2026-08-18,11.16,11.44,2.51,2.51,1,8,"趋势: 多头排列 (5>20>60) | 形态: 两连阴 (-0.27%, -0.18%)"
600054,2026-07-15,11.08,11.44,3.25,3.25,1,32,趋势: 高于MA20 | 动量: 突破转强 (阳线上穿5/10)
600054,2026-08-07,11.24,11.44,1.78,1.78,1,15,"趋势: 多头排列 (5>20>60) | 形态: 两连阴 (-0.27%, -0.80%) | 趋势: 高于MA20"
600736,2026-08-06,6.71,6.81,1.49,1.79,1,6,趋势: 高于MA20
002512,2026-07-15,3.46,4.12,19.08,19.08,1,22,形态: 10日内有涨停 | 动量: 突破转强 (阳线上穿5/10)
002512,2026-08-06,3.7,4.12,11.35,11.35,1,6,形态: 10日内有涨停 | 趋势: 高于MA20
002531,2026-07-15,6.86,6.54,-4.66,0.87,0,22,量能: 放量 (1.54X)
002531,2026-08-06,6.65,6.54,-1.65,1.05,0,6,趋势: 高于MA20
601700,2026-08-06,7.16,6.56,-8.38,6.01,0,6,趋势: 多头排列 (5>20>60) | 量能: 放量 (1.90X) | 形态: 10日内有涨停 | 趋势: 高于MA20 | 动量: 突破转强 (阳线上穿5/10)
600258,2026-08-18,12.05,12.45,3.32,3.32,1,8,"形态: 两连阴 (-1.48%, -0.92%)"
600258,2026-07-15,11.58,12.45,7.51,8.64,1,32,趋势: 高于MA20 | 动量: 突破转强 (阳线上穿5/10)
600176,2026-08-18,44.91,43.2,-3.81,-3.81,0,8,趋势: 高于MA20
603601,2026-08-06,9.7,9.81,1.13,2.47,1,6,量能: 放量 (1.79X) | 趋势: 高于MA20 | 动量: 突破转强 (阳线上穿5/10)
600676,2026-07-15,7.2,6.72,-6.67,2.64,0,22,趋势: 高于MA20
600676,2026-08-06,6.98,6.72,-3.72,0.29,0,6,趋势: 多头排列 (5>20>60) | 趋势: 高于MA20
002474,2026-08-06,6.66,6.57,-1.35,5.71,0,6,趋势: 高于MA20 | 动量: 突破转强 (阳线上穿5/10)
000006,2026-08-06,6.83,7.52,10.1,12.74,1,6,趋势: 高于MA20 | 动量: 突破转强 (阳线上穿5/10)
002405,2026-07-15,6.16,6.39,3.73,12.18,1,32,"形态: 两连阴 (-5.85%, -0.96%)"
002405,2026-08-07,6.64,6.39,-3.77,0.6,0,15,"形态: 两连阴 (-0.43%, -2.18%) | 趋势: 高于MA20"
605069,2026-08-06,10.87,10.73,-1.29,2.67,0,6,形态: 10日内有涨停 | 趋势: 高于MA20 | 动量: 突破转强 (阳线上穿5/10)
601636,2026-07-13,6.74,6.07,-9.94,3.12,0,24,"形态: 两连阴 (-0.55%, -1.80%)"
601636,2026-08-06,6.03,6.07,0.66,3.98,1,6,趋势: 高于MA20 | 动量: 突破转强 (阳线上穿5/10)
002117,2026-08-06,8.31,8.11,-2.41,-0.6,0,6,趋势: 高于MA20 | 动量: 突破转强 (阳线上穿5/10)
600376,2026-07-15,3.3,3.99,20.91,33.94,1,22,"形态: 10日内有涨停 | 形态: 两连阴 (-9.02%, -1.50%)"
600376,2026-08-06,4.09,3.99,-2.44,8.07,0,6,形态: 10日内有涨停 | 趋势: 高于MA20
000565,2026-08-06,5.9,5.94,0.68,3.05,1,6,"形态: 两连阴 (-1.17%, -0.68%) | 趋势: 高于MA20 | 动量: 突破转强 (阳线上穿5/10)"
002067,2026-07-15,4.0,4.35,8.75,14.5,1,22,"形态: 10日内有涨停 | 形态: 两连阴 (-3.19%, -0.76%) | 趋势: 高于MA20"
002067,2026-08-06,4.5,4.35,-3.33,1.56,0,6,趋势: 高于MA20
002564,2026-08-06,4.48,4.56,1.79,5.8,1,6,趋势: 高于MA20 | 动量: 突破转强 (阳线上穿5/10)
002658,2026-08-18,7.82,7.55,-3.45,1.41,0,8,形态: 10日内有涨停 | 趋势: 高于MA20
601279,2026-08-18,3.23,3.42,5.88,5.88,1,8,趋势: 高于MA20
601279,2026-07-15,3.11,3.42,9.97,9.97,1,32,趋势: 高于MA20 | 动量: 突破转强 (阳线上穿5/10)
002066,2026-08-06,20.82,21.69,4.18,5.33,1,6,趋势: 高于MA20 | 动量: 突破转强 (阳线上穿5/10)
000635,2026-08-18,6.48,6.56,1.23,1.54,1,8,趋势: 高于MA20 | 动量: 突破转强 (阳线上穿5/10)
002052,2026-08-18,8.72,8.88,1.83,4.13,1,8,趋势: 多头排列 (5>20>60) | 形态: 10日内有涨停
603638,2026-07-13,21.13,19.56,-7.43,-0.52,0,24,形态: 10日内有涨停
603638,2026-08-06,19.99,19.56,-2.15,2.0,0,6,趋势: 高于MA20
603018,2026-08-18,5.27,5.34,1.33,1.9,1,8,趋势: 高于MA20
603018,2026-07-15,5.35,5.34,-0.19,1.87,0,32,动量: 突破转强 (阳线上穿5/10)
603269,2026-07-15,14.89,17.7,18.87,18.87,1,22,形态: 10日内有涨停
603269,2026-08-06,13.6,17.7,30.15,30.15,1,6,形态: 10日内有涨停 | 趋势: 高于MA20 | 动量: 突破转强 (阳线上穿5/10)
002023,2026-07-15,9.9,10.6,7.07,8.79,1,22,"形态: 两连阴 (-10.03%, -4.32%)"
002023,2026-08-06,10.42,10.6,1.73,3.36,1,6,趋势: 高于MA20 | 动量: 突破转强 (阳线上穿5/10)
603505,2026-07-15,15.98,16.43,2.82,6.51,1,22,形态: 10日内有涨停
603505,2026-08-06,17.02,16.43,-3.47,-1.06,0,6,趋势: 高于MA20 | 动量: 突破转强 (阳线上穿5/10)
002277,2026-08-18,5.81,6.41,10.33,13.25,1,8,趋势: 高于MA20
002277,2026-07-15,5.74,6.41,11.67,14.63,1,32,"形态: 两连阴 (-5.98%, -0.91%)"
605183,2026-08-06,14.5,14.55,0.34,3.31,1,6,趋势: 高于MA20
603386,2026-08-06,12.77,13.51,5.79,6.73,1,6,趋势: 高于MA20 | 动量: 突破转强 (阳线上穿5/10)
000600,2026-08-06,8.72,8.23,-5.62,1.38,0,6,趋势: 高于MA20
002212,2026-08-06,7.36,6.64,-9.78,-2.58,0,6,形态: 10日内有涨停 | 趋势: 高于MA20 | 动量: 突破转强 (阳线上穿5/10)
600933,2026-08-06,13.79,13.68,-0.8,0.8,0,6,趋势: 高于MA20
600719,2026-07-15,7.14,7.51,5.18,10.36,1,22,"形态: 两连阴 (-6.42%, -1.37%)"
600719,2026-08-06,7.62,7.51,-1.44,3.41,0,6,趋势: 高于MA20 | 动量: 突破转强 (阳线上穿5/10)
002708,2026-08-06,10.45,11.82,13.11,13.11,1,6,趋势: 高于MA20
600379,2026-07-13,13.55,14.5,7.01,9.23,1,24,"趋势: 多头排列 (5>20>60) | 形态: 10日内有涨停 | 形态: 两连阴 (-2.43%, -0.40%)"
600379,2026-08-06,13.15,14.5,10.27,12.55,1,6,形态: 10日内有涨停 | 趋势: 高于MA20 | 动量: 突破转强 (阳线上穿5/10)
600188,2026-08-18,22.42,23.02,2.68,2.68,1,8,趋势: 多头排列 (5>20>60) | 形态: 10日内有涨停 | 趋势: 高于MA20 | 动量: 突破转强 (阳线上穿5/10)
600188,2026-07-15,20.23,23.02,13.79,13.79,1,32,趋势: 高于MA20 | 动量: 突破转强 (阳线上穿5/10)
002648,2026-08-06,25.37,25.26,-0.43,4.3,0,6,趋势: 高于MA20 | 动量: 突破转强 (阳线上穿5/10)
002284,2026-08-18,10.22,9.84,-3.72,-3.72,0,8,量能: 放量 (2.54X) | 形态: 10日内有涨停 | 趋势: 高于MA20 | 动量: 突破转强 (阳线上穿5/10)
002036,2026-08-18,6.87,6.78,-1.31,-0.87,0,8,形态: 10日内有涨停
002036,2026-07-15,6.1,6.78,11.15,27.87,1,27,"形态: 两连阴 (-8.43%, -1.45%)"
002462,2026-08-18,12.26,12.34,0.65,0.82,1,8,趋势: 高于MA20
002462,2026-07-15,11.85,12.34,4.14,4.47,1,32,趋势: 高于MA20 | 动量: 突破转强 (阳线上穿5/10)
002462,2026-08-07,11.89,12.34,3.78,4.12,1,15,趋势: 高于MA20
002972,2026-08-18,14.94,12.37,-17.2,-7.97,0,8,量能: 放量 (1.61X) | 趋势: 高于MA20 | 动量: 突破转强 (阳线上穿5/10)
002446,2026-07-15,8.53,9.11,6.8,7.85,1,22,"形态: 两连阴 (-9.98%, -7.07%)"
002446,2026-08-06,8.87,9.11,2.71,3.72,1,6,量能: 放量 (1.88X) | 趋势: 高于MA20 | 动量: 突破转强 (阳线上穿5/10)
002849,2026-08-06,16.09,16.87,4.85,7.21,1,6,量能: 放量 (1.73X) | 趋势: 高于MA20 | 动量: 突破转强 (阳线上穿5/10)
002413,2026-07-15,8.26,8.64,4.6,11.02,1,22,"形态: 两连阴 (-9.98%, -4.27%)"
002413,2026-08-06,8.69,8.64,-0.58,5.52,0,6,量能: 放量 (2.00X) | 趋势: 高于MA20 | 动量: 突破转强 (阳线上穿5/10)
600110,2026-08-18,10.58,10.94,3.4,10.21,1,8,形态: 10日内有涨停 | 趋势: 高于MA20
600475,2026-08-06,14.95,14.99,0.27,0.27,1,6,形态: 10日内有涨停 | 趋势: 高于MA20
002372,2026-08-06,8.61,8.33,-3.25,0.46,0,6,"形态: 两连阴 (-2.96%, -2.15%) | 趋势: 高于MA20"
002221,2026-07-15,5.44,5.42,-0.37,6.8,0,22,动量: 突破转强 (阳线上穿5/10)
002221,2026-08-06,5.64,5.42,-3.9,0.0,0,6,"形态: 两连阴 (-1.38%, -0.35%) | 趋势: 高于MA20"
002097,2026-08-06,7.35,7.32,-0.41,1.5,0,6,"形态: 两连阴 (-1.07%, -0.14%) | 趋势: 高于MA20"
002465,2026-08-06,10.7,10.6,-0.93,2.06,0,6,趋势: 高于MA20 | 动量: 突破转强 (阳线上穿5/10)
000520,2026-07-13,4.07,3.84,-5.65,0.25,0,24,趋势: 多头排列 (5>20>60) | 形态: 10日内有涨停
000520,2026-08-06,3.96,3.84,-3.03,0.51,0,6,趋势: 高于MA20 | 动量: 突破转强 (阳线上穿5/10)
002012,2026-08-06,6.54,6.45,-1.38,1.83,0,6,形态: 10日内有涨停 | 趋势: 高于MA20 | 动量: 突破转强 (阳线上穿5/10)
002534,2026-07-13,17.55,15.63,-10.94,-0.51,0,24,动量: 突破转强 (阳线上穿5/10)
002534,2026-08-06,16.0,15.63,-2.31,1.75,0,6,形态: 10日内有涨停 | 趋势: 高于MA20 | 动量: 突破转强 (阳线上穿5/10)
603898,2026-08-18,11.62,11.29,-2.84,-0.09,0,8,趋势: 高于MA20
603898,2026-07-15,13.84,11.29,-18.42,-3.97,0,32,"趋势: 多头排列 (5>20>60) | 形态: 10日内有涨停 | 形态: 两连阴 (-4.78%, -1.58%)"
601187,2026-08-18,7.12,7.15,0.42,4.07,1,8,量能: 放量 (1.96X)
601187,2026-07-15,7.39,7.15,-3.25,6.36,0,32,趋势: 高于MA20 | 动量: 突破转强 (阳线上穿5/10)
601187,2026-08-07,7.25,7.15,-1.38,2.34,0,15,"趋势: 多头排列 (5>20>60) | 形态: 两连阴 (-1.72%, -0.81%)"
000967,2026-08-06,9.37,9.47,1.07,1.07,1,6,形态: 10日内有涨停 | 趋势: 高于MA20
002863,2026-08-06,4.47,4.54,1.57,2.46,1,6,"量能: 放量 (2.02X) | 形态: 两连阴 (-1.12%, -0.45%) | 趋势: 高于MA20 | 动量: 突破转强 (阳线上穿5/10)"
600366,2026-08-06,11.95,12.64,5.77,5.77,1,6,趋势: 高于MA20 | 动量: 突破转强 (阳线上穿5/10)
002181,2026-08-06,9.37,9.02,-3.74,0.11,0,6,趋势: 高于MA20
600497,2026-08-18,10.18,10.57,3.83,3.83,1,8,趋势: 高于MA20
600497,2026-07-15,9.44,10.57,11.97,13.67,1,32,形态: 10日内有涨停
002166,2026-08-18,6.92,6.92,0.0,0.29,0,8,趋势: 高于MA20 | 动量: 突破转强 (阳线上穿5/10)
002166,2026-07-15,6.96,6.92,-0.57,5.89,0,32,量能: 放量 (2.53X) | 趋势: 高于MA20 | 动量: 突破转强 (阳线上穿5/10)
600336,2026-08-18,6.28,6.3,0.32,1.27,1,8,趋势: 高于MA20
600558,2026-08-06,4.82,5.01,3.94,3.94,1,6,趋势: 高于MA20
000655,2026-08-18,6.91,7.55,9.26,9.26,1,8,趋势: 高于MA20
000655,2026-07-15,6.6,7.55,14.39,14.39,1,32,趋势: 高于MA20 | 动量: 突破转强 (阳线上穿5/10)
000655,2026-08-07,6.93,7.55,8.95,8.95,1,15,趋势: 高于MA20 | 动量: 突破转强 (阳线上穿5/10)
002519,2026-07-15,5.15,5.56,7.96,11.07,1,22,"形态: 两连阴 (-9.87%, -5.57%)"
002519,2026-08-06,5.53,5.56,0.54,3.44,1,6,趋势: 高于MA20
601789,2026-08-06,4.41,4.62,4.76,7.26,1,6,形态: 10日内有涨停 | 趋势: 高于MA20
600697,2026-08-18,10.84,11.14,2.77,2.77,1,8,趋势: 高于MA20 | 动量: 突破转强 (阳线上穿5/10)
600697,2026-07-15,10.07,11.14,10.63,10.63,1,32,趋势: 高于MA20 | 动量: 突破转强 (阳线上穿5/10)
600697,2026-08-07,10.38,11.14,7.32,7.32,1,15,趋势: 高于MA20
000837,2026-07-15,9.54,10.56,10.69,17.4,1,22,"形态: 两连阴 (-9.51%, -1.34%)"
000837,2026-08-06,9.96,10.56,6.02,12.45,1,6,趋势: 高于MA20 | 动量: 突破转强 (阳线上穿5/10)
002600,2026-08-18,12.94,12.47,-3.63,-3.4,0,8,趋势: 高于MA20
002600,2026-07-15,12.71,12.47,-1.89,2.12,0,32,"形态: 两连阴 (-10.03%, -4.91%)"
603098,2026-07-15,9.93,9.98,0.5,3.42,1,22,"形态: 两连阴 (-3.79%, -0.21%)"
603098,2026-08-06,10.18,9.98,-1.96,0.88,0,6,趋势: 高于MA20
600233,2026-07-13,16.72,18.9,13.04,14.83,1,24,形态: 10日内有涨停 | 趋势: 高于MA20
600233,2026-08-06,18.7,18.9,1.07,1.5,1,6,趋势: 多头排列 (5>20>60) | 趋势: 高于MA20
601198,2026-07-13,13.68,13.62,-0.44,4.46,0,24,趋势: 多头排列 (5>20>60) | 趋势: 高于MA20
601198,2026-08-06,13.84,13.62,-1.59,0.29,0,6,趋势: 多头排列 (5>20>60) | 趋势: 高于MA20
605018,2026-07-13,12.26,14.29,16.56,21.7,1,24,形态: 10日内有涨停
605018,2026-08-06,12.63,14.29,13.14,18.13,1,6,趋势: 高于MA20
002394,2026-08-18,9.69,10.31,6.4,8.36,1,8,趋势: 高于MA20
603909,2026-08-18,9.56,9.74,1.88,2.41,1,8,趋势: 高于MA20
603909,2026-07-15,8.93,9.74,9.07,9.63,1,32,趋势: 高于MA20 | 动量: 突破转强 (阳线上穿5/10)
603909,2026-08-07,9.11,9.74,6.92,7.46,1,15,趋势: 高于MA20 | 动量: 突破转强 (阳线上穿5/10)
600268,2026-08-06,11.29,10.84,-3.99,-0.35,0,6,趋势: 高于MA20
001300,2026-08-06,10.56,11.14,5.49,9.56,1,6,趋势: 高于MA20
600126,2026-08-06,6.6,7.38,11.82,11.82,1,6,趋势: 高于MA20
002695,2026-08-18,11.48,10.75,-6.36,-2.26,0,8,趋势: 高于MA20 | 动量: 突破转强 (阳线上穿5/10)
002695,2026-07-15,10.61,10.75,1.32,8.2,1,32,趋势: 高于MA20 | 动量: 突破转强 (阳线上穿5/10)
002695,2026-08-07,10.79,10.75,-0.37,6.39,0,15,形态: 10日内有涨停 | 趋势: 高于MA20 | 动量: 突破转强 (阳线上穿5/10)
600814,2026-08-06,6.64,6.63,-0.15,1.96,0,6,"形态: 两连阴 (-0.89%, -0.75%) | 趋势: 高于MA20"
600707,2026-08-18,10.8,9.24,-14.44,-4.17,0,8,量能: 放量 (2.28X) | 形态: 10日内有涨停 | 趋势: 高于MA20 | 动量: 突破转强 (阳线上穿5/10)
000586,2026-08-18,12.94,13.77,6.41,11.36,1,8,趋势: 高于MA20 | 动量: 突破转强 (阳线上穿5/10)
000715,2026-08-18,5.22,5.72,9.58,9.58,1,8,形态: 10日内有涨停 | 趋势: 高于MA20
000715,2026-07-15,4.92,5.72,16.26,16.26,1,32,趋势: 高于MA20 | 动量: 突破转强 (阳线上穿5/10)
600185,2026-07-15,4.57,4.8,5.03,7.22,1,32,动量: 突破转强 (阳线上穿5/10)
002078,2026-07-15,13.95,13.82,-0.93,5.09,0,22,趋势: 高于MA20 | 动量: 突破转强 (阳线上穿5/10)
002078,2026-08-06,13.9,13.82,-0.58,1.87,0,6,"趋势: 多头排列 (5>20>60) | 形态: 两连阴 (-1.87%, -0.56%)"
605377,2026-07-15,9.85,9.03,-8.32,-2.84,0,22,"形态: 10日内有涨停 | 形态: 两连阴 (-2.37%, -0.30%) | 趋势: 高于MA20"
605377,2026-08-06,9.12,9.03,-0.99,3.07,0,6,动量: 突破转强 (阳线上穿5/10)
000810,2026-08-18,9.72,9.73,0.1,0.21,1,8,趋势: 高于MA20
000810,2026-07-15,10.53,9.73,-7.6,3.04,0,32,"形态: 10日内有涨停 | 形态: 两连阴 (-9.97%, -9.00%)"
002194,2026-08-06,10.09,10.45,3.57,10.01,1,6,量能: 放量 (2.07X) | 形态: 10日内有涨停 | 趋势: 高于MA20 | 动量: 突破转强 (阳线上穿5/10)
603189,2026-08-18,9.3,9.37,0.75,0.75,1,8,量能: 放量 (1.52X) | 趋势: 高于MA20
603189,2026-07-15,9.05,9.37,3.54,9.94,1,32,"形态: 两连阴 (-5.77%, -3.38%)"
603189,2026-08-07,9.65,9.37,-2.9,0.0,0,15,趋势: 高于MA20
603182,2026-07-15,12.06,12.87,6.72,8.46,1,22,趋势: 高于MA20 | 动量: 突破转强 (阳线上穿5/10)
603182,2026-08-06,12.18,12.87,5.67,7.39,1,6,趋势: 高于MA20 | 动量: 突破转强 (阳线上穿5/10)
002414,2026-08-18,14.02,12.85,-8.35,-3.57,0,8,趋势: 多头排列 (5>20>60) | 趋势: 高于MA20
002414,2026-07-15,13.32,12.85,-3.53,7.81,0,32,"形态: 10日内有涨停 | 形态: 两连阴 (-4.44%, -2.79%) | 趋势: 高于MA20"
600802,2026-08-18,4.62,4.81,4.11,4.11,1,8,趋势: 高于MA20 | 动量: 突破转强 (阳线上穿5/10)
600802,2026-07-15,4.25,4.81,13.18,13.18,1,32,动量: 突破转强 (阳线上穿5/10)
603227,2026-08-18,7.98,7.83,-1.88,-1.88,0,8,量能: 放量 (1.97X) | 趋势: 高于MA20 | 动量: 突破转强 (阳线上穿5/10)
603227,2026-07-15,7.35,7.83,6.53,8.57,1,32,趋势: 高于MA20 | 动量: 突破转强 (阳线上穿5/10)
603227,2026-08-07,7.71,7.83,1.56,3.5,1,15,"量能: 放量 (1.55X) | 形态: 两连阴 (-1.03%, -0.13%) | 趋势: 高于MA20"
600172,2026-08-18,14.32,14.42,0.7,2.03,1,8,量能: 放量 (1.94X) | 形态: 10日内有涨停 | 趋势: 高于MA20 | 动量: 突破转强 (阳线上穿5/10)
600172,2026-07-15,14.07,14.42,2.49,3.84,1,32,"形态: 10日内有涨停 | 形态: 两连阴 (-10.00%, -0.46%)"
600172,2026-08-07,12.18,14.42,18.39,19.95,1,15,形态: 10日内有涨停 | 趋势: 高于MA20 | 动量: 突破转强 (阳线上穿5/10)
600515,2026-07-15,2.79,2.84,1.79,7.53,1,32,趋势: 高于MA20 | 动量: 突破转强 (阳线上穿5/10)
002103,2026-08-18,6.58,6.63,0.76,0.76,1,8,"趋势: 多头排列 (5>20>60) | 形态: 两连阴 (-0.30%, -0.89%) | 趋势: 高于MA20"
002103,2026-07-15,6.15,6.63,7.8,12.36,1,32,趋势: 高于MA20 | 动量: 突破转强 (阳线上穿5/10)
002103,2026-08-07,6.64,6.63,-0.15,4.07,0,15,"形态: 两连阴 (-1.90%, -2.23%) | 趋势: 高于MA20"
603429,2026-08-18,8.02,8.54,6.48,12.84,1,8,量能: 放量 (1.59X) | 趋势: 高于MA20 | 动量: 突破转强 (阳线上穿5/10)
603429,2026-07-15,8.13,8.54,5.04,11.32,1,32,形态: 10日内有涨停 | 动量: 突破转强 (阳线上穿5/10)
600399,2026-07-15,3.91,4.24,8.44,12.28,1,22,"形态: 两连阴 (-6.54%, -0.26%)"
600399,2026-08-06,4.27,4.24,-0.7,2.58,0,6,趋势: 高于MA20
601598,2026-07-13,5.38,6.41,19.14,24.35,1,24,"形态: 两连阴 (-1.66%, -0.38%) | 动量: 突破转强 (阳线上穿5/10)"
601598,2026-08-06,6.46,6.41,-0.77,3.56,0,6,"趋势: 多头排列 (5>20>60) | 形态: 两连阴 (-3.33%, -0.31%) | 趋势: 高于MA20"
600603,2026-08-06,4.56,4.38,-3.95,-0.22,0,6,趋势: 高于MA20
002434,2026-07-15,5.66,5.9,4.24,7.07,1,22,"形态: 10日内有涨停 | 形态: 两连阴 (-3.50%, -0.69%)"
002434,2026-08-06,5.78,5.9,2.08,4.84,1,6,趋势: 高于MA20
002461,2026-08-06,8.81,9.94,12.83,15.78,1,6,"形态: 两连阴 (-2.61%, -1.34%) | 趋势: 高于MA20"
002148,2026-07-13,5.9,6.62,12.2,12.2,1,24,形态: 10日内有涨停
002148,2026-08-06,6.47,6.62,2.32,2.32,1,6,趋势: 高于MA20 | 动量: 突破转强 (阳线上穿5/10)
603238,2026-08-18,12.42,12.34,-0.64,0.0,0,8,趋势: 高于MA20
603238,2026-07-15,11.64,12.34,6.01,6.7,1,32,趋势: 高于MA20 | 动量: 突破转强 (阳线上穿5/10)
603238,2026-08-07,11.9,12.34,3.7,4.37,1,15,趋势: 高于MA20
002301,2026-07-15,8.04,7.84,-2.49,0.75,0,22,趋势: 多头排列 (5>20>60) | 趋势: 高于MA20
002301,2026-08-06,7.07,7.84,10.89,10.89,1,6,动量: 突破转强 (阳线上穿5/10)
002209,2026-08-06,10.8,11.51,6.57,6.57,1,6,趋势: 高于MA20 | 动量: 突破转强 (阳线上穿5/10)
603332,2026-08-06,11.0,11.19,1.73,3.55,1,6,趋势: 高于MA20 | 动量: 突破转强 (阳线上穿5/10)
601933,2026-08-18,3.27,3.15,-3.67,-3.36,0,8,趋势: 高于MA20 | 动量: 突破转强 (阳线上穿5/10)
601933,2026-07-15,3.2,3.15,-1.56,3.44,0,32,趋势: 高于MA20 | 动量: 突破转强 (阳线上穿5/10)
002541,2026-08-18,19.98,20.22,1.2,3.35,1,8,形态: 10日内有涨停 | 趋势: 高于MA20 | 动量: 突破转强 (阳线上穿5/10)
002541,2026-07-15,20.96,20.22,-3.53,5.92,0,32,趋势: 高于MA20 | 动量: 突破转强 (阳线上穿5/10)
000036,2026-07-15,4.82,4.17,-13.49,-8.71,0,22,形态: 10日内有涨停 | 趋势: 高于MA20 | 动量: 突破转强 (阳线上穿5/10)
000036,2026-08-06,4.16,4.17,0.24,4.57,1,6,趋势: 高于MA20
002688,2026-08-06,5.17,5.2,0.58,1.55,1,6,量能: 放量 (2.00X) | 趋势: 高于MA20 | 动量: 突破转强 (阳线上穿5/10)
601611,2026-07-15,9.86,11.28,14.4,28.8,1,22,"形态: 两连阴 (-4.36%, -1.01%)"
601611,2026-08-06,11.98,11.28,-5.84,-0.58,0,6,形态: 10日内有涨停 | 趋势: 高于MA20
600192,2026-07-15,6.23,7.17,15.09,26.65,1,22,"形态: 10日内有涨停 | 形态: 两连阴 (-6.91%, -0.32%)"
600192,2026-08-06,7.34,7.17,-2.32,7.49,0,6,形态: 10日内有涨停 | 趋势: 高于MA20
600051,2026-08-06,6.07,6.18,1.81,3.13,1,6,"形态: 两连阴 (-0.17%, -0.66%) | 趋势: 高于MA20 | 动量: 突破转强 (阳线上穿5/10)"
601233,2026-08-06,23.35,22.84,-2.18,4.5,0,6,趋势: 多头排列 (5>20>60) | 趋势: 高于MA20 | 动量: 突破转强 (阳线上穿5/10)
603085,2026-07-15,10.93,10.07,-7.87,-2.84,0,22,动量: 突破转强 (阳线上穿5/10)
603085,2026-08-06,10.2,10.07,-1.27,-0.59,0,6,量能: 放量 (1.61X) | 趋势: 高于MA20 | 动量: 突破转强 (阳线上穿5/10)
002246,2026-07-13,17.85,21.07,18.04,25.88,1,24,量能: 放量 (2.03X)
002246,2026-08-06,19.94,21.07,5.67,12.69,1,6,趋势: 高于MA20
603637,2026-08-06,12.92,13.51,4.57,6.73,1,6,形态: 10日内有涨停 | 趋势: 高于MA20 | 动量: 突破转强 (阳线上穿5/10)
002383,2026-08-06,7.07,7.03,-0.57,0.99,0,6,趋势: 高于MA20 | 动量: 突破转强 (阳线上穿5/10)
000957,2026-08-18,10.53,10.22,-2.94,-1.04,0,8,趋势: 多头排列 (5>20>60) | 趋势: 高于MA20 | 动量: 突破转强 (阳线上穿5/10)
000957,2026-07-15,9.8,10.22,4.29,8.06,1,32,量能: 放量 (1.67X) | 趋势: 高于MA20 | 动量: 突破转强 (阳线上穿5/10)
605222,2026-08-06,19.78,19.95,0.86,2.83,1,6,趋势: 高于MA20 | 动量: 突破转强 (阳线上穿5/10)
603626,2026-08-18,16.92,19.29,14.01,18.5,1,8,形态: 10日内有涨停 | 趋势: 高于MA20 | 动量: 突破转强 (阳线上穿5/10)
603626,2026-08-07,15.73,19.29,22.63,27.46,1,15,形态: 10日内有涨停 | 趋势: 高于MA20 | 动量: 突破转强 (阳线上穿5/10)
600372,2026-07-15,11.31,11.26,-0.44,2.12,0,22,"形态: 两连阴 (-3.45%, -0.27%) | 趋势: 高于MA20 | 动量: 突破转强 (阳线上穿5/10)"
600372,2026-08-06,11.4,11.26,-1.23,1.23,0,6,趋势: 多头排列 (5>20>60) | 趋势: 高于MA20
605300,2026-08-18,10.08,9.85,-2.28,-2.28,0,8,趋势: 多头排列 (5>20>60) | 趋势: 高于MA20 | 动量: 突破转强 (阳线上穿5/10)
605300,2026-07-15,9.21,9.85,6.95,9.45,1,32,趋势: 高于MA20 | 动量: 突破转强 (阳线上穿5/10)
603900,2026-08-18,6.16,7.85,27.44,27.44,1,8,趋势: 高于MA20 | 动量: 突破转强 (阳线上穿5/10)
603900,2026-07-15,5.6,7.85,40.18,40.18,1,32,量能: 放量 (1.58X)
002782,2026-08-18,16.03,15.11,-5.74,-4.3,0,8,趋势: 高于MA20
600219,2026-08-18,4.91,4.88,-0.61,3.87,0,8,趋势: 多头排列 (5>20>60) | 趋势: 高于MA20 | 动量: 突破转强 (阳线上穿5/10)
002532,2026-08-06,13.4,13.13,-2.01,6.49,0,6,趋势: 高于MA20
600858,2026-08-18,4.98,4.99,0.2,0.2,1,8,趋势: 高于MA20 | 动量: 突破转强 (阳线上穿5/10)
600858,2026-07-15,4.76,4.99,4.83,4.83,1,32,趋势: 高于MA20 | 动量: 突破转强 (阳线上穿5/10)
000670,2026-08-06,6.9,6.85,-0.72,4.2,0,6,形态: 10日内有涨停 | 趋势: 高于MA20
000048,2026-07-15,21.11,23.7,12.27,14.31,1,22,"趋势: 多头排列 (5>20>60) | 形态: 10日内有涨停 | 形态: 两连阴 (-4.73%, -3.75%)"
000048,2026-08-06,21.6,23.7,9.72,11.71,1,6,趋势: 多头排列 (5>20>60) | 形态: 10日内有涨停 | 趋势: 高于MA20 | 动量: 突破转强 (阳线上穿5/10)
002858,2026-08-18,11.75,11.78,0.26,0.94,1,8,趋势: 高于MA20
002858,2026-07-15,10.7,11.78,10.09,12.34,1,32,动量: 突破转强 (阳线上穿5/10)
600679,2026-08-18,9.6,10.18,6.04,6.04,1,8,趋势: 多头排列 (5>20>60) | 趋势: 高于MA20 | 动量: 突破转强 (阳线上穿5/10)
600679,2026-07-15,9.3,10.18,9.46,9.46,1,32,趋势: 高于MA20 | 动量: 突破转强 (阳线上穿5/10)
600679,2026-08-07,9.39,10.18,8.41,8.41,1,15,趋势: 高于MA20
000821,2026-07-15,7.35,7.19,-2.18,1.22,0,22,"形态: 两连阴 (-5.94%, -0.27%)"
000821,2026-08-06,7.33,7.19,-1.91,0.95,0,6,趋势: 高于MA20
600651,2026-08-18,5.9,5.52,-6.44,-3.39,0,8,"形态: 10日内有涨停 | 形态: 两连阴 (-0.83%, -0.50%) | 趋势: 高于MA20"
601218,2026-08-06,4.57,4.58,0.22,3.94,1,6,"形态: 10日内有涨停 | 形态: 两连阴 (-0.64%, -0.65%) | 趋势: 高于MA20"
603990,2026-08-06,20.7,23.38,12.95,19.47,1,6,形态: 10日内有涨停 | 趋势: 高于MA20 | 动量: 突破转强 (阳线上穿5/10)
603022,2026-07-15,8.13,8.66,6.52,7.38,1,22,动量: 突破转强 (阳线上穿5/10)
603022,2026-08-06,8.45,8.66,2.49,3.31,1,6,趋势: 高于MA20 | 动量: 突破转强 (阳线上穿5/10)
000061,2026-08-06,5.87,5.64,-3.92,0.34,0,6,"形态: 两连阴 (-0.98%, -2.15%) | 趋势: 高于MA20"
002845,2026-08-18,13.67,13.35,-2.34,-2.34,0,8,趋势: 高于MA20 | 动量: 突破转强 (阳线上穿5/10)
002845,2026-07-15,14.21,13.35,-6.05,-0.28,0,32,形态: 10日内有涨停
002845,2026-08-07,13.0,13.35,2.69,5.15,1,15,趋势: 高于MA20 | 动量: 突破转强 (阳线上穿5/10)
603101,2026-08-18,7.38,7.67,3.93,3.93,1,8,趋势: 多头排列 (5>20>60) | 趋势: 高于MA20 | 动量: 突破转强 (阳线上穿5/10)
603101,2026-07-15,7.11,7.67,7.88,7.88,1,32,趋势: 高于MA20 | 动量: 突破转强 (阳线上穿5/10)
002584,2026-07-13,8.03,8.24,2.62,3.86,1,24,"形态: 10日内有涨停 | 形态: 两连阴 (-4.80%, -3.95%)"
002584,2026-08-06,7.98,8.24,3.26,4.51,1,6,趋势: 高于MA20 | 动量: 突破转强 (阳线上穿5/10)
002095,2026-08-06,14.51,14.32,-1.31,-0.14,0,6,趋势: 高于MA20 | 动量: 突破转强 (阳线上穿5/10)
600232,2026-08-18,6.43,6.57,2.18,2.18,1,8,趋势: 高于MA20
603677,2026-07-13,13.82,13.73,-0.65,4.85,0,24,量能: 放量 (1.93X) | 形态: 10日内有涨停 | 趋势: 高于MA20 | 动量: 突破转强 (阳线上穿5/10)
603677,2026-08-06,13.31,13.73,3.16,4.43,1,6,趋势: 高于MA20 | 动量: 突破转强 (阳线上穿5/10)
600212,2026-08-18,5.74,6.22,8.36,8.36,1,8,趋势: 高于MA20 | 动量: 突破转强 (阳线上穿5/10)
603162,2026-08-18,12.17,12.68,4.19,4.19,1,8,趋势: 多头排列 (5>20>60) | 形态: 10日内有涨停 | 趋势: 高于MA20 | 动量: 突破转强 (阳线上穿5/10)
603162,2026-07-15,11.24,12.68,12.81,12.81,1,32,形态: 10日内有涨停 | 趋势: 高于MA20 | 动量: 突破转强 (阳线上穿5/10)
002453,2026-08-06,4.4,4.39,-0.23,3.64,0,6,趋势: 高于MA20 | 动量: 突破转强 (阳线上穿5/10)
605056,2026-08-18,14.91,13.94,-6.51,-4.83,0,8,趋势: 高于MA20
002669,2026-07-13,12.62,12.22,-3.17,0.63,0,18,"形态: 两连阴 (-1.27%, -2.94%)"
600860,2026-08-06,8.35,8.57,2.63,6.35,1,6,趋势: 高于MA20 | 动量: 突破转强 (阳线上穿5/10)
600470,2026-07-13,6.26,5.45,-12.94,-7.83,0,24,趋势: 多头排列 (5>20>60) | 形态: 10日内有涨停 | 趋势: 高于MA20
600470,2026-08-06,5.71,5.45,-4.55,1.05,0,6,趋势: 高于MA20
000712,2026-08-06,9.51,9.33,-1.89,1.68,0,6,量能: 放量 (1.62X) | 形态: 10日内有涨停 | 趋势: 高于MA20
603778,2026-07-15,9.83,10.43,6.1,13.22,1,22,"形态: 10日内有涨停 | 形态: 两连阴 (-9.98%, -1.37%)"
603778,2026-08-06,10.81,10.43,-3.52,2.96,0,6,形态: 10日内有涨停 | 趋势: 高于MA20 | 动量: 突破转强 (阳线上穿5/10)
000953,2026-08-06,5.62,6.17,9.79,11.39,1,6,趋势: 高于MA20 | 动量: 突破转强 (阳线上穿5/10)
002031,2026-08-06,5.3,5.94,12.08,21.13,1,6,趋势: 高于MA20
600058,2026-07-15,8.88,10.8,21.62,27.25,1,22,"形态: 两连阴 (-10.02%, -9.96%)"
600058,2026-08-06,10.45,10.8,3.35,8.13,1,6,量能: 放量 (1.55X) | 趋势: 高于MA20 | 动量: 突破转强 (阳线上穿5/10)
603685,2026-08-18,27.16,24.03,-11.52,-7.58,0,8,"量能: 放量 (1.87X) | 形态: 两连阴 (-1.76%, -1.26%) | 趋势: 高于MA20 | 动量: 突破转强 (阳线上穿5/10)"
000759,2026-08-18,6.99,6.3,-9.87,-6.58,0,8,趋势: 多头排列 (5>20>60) | 趋势: 高于MA20
000759,2026-07-15,6.87,6.3,-8.3,6.99,0,32,趋势: 多头排列 (5>20>60) | 量能: 放量 (1.55X) | 形态: 10日内有涨停 | 趋势: 高于MA20 | 动量: 突破转强 (阳线上穿5/10)
600996,2026-07-15,6.43,6.92,7.62,11.04,1,22,动量: 突破转强 (阳线上穿5/10)
600996,2026-08-06,7.14,6.92,-3.08,-0.14,0,6,趋势: 高于MA20
603587,2026-07-15,11.75,11.68,-0.6,1.96,0,22,趋势: 高于MA20 | 动量: 突破转强 (阳线上穿5/10)
603587,2026-08-06,11.48,11.68,1.74,2.7,1,6,"形态: 两连阴 (-1.44%, -1.03%)"
600236,2026-07-15,10.0,10.11,1.1,22.4,1,22,趋势: 高于MA20 | 动量: 突破转强 (阳线上穿5/10)
600236,2026-08-06,10.97,10.11,-7.84,-0.73,0,6,趋势: 多头排列 (5>20>60) | 形态: 10日内有涨停 | 趋势: 高于MA20
002732,2026-08-18,14.14,14.08,-0.42,-0.42,0,8,趋势: 高于MA20 | 动量: 突破转强 (阳线上穿5/10)
002732,2026-07-15,13.02,14.08,8.14,8.6,1,32,趋势: 高于MA20 | 动量: 突破转强 (阳线上穿5/10)
603879,2026-08-06,5.04,5.45,8.13,10.32,1,6,趋势: 高于MA20
603969,2026-08-18,7.37,7.71,4.61,4.61,1,8,趋势: 高于MA20 | 动量: 突破转强 (阳线上穿5/10)
603969,2026-07-15,7.8,7.71,-1.15,-0.13,0,32,"形态: 10日内有涨停 | 形态: 两连阴 (-7.43%, -0.14%) | 趋势: 高于MA20 | 动量: 突破转强 (阳线上穿5/10)"
603969,2026-08-07,7.47,7.71,3.21,3.21,1,15,趋势: 高于MA20
600215,2026-07-15,5.86,6.72,14.68,15.02,1,22,形态: 10日内有涨停
600215,2026-08-06,6.24,6.72,7.69,8.01,1,6,趋势: 高于MA20 | 动量: 突破转强 (阳线上穿5/10)
600012,2026-07-13,16.88,16.15,-4.32,13.03,0,24,"趋势: 多头排列 (5>20>60) | 形态: 两连阴 (-1.16%, -2.81%) | 趋势: 高于MA20"
600012,2026-08-06,16.04,16.15,0.69,2.87,1,6,"形态: 两连阴 (-1.94%, -1.98%)"
605368,2026-07-13,6.55,6.58,0.46,4.89,1,24,量能: 放量 (2.09X) | 趋势: 高于MA20 | 动量: 突破转强 (阳线上穿5/10)
605368,2026-08-06,6.73,6.58,-2.23,0.89,0,6,"形态: 两连阴 (-1.31%, -0.74%) | 趋势: 高于MA20"
002494,2026-08-06,4.66,4.74,1.72,4.08,1,6,趋势: 高于MA20 | 动量: 突破转强 (阳线上穿5/10)
001914,2026-07-15,8.94,8.87,-0.78,2.35,0,32,趋势: 高于MA20 | 动量: 突破转强 (阳线上穿5/10)
001914,2026-08-07,8.71,8.87,1.84,2.53,1,15,"形态: 两连阴 (-1.79%, -0.91%)"
002319,2026-08-06,11.35,10.9,-3.96,8.11,0,6,量能: 放量 (1.90X) | 趋势: 高于MA20 | 动量: 突破转强 (阳线上穿5/10)
002187,2026-07-15,4.94,5.31,7.49,10.73,1,22,趋势: 高于MA20 | 动量: 突破转强 (阳线上穿5/10)
002187,2026-08-06,5.31,5.31,0.0,3.01,0,6,"形态: 两连阴 (-0.37%, -0.56%) | 趋势: 高于MA20"
002011,2026-08-07,10.35,10.15,-1.93,0.68,0,15,趋势: 高于MA20
600459,2026-08-18,22.82,21.43,-6.09,-4.16,0,8,形态: 10日内有涨停 | 趋势: 高于MA20
600415,2026-08-18,12.3,12.46,1.3,2.28,1,8,趋势: 高于MA20 | 动量: 突破转强 (阳线上穿5/10)
600415,2026-07-15,10.43,12.46,19.46,23.3,1,32,"量能: 放量 (1.67X) | 形态: 两连阴 (-1.87%, -1.30%) | 趋势: 高于MA20 | 动量: 突破转强 (阳线上穿5/10)"
600415,2026-08-07,12.11,12.46,2.89,3.88,1,15,趋势: 高于MA20
000863,2026-08-18,4.12,4.29,4.13,4.85,1,8,趋势: 高于MA20
000863,2026-07-15,4.12,4.29,4.13,7.52,1,32,"形态: 两连阴 (-3.52%, -0.73%)"
603628,2026-08-06,9.5,9.53,0.32,2.95,1,6,"形态: 两连阴 (-1.65%, -0.21%) | 趋势: 高于MA20"
002410,2026-08-06,9.6,9.17,-4.48,-0.63,0,6,趋势: 高于MA20
603885,2026-08-06,11.19,10.66,-4.74,-1.07,0,6,趋势: 高于MA20
001318,2026-08-18,11.86,11.76,-0.84,-0.84,0,8,趋势: 多头排列 (5>20>60) | 量能: 放量 (1.85X) | 形态: 10日内有涨停 | 趋势: 高于MA20
001318,2026-07-15,10.34,11.76,13.73,19.44,1,32,趋势: 高于MA20 | 动量: 突破转强 (阳线上穿5/10)
002540,2026-07-15,4.79,5.1,6.47,9.19,1,22,动量: 突破转强 (阳线上穿5/10)
002540,2026-08-06,5.15,5.1,-0.97,1.36,0,6,"形态: 两连阴 (-0.19%, -1.15%) | 趋势: 高于MA20"
000557,2026-07-15,3.66,3.62,-1.09,2.73,0,22,趋势: 高于MA20 | 动量: 突破转强 (阳线上穿5/10)
000557,2026-08-06,3.7,3.62,-2.16,0.81,0,6,趋势: 高于MA20
600353,2026-08-18,37.54,34.63,-7.75,1.97,0,8,形态: 10日内有涨停 | 趋势: 高于MA20 | 动量: 突破转强 (阳线上穿5/10)
600353,2026-07-15,37.15,34.63,-6.78,3.04,0,32,形态: 10日内有涨停
002483,2026-08-06,5.18,5.5,6.18,11.2,1,6,趋势: 高于MA20
000632,2026-08-18,3.75,4.39,17.07,17.07,1,8,趋势: 高于MA20 | 动量: 突破转强 (阳线上穿5/10)
600578,2026-08-18,5.7,5.57,-2.28,-0.18,0,8,"形态: 两连阴 (-8.50%, -1.82%)"
603421,2026-08-18,6.0,5.97,-0.5,-0.33,0,8,形态: 10日内有涨停 | 趋势: 高于MA20
002003,2026-07-13,8.72,9.86,13.07,24.66,1,24,"形态: 两连阴 (-2.62%, -1.64%) | 趋势: 高于MA20 | 动量: 突破转强 (阳线上穿5/10)"
002003,2026-08-06,10.41,9.86,-5.28,0.29,0,6,趋势: 多头排列 (5>20>60) | 趋势: 高于MA20
002668,2026-07-13,10.71,10.84,1.21,1.21,1,18,趋势: 多头排列 (5>20>60) | 趋势: 高于MA20
001338,2026-08-18,8.75,9.21,5.26,10.06,1,8,量能: 放量 (1.92X) | 趋势: 高于MA20 | 动量: 突破转强 (阳线上穿5/10)
001338,2026-07-15,8.73,9.21,5.5,10.31,1,32,动量: 突破转强 (阳线上穿5/10)
600888,2026-08-18,10.27,10.51,2.34,2.63,1,8,趋势: 高于MA20
600888,2026-08-07,10.07,10.51,4.37,4.67,1,15,趋势: 高于MA20 | 动量: 突破转强 (阳线上穿5/10)
600156,2026-08-18,8.25,8.54,3.52,4.12,1,8,形态: 10日内有涨停 | 趋势: 高于MA20
600156,2026-07-15,7.68,8.54,11.2,18.36,1,32,"形态: 10日内有涨停 | 形态: 两连阴 (-7.87%, -0.13%)"
600156,2026-08-07,8.4,8.54,1.67,8.21,1,15,量能: 放量 (2.15X) | 形态: 10日内有涨停 | 趋势: 高于MA20
603335,2026-07-13,6.52,6.74,3.37,6.75,1,24,形态: 10日内有涨停
603335,2026-08-06,6.84,6.74,-1.46,1.75,0,6,量能: 放量 (1.54X) | 形态: 10日内有涨停 | 趋势: 高于MA20 | 动量: 突破转强 (阳线上穿5/10)
603803,2026-08-18,10.88,11.26,3.49,4.04,1,8,趋势: 高于MA20
002418,2026-08-06,3.75,4.07,8.53,8.53,1,6,趋势: 高于MA20 | 动量: 突破转强 (阳线上穿5/10)
003040,2026-08-06,12.46,11.74,-5.78,5.14,0,6,形态: 10日内有涨停 | 趋势: 高于MA20 | 动量: 突破转强 (阳线上穿5/10)
002556,2026-08-06,4.98,5.01,0.6,2.81,1,6,趋势: 高于MA20 | 动量: 突破转强 (阳线上穿5/10)
002583,2026-08-06,8.53,8.29,-2.81,-1.17,0,6,趋势: 高于MA20
603002,2026-08-18,17.84,17.67,-0.95,-0.95,0,8,量能: 放量 (1.75X) | 形态: 10日内有涨停 | 趋势: 高于MA20 | 动量: 突破转强 (阳线上穿5/10)
601366,2026-08-18,3.75,3.75,0.0,0.0,0,8,量能: 放量 (2.57X) | 形态: 10日内有涨停 | 趋势: 高于MA20
601366,2026-07-15,3.54,3.75,5.93,8.76,1,32,趋势: 高于MA20 | 动量: 突破转强 (阳线上穿5/10)
601366,2026-08-07,3.48,3.75,7.76,10.63,1,15,趋势: 高于MA20
002188,2026-08-18,5.5,5.62,2.18,2.18,1,8,趋势: 高于MA20
002188,2026-07-15,4.91,5.62,14.46,14.46,1,32,动量: 突破转强 (阳线上穿5/10)
601002,2026-07-13,4.85,5.26,8.45,12.78,1,24,量能: 放量 (2.11X) | 形态: 10日内有涨停 | 趋势: 高于MA20 | 动量: 突破转强 (阳线上穿5/10)
601002,2026-08-06,5.42,5.26,-2.95,0.92,0,6,趋势: 高于MA20 | 动量: 突破转强 (阳线上穿5/10)
603321,2026-08-18,6.39,6.52,2.03,2.03,1,8,趋势: 高于MA20 | 动量: 突破转强 (阳线上穿5/10)
603321,2026-07-15,5.92,6.52,10.14,10.14,1,32,动量: 突破转强 (阳线上穿5/10)
601288,2026-08-18,6.6,6.79,2.88,3.94,1,8,"形态: 两连阴 (-1.37%, -0.15%) | 动量: 突破转强 (阳线上穿5/10)"
601288,2026-07-15,6.37,6.79,6.59,11.62,1,32,趋势: 高于MA20
603012,2026-07-13,7.83,9.43,20.43,20.43,1,24,形态: 10日内有涨停
603012,2026-08-06,8.7,9.43,8.39,8.39,1,6,趋势: 高于MA20 | 动量: 突破转强 (阳线上穿5/10)
000617,2026-07-15,6.86,6.88,0.29,5.1,1,22,动量: 突破转强 (阳线上穿5/10)
000617,2026-08-06,7.18,6.88,-4.18,-0.28,0,6,"量能: 放量 (1.58X) | 形态: 两连阴 (-0.83%, -0.14%) | 趋势: 高于MA20 | 动量: 突破转强 (阳线上穿5/10)"
000859,2026-08-06,8.91,9.65,8.31,17.62,1,6,形态: 10日内有涨停 | 趋势: 高于MA20 | 动量: 突破转强 (阳线上穿5/10)
002056,2026-08-18,23.15,21.3,-7.99,-6.61,0,8,趋势: 高于MA20
603110,2026-07-13,22.79,25.22,10.66,16.54,1,24,形态: 10日内有涨停
603110,2026-08-06,24.88,25.22,1.37,6.75,1,6,形态: 10日内有涨停 | 趋势: 高于MA20 | 动量: 突破转强 (阳线上穿5/10)
002666,2026-08-18,4.28,4.26,-0.47,-0.47,0,8,趋势: 高于MA20
002666,2026-07-15,3.99,4.26,6.77,7.27,1,32,动量: 突破转强 (阳线上穿5/10)
000582,2026-07-15,11.29,11.34,0.44,17.63,1,22,趋势: 高于MA20 | 动量: 突破转强 (阳线上穿5/10)
000582,2026-08-06,12.52,11.34,-9.42,6.07,0,6,趋势: 高于MA20
603815,2026-07-15,6.57,5.36,-18.42,-6.54,0,22,形态: 10日内有涨停 | 趋势: 高于MA20
600152,2026-08-06,8.07,8.17,1.24,3.35,1,6,趋势: 高于MA20 | 动量: 突破转强 (阳线上穿5/10)
603323,2026-07-15,4.23,4.31,1.89,6.15,1,32,趋势: 高于MA20 | 动量: 突破转强 (阳线上穿5/10)
603323,2026-08-07,4.21,4.31,2.38,3.56,1,15,"形态: 两连阴 (-1.61%, -0.23%)"
002676,2026-08-06,5.03,4.99,-0.8,1.59,0,6,趋势: 高于MA20
002514,2026-08-06,2.03,1.85,-8.87,-1.97,0,6,形态: 10日内有涨停 | 趋势: 高于MA20
002235,2026-07-15,9.41,10.43,10.84,10.84,1,22,趋势: 高于MA20
002235,2026-08-06,8.37,10.43,24.61,24.61,1,6,形态: 10日内有涨停 | 趋势: 高于MA20 | 动量: 突破转强 (阳线上穿5/10)
002877,2026-08-06,7.23,7.32,1.24,2.63,1,6,趋势: 高于MA20 | 动量: 突破转强 (阳线上穿5/10)
003042,2026-07-15,12.49,13.16,5.36,7.93,1,22,动量: 突破转强 (阳线上穿5/10)
003042,2026-08-06,13.07,13.16,0.69,3.14,1,6,"形态: 两连阴 (-0.54%, -0.16%) | 趋势: 高于MA20 | 动量: 突破转强 (阳线上穿5/10)"
603861,2026-07-15,12.06,12.4,2.82,4.98,1,22,"形态: 10日内有涨停 | 形态: 两连阴 (-3.22%, -2.06%)"
603861,2026-08-06,12.33,12.4,0.57,2.68,1,6,趋势: 高于MA20
002599,2026-07-15,5.61,6.03,7.49,13.19,1,22,量能: 放量 (1.66X) | 趋势: 高于MA20 | 动量: 突破转强 (阳线上穿5/10)
002599,2026-08-06,6.27,6.03,-3.83,-0.64,0,6,趋势: 高于MA20
605033,2026-08-06,18.14,19.59,7.99,8.05,1,6,形态: 10日内有涨停 | 趋势: 高于MA20
000735,2026-08-18,6.18,5.86,-5.18,-3.24,0,8,趋势: 多头排列 (5>20>60) | 量能: 放量 (2.12X) | 形态: 10日内有涨停 | 趋势: 高于MA20 | 动量: 突破转强 (阳线上穿5/10)
000735,2026-07-15,5.03,5.86,16.5,22.86,1,32,趋势: 高于MA20 | 动量: 突破转强 (阳线上穿5/10)
002631,2026-07-15,8.46,9.15,8.16,8.27,1,22,"形态: 两连阴 (-8.16%, -2.25%)"
002631,2026-08-06,7.89,9.15,15.97,16.1,1,6,趋势: 高于MA20 | 动量: 突破转强 (阳线上穿5/10)
002250,2026-07-13,13.72,16.48,20.12,27.84,1,24,形态: 10日内有涨停
002250,2026-08-06,16.02,16.48,2.87,9.49,1,6,趋势: 多头排列 (5>20>60) | 趋势: 高于MA20
002846,2026-07-13,9.49,10.7,12.75,15.49,1,24,"形态: 两连阴 (-1.09%, -0.60%)"
002846,2026-08-06,10.61,10.7,0.85,3.11,1,6,形态: 10日内有涨停 | 趋势: 高于MA20
002115,2026-07-15,10.43,12.16,16.59,16.59,1,22,形态: 10日内有涨停
002115,2026-08-06,11.79,12.16,3.14,3.14,1,6,形态: 10日内有涨停 | 趋势: 高于MA20
002545,2026-08-18,18.31,18.15,-0.87,-0.6,0,8,动量: 突破转强 (阳线上穿5/10)
605006,2026-08-18,15.37,15.54,1.11,1.11,1,8,趋势: 高于MA20
600629,2026-07-13,14.03,15.59,11.12,11.12,1,18,量能: 放量 (2.03X) | 形态: 10日内有涨停 | 趋势: 高于MA20 | 动量: 突破转强 (阳线上穿5/10)
000507,2026-07-13,4.89,4.93,0.82,3.89,1,24,量能: 放量 (3.36X) | 趋势: 高于MA20 | 动量: 突破转强 (阳线上穿5/10)
000507,2026-08-06,4.98,4.93,-1.0,1.0,0,6,趋势: 高于MA20
600313,2026-08-18,6.78,7.5,10.62,10.62,1,8,趋势: 多头排列 (5>20>60) | 量能: 放量 (2.26X) | 形态: 10日内有涨停 | 趋势: 高于MA20 | 动量: 突破转强 (阳线上穿5/10)
600313,2026-07-15,5.4,7.5,38.89,38.89,1,32,趋势: 高于MA20 | 动量: 突破转强 (阳线上穿5/10)
600313,2026-08-07,5.76,7.5,30.21,30.21,1,15,趋势: 高于MA20
600135,2026-07-15,7.09,7.39,4.23,7.76,1,22,"形态: 两连阴 (-6.90%, -0.28%)"
600135,2026-08-06,7.39,7.39,0.0,3.38,0,6,趋势: 高于MA20 | 动量: 突破转强 (阳线上穿5/10)
000802,2026-08-18,4.84,3.97,-17.98,-9.92,0,8,"趋势: 多头排列 (5>20>60) | 量能: 放量 (1.80X) | 形态: 10日内有涨停 | 形态: 两连阴 (-5.43%, -9.97%) | 趋势: 高于MA20"
000802,2026-07-15,3.7,3.97,7.3,69.19,1,32,动量: 突破转强 (阳线上穿5/10)
605388,2026-08-18,6.31,6.26,-0.79,-0.79,0,8,趋势: 多头排列 (5>20>60) | 趋势: 高于MA20
605388,2026-07-15,5.13,6.26,22.03,26.32,1,32,趋势: 高于MA20 | 动量: 突破转强 (阳线上穿5/10)
600476,2026-08-06,9.3,9.61,3.33,10.0,1,6,趋势: 高于MA20 | 动量: 突破转强 (阳线上穿5/10)
600523,2026-07-15,11.55,11.54,-0.09,1.04,0,22,趋势: 高于MA20
600523,2026-08-06,11.38,11.54,1.41,1.85,1,6,趋势: 高于MA20
000886,2026-08-18,4.58,4.86,6.11,6.11,1,8,趋势: 多头排列 (5>20>60) | 趋势: 高于MA20 | 动量: 突破转强 (阳线上穿5/10)
000886,2026-07-15,4.42,4.86,9.95,9.95,1,32,量能: 放量 (1.67X) | 趋势: 高于MA20 | 动量: 突破转强 (阳线上穿5/10)
