代码,名称,信号日期,策略类型,信号价,当前总涨跌,平均表现,首次盈利天数,首次亏损天数,持仓天数,走势流,风险预警
600589,大位科技,20260218,E_Leader_Restart (二次启动),13.19,-36.54%,-22.15%,53,1,119,----------------------------------------------------+----+-------------------------------------------------------------,深度套牢
001330,博纳影业,20260218,E_Leader_Restart (二次启动),12.77,-60.06%,-45.96%,从未,1,129,---------------------------------------------------------------------------------------------------------------------------------,长期未回正 | 深度套牢
002698,博实股份,20251231,A_Strong_Pullback (中风险接力),17.05,-25.40%,-17.27%,6,1,148,-----++++++-++++------------------------------------------------------------------------------------------------------------------------------------,深度套牢 | 冲高回落
002403,爱仕达,20251231,B_Low_Position_Start (低风险埋伏),12.9,-25.12%,-16.66%,6,1,149,-----+++--+++++--------------------------------------------------------------------------------------------------------------------------------------,深度套牢
002361,神剑股份,20251231,E_Leader_Restart (二次启动),13.04,-8.59%,12.12%,1,12,149,+++++++++++------------++++++-+++++------++----------++++++++++++++++++++++++++++++++++++++++++++++++++++++++++++++++++------------------------------,冲高回落
002201,九鼎新材,20251231,E_Leader_Restart (二次启动),11.94,-29.23%,-3.42%,6,1,149,-----+-++-+++++++++++++++++++++++++++++++++--------------------++-+++++++++++++++++++++--++----------------+++++++-----------------------------------,深度套牢 | 冲高回落
002363,隆基机械,20251231,E_Leader_Restart (二次启动),10.8,-40.19%,-27.17%,从未,1,149,-----------------------------------------------------------------------------------------------------------------------------------------------------,长期未回正 | 深度套牢
002202,金风科技,20251231,E_Leader_Restart (二次启动),20.2,3.61%,22.58%,1,126,149,+++++++++++++++++++++++++++++++++++++++++++++++++++++++++++++++++++++++++++++++++++++++++++++++++++++++++++++++++++++++++++++-----------------+++-+++,正常
600736,苏州高新,20251231,E_Leader_Restart (二次启动),6.75,0.89%,3.69%,1,36,149,+++++++++++++++++++++++++++++++++++----------------------------------+++++++++++++++++++++++++++++++++++++++++++++--------++--+--------------+----+++,正常
000987,越秀资本,20251231,E_Leader_Restart (二次启动),8.12,-6.77%,7.62%,1,58,148,+++++++++++++++++++++++++++++++++++++++++++++++++++++++++--++++++++++++++++++++++++++++++++---------++------++++---+-+++----------------------------,冲高回落
600589,大位科技,20260219,E_Leader_Restart (二次启动),13.19,-36.54%,-22.15%,53,1,119,----------------------------------------------------+----+-------------------------------------------------------------,深度套牢
001330,博纳影业,20260219,E_Leader_Restart (二次启动),12.77,-60.06%,-45.96%,从未,1,129,---------------------------------------------------------------------------------------------------------------------------------,长期未回正 | 深度套牢
002682,龙洲股份,20251211,E_Leader_Restart (二次启动),9.86,-52.94%,-38.29%,1,4,163,+++----------------------------------------------------------------------------------------------------------------------------------------------------------------,深度套牢 | 冲高回落
000735,罗 牛 山,20251211,E_Leader_Restart (二次启动),10.14,-42.21%,-34.16%,1,4,172,+++---+++-------------------------------------------------------------------------------------------------------------------------------------------------------------------,深度套牢 | 冲高回落
000505,京粮控股,20251211,E_Leader_Restart (二次启动),8.54,-14.05%,-22.58%,3,1,172,--+-------+++---------------------------------------------------------------------------------------------------------------------------------------------------------------,深度套牢 | 冲高回落
000532,华金资本,20251211,E_Leader_Restart (二次启动),15.44,-29.86%,-12.79%,4,1,162,---+++-++++++++++++++++++++++++++++++++++++++++-------------------------------------------------------------------------------------------------------------------,深度套牢 | 冲高回落
601872,招商轮船,20260403,E_Leader_Restart (二次启动),19.47,-12.43%,-13.15%,1,4,90,+++-----------------+------------------------------++++-----------------------------------,深度套牢 | 冲高回落
002584,西陇科学,20260122,E_Leader_Restart (二次启动),9.95,-17.19%,-16.56%,97,1,135,------------------------------------------------------------------------------------------------+++---++-------------------------------,深度套牢 | 冲高回落
603916,苏博特,20260122,E_Leader_Restart (二次启动),12.06,-10.12%,1.15%,1,10,129,+++++++++-+++++++++++-----------------------------------------++-+++++++++++++++++++++++++++++++++++++++++-----------------------,深度套牢 | 冲高回落
002579,中京电子,20251230,A_Strong_Pullback (中风险接力),12.25,17.39%,13.61%,3,1,160,--+++++---++--+++++-------------++++-----+++-+-+-+-------+-++++++++++++++++-+-++++++++++++++++++++++++++++++++++++++++++++++++++++-----+------++++++++++++++++++,正常
000913,钱江摩托,20251230,B_Low_Position_Start (低风险埋伏),15.73,-28.29%,-14.43%,7,1,150,------++++++++++-----+--+++-------+-----++++++++--------++--------------------------------------------------------------------------------------------,深度套牢 | 冲高回落
002560,通达股份,20251230,E_Leader_Restart (二次启动),10.33,-38.04%,-4.32%,7,1,150,------+-+++++++++++----+--+--+++++++++++++++++----------++++++++++++++++++++++++++++++----------------------------------------------------------------,深度套牢 | 冲高回落
002201,九鼎新材,20251230,E_Leader_Restart (二次启动),11.21,-24.62%,2.86%,1,2,150,+---++++++++++++++++++++++++++++++++++++++++++++-------++++--+-++++++++++++++++++++++++++++++++---------+-+++++++++-----------------------------------,深度套牢 | 冲高回落
603055,台华新材,20260717,A_Strong_Pullback (中风险接力),8.65,-3.47%,-2.36%,9,2,14,--------+-+---,正常
600267,海正药业,20260717,D_Strong_Breakout (高风险追涨/优化),11.33,5.21%,5.13%,1,从未,14,++++++++++++++,正常
603703,盛洋科技,20251220,E_Leader_Restart (二次启动),14.75,-33.90%,-13.17%,10,1,157,---------++++++++++++++++++--++--+-----++++------------------------------------------------------------------------------------------------------------------,深度套牢 | 冲高回落
603123,翠微股份,20251220,E_Leader_Restart (二次启动),13.98,-27.97%,-20.71%,30,1,134,-----------------------------+--------------------------------------------------------------------------------------------------------,深度套牢
002355,兴民智通,20251220,E_Leader_Restart (二次启动),6.43,-21.62%,-8.67%,1,8,134,+++++++------+++++++++++++++++++++++++++++++++++--------------------++++++++++--------------------------------------------------------,深度套牢 | 冲高回落
603221,爱丽家居,20251220,E_Leader_Restart (二次启动),13.55,114.76%,0.13%,9,1,159,--------++++----+-++-++----------------------------------------------------------------------------------------------------------------------++++++++++++++++++,正常
002587,奥拓电子,20260629,A_Strong_Pullback (中风险接力),7.33,-24.28%,-22.15%,1,3,34,++--------------------------------,深度套牢 | 冲高回落
600058,五矿发展,20260629,E_Leader_Restart (二次启动),11.88,-9.09%,-16.12%,从未,1,34,----------------------------------,长期未回正
600635,大众公用,20251204,A_Strong_Pullback (中风险接力),8.22,-43.80%,-31.46%,从未,1,167,-----------------------------------------------------------------------------------------------------------------------------------------------------------------------,长期未回正 | 深度套牢
002137,实益达,20251204,A_Strong_Pullback (中风险接力),9.47,-15.95%,-5.91%,39,1,168,--------------------------------------+++++++++--+------------------------------------------------------------------+++++++-+++++++++++++++++++++-----------------------,深度套牢 | 冲高回落
002520,日发精机,20251204,B_Low_Position_Start (低风险埋伏),6.4,3.91%,-3.29%,1,4,168,+++---------------------+--------+-------------+++++++--++++++++++--------------------------------+++++++++++-----------+++++++++++++++++++++++----------------------+-+,正常
603711,香飘飘,20251204,E_Leader_Restart (二次启动),15.38,-21.00%,-15.93%,1,2,177,+-+------------------------------------------------------------------------------------------------------+-----------------------------------------------------------------------,深度套牢
603223,恒通股份,20251204,D_Strong_Breakout (高风险追涨/优化),11.45,-3.58%,-12.91%,86,1,137,-------------------------------------------------------------------------------------+-------------------++++++++++++++++----------------,冲高回落
000586,汇源通信,20260416,E_Leader_Restart (二次启动),23.19,-40.62%,-36.32%,从未,1,92,--------------------------------------------------------------------------------------------,长期未回正 | 深度套牢
000026,飞亚达,20260416,E_Leader_Restart (二次启动),16.2,29.14%,20.05%,1,35,82,++++++++++++++++++++++++++++++++++--++++++++++++++++++++++++++-+---+---+-+++++++++,正常
601118,海南橡胶,20260827,D_Strong_Breakout (高风险追涨/优化),5.69,17.22%,17.22%,1,从未,1,+,正常
601098,中南传媒,20260105,B_Low_Position_Start (低风险埋伏),11.26,-6.13%,-3.40%,1,10,137,++++-+-++-----------+---------------------+---------------------------+++++++++-++-------------------------------------------------------,冲高回落
002361,神剑股份,20260105,E_Leader_Restart (二次启动),14.34,-16.88%,2.00%,1,10,148,+++++++++--------------+++----+----------------------++++++++++++++++++++++++++++++++++++++++++++++++++++++++----++++-------------------------------,深度套牢 | 冲高回落
603332,苏州龙杰,20260105,E_Leader_Restart (二次启动),13.88,-19.38%,-9.15%,10,1,147,---------++++++-------+++++-++++--------+-++++--------------------++++++++++++++++++++-------------------------------------------------------------,深度套牢 | 冲高回落
002367,康力电梯,20260623,B_Low_Position_Start (低风险埋伏),5.98,-9.36%,-1.79%,1,14,32,+++++++++++++-------------------,冲高回落
002068,黑猫股份,20260623,E_Leader_Restart (二次启动),11.5,-30.00%,-17.19%,1,11,48,++++++++++-+------------------------------------,深度套牢 | 冲高回落
603679,华体科技,20260623,E_Leader_Restart (二次启动),20.76,7.61%,-6.85%,1,3,38,++--------------------------++++++++++,正常
003013,地铁设计,20260623,D_Strong_Breakout (高风险追涨/优化),16.98,7.07%,-7.10%,24,1,32,-----------------------+-+-+++++,正常
603006,联明股份,20260426,D_Strong_Breakout (高风险追涨/优化),13.64,-18.04%,-6.96%,1,3,76,++--+++++++++++++---++++--+++--------+++++++++++----------------------------,深度套牢 | 冲高回落
002350,北京科锐,20260327,E_Leader_Restart (二次启动),15.19,-1.65%,-1.68%,25,1,95,------------------------+++++++++++++++++++----++--+++-----------------+-+------+------++++-+--,冲高回落
000559,万向钱潮,20260517,A_Strong_Pullback (中风险接力),17.5,-33.49%,-24.78%,1,6,64,+++++-----------------------------------------------------------,深度套牢
603809,豪能股份,20260517,A_Strong_Pullback (中风险接力),11.48,-18.03%,-16.18%,2,1,64,-+--------------------------------------------------------------,深度套牢
603018,华设集团,20260517,A_Strong_Pullback (中风险接力),7.6,-29.74%,-21.85%,2,1,74,-+------------------------------------------------------------------------,深度套牢
002617,露笑科技,20260517,E_Leader_Restart (二次启动),9.36,-32.80%,-13.87%,2,1,64,-++--++++---------------+++-+++++--+-+--------------------------,深度套牢 | 冲高回落
002254,泰和新材,20260517,E_Leader_Restart (二次启动),14.18,-10.08%,0.23%,1,10,64,+++++++++-----++--++++++++++++++++++--+-------------------------,深度套牢 | 冲高回落
002277,友阿股份,20260517,E_Leader_Restart (二次启动),6.54,-1.99%,-6.74%,4,1,74,---++++++++--++-++----------------------------------------------------+---,冲高回落
603006,联明股份,20260428,D_Strong_Breakout (高风险追涨/优化),13.64,-18.04%,-7.18%,3,1,74,--+++++++++++++---++++--+++--------+++++++++++----------------------------,深度套牢 | 冲高回落
601118,海南橡胶,20260820,D_Strong_Breakout (高风险追涨/优化),5.69,17.22%,12.07%,1,从未,6,++++++,正常
600998,九州通,20260125,C_New_Strategy (最高共振),5.58,-11.29%,-8.66%,1,2,128,+-------------------------------------------------------------------------------------------------------------------------------,深度套牢
000670,盈方微,20260125,E_Leader_Restart (二次启动),9.69,-29.31%,-17.77%,1,2,134,+---------------------------------------------------------------------------+---------+-----------------------------------------------,深度套牢
600192,长城电工,20260125,E_Leader_Restart (二次启动),11.35,-36.83%,-28.50%,从未,1,134,--------------------------------------------------------------------------------------------------------------------------------------,长期未回正 | 深度套牢
002727,一心堂,20260125,D_Strong_Breakout (高风险追涨/优化),14.04,-19.44%,-13.17%,3,1,128,--+++--++-++---------------------+----------------------------------------------------------------------------------------------,深度套牢 | 冲高回落
603883,老百姓,20260125,D_Strong_Breakout (高风险追涨/优化),16.44,-24.64%,-19.88%,从未,1,128,--------------------------------------------------------------------------------------------------------------------------------,长期未回正 | 深度套牢
002587,奥拓电子,20260630,A_Strong_Pullback (中风险接力),7.33,-24.28%,-23.02%,1,2,33,+--------------------------------,深度套牢
600058,五矿发展,20260630,E_Leader_Restart (二次启动),11.88,-9.09%,-16.53%,从未,1,33,---------------------------------,长期未回正
601199,江南水务,20260711,A_Strong_Pullback (中风险接力),6.05,-9.09%,-5.98%,4,1,19,---+-+-------------,正常
600129,太极集团,20260711,E_Leader_Restart (二次启动),15.39,-0.91%,3.53%,1,5,19,++++-+-++-+++-++++-,冲高回落
000524,岭南控股,20260711,E_Leader_Restart (二次启动),9.68,5.27%,-5.42%,29,1,35,----------------------------+++++++,正常
603012,创力集团,20260510,C_New_Strategy (最高共振),9.55,-1.26%,-10.48%,1,4,69,+++------+++++-------------------------------------------------------,冲高回落
603758,秦安股份,20260510,B_Low_Position_Start (低风险埋伏),13.44,2.83%,-22.04%,67,1,69,------------------------------------------------------------------+++,正常
002584,西陇科学,20260121,C_New_Strategy (最高共振),10.1,-18.42%,-17.69%,99,1,136,--------------------------------------------------------------------------------------------------++----+-------------------------------,深度套牢 | 冲高回落
600539,狮头股份,20260121,C_New_Strategy (最高共振),11.54,26.43%,25.73%,19,1,130,------------------+++----++++++++++--+++++++++++++++++++++++++++++++++++++++++++++++++++++++++++++++++++++++++++++++++++++++++++++,正常
603333,尚纬股份,20260109,C_New_Strategy (最高共振),8.99,2.00%,-6.54%,35,1,137,----------------------------------++------+---------------------------------+-+++++++---------------------------------------------------+,正常
603356,华菱精工,20260109,E_Leader_Restart (二次启动),15.41,8.18%,12.48%,1,97,144,++++++++++++++++++++++++++++++++++++++++++++++++++++++++++++++++++++++++++++++++++++++++++++++++--+++++++++++++++++++++----------------+++++++++,正常
002995,天地在线,20251202,A_Strong_Pullback (中风险接力),18.62,-2.63%,19.31%,1,4,137,+++-++++++++++++++++++++++++++++++++++++++-+++++++++++++++++++++++++++++++++++++++++++++++++++++++++++++++-----+-------------------------,冲高回落
002995,天地在线,20251202,A_Strong_Pullback (中风险接力),18.62,-2.63%,19.31%,1,4,137,+++-++++++++++++++++++++++++++++++++++++++-+++++++++++++++++++++++++++++++++++++++++++++++++++++++++++++++-----+-------------------------,冲高回落
603065,宿迁联盛,20260227,C_New_Strategy (最高共振),9.65,63.42%,20.21%,15,1,109,--------------+----------------------------------------------------++++++++++++++++++++++++++++++++++++++++++,正常
002207,准油股份,20260227,E_Leader_Restart (二次启动),11.59,-48.14%,-29.85%,1,10,109,+++++++++----------------------------------------------------------------------------------------------------,深度套牢 | 冲高回落
002828,贝肯能源,20260227,E_Leader_Restart (二次启动),13.8,-13.26%,-14.96%,1,7,104,++++++-+++++-------------+------------------------------------------------------------------------------,深度套牢 | 冲高回落
000554,泰山石油,20260227,E_Leader_Restart (二次启动),8.83,-26.05%,-15.40%,1,15,109,++++++++++++++-----------------------------------------------------------------------------------------------,深度套牢 | 冲高回落
605033,美邦股份,20260227,E_Leader_Restart (二次启动),29.45,-33.48%,-30.29%,从未,1,115,-------------------------------------------------------------------------------------------------------------------,长期未回正 | 深度套牢
605006,山东玻纤,20260227,E_Leader_Restart (二次启动),10.69,45.37%,33.51%,36,1,125,-----------------------------------++--++++++++++++++++++++++++++++++++++++++++++++++++++++++++++++++++++++++++++++++++++++++,正常
601390,中国中铁,20260227,E_Leader_Restart (二次启动),6.19,-27.46%,-20.02%,1,2,109,+------------------------------------------------------------------------------------------------------------,深度套牢
000968,蓝焰控股,20260227,E_Leader_Restart (二次启动),8.55,-18.60%,-4.11%,1,45,109,++++++++++++++++++++++++++++++++++++++++++++-------+---------------------------------------------------------,深度套牢 | 冲高回落
600409,三友化工,20260227,E_Leader_Restart (二次启动),8.8,-26.02%,-21.38%,8,1,109,-------++----------------------------------------------------------------------------------------------------,深度套牢
600026,中远海能,20260227,E_Leader_Restart (二次启动),20.15,-13.35%,1.30%,1,60,109,+++++++++++++++++++++++++++++++++++++++++++++++++++++++++++----------------++++------------------------------,深度套牢 | 冲高回落
000739,普洛药业,20260114,C_New_Strategy (最高共振),17.79,19.90%,3.43%,1,2,151,+-+++++++++++++++++++++++++-----++++++++------++++--+-+--++--+++++++++--+++-----------------------------------+++-+++++++++++++++++++++++++++++++++++++,正常
002519,银河电子,20260114,E_Leader_Restart (二次启动),10.42,-46.64%,-29.21%,24,1,141,-----------------------+---------------------------------------------------------------------------------------------------------------------,深度套牢
000892,欢瑞世纪,20260114,E_Leader_Restart (二次启动),8.61,-53.54%,-38.17%,19,1,141,------------------+++------------------------------------------------------------------------------------------------------------------------,深度套牢 | 冲高回落
002354,天娱数科,20260114,E_Leader_Restart (二次启动),7.74,4.65%,-11.06%,1,2,135,+--------------------------------------------------------------------------------------------+++-----++++++++++++++++--+------------+++,正常
002858,力盛体育,20260114,E_Leader_Restart (二次启动),17.1,-31.11%,-18.53%,23,1,151,----------------------+--------------------------------------------------------------------------------------------------------------------------------,深度套牢
002181,粤 传 媒,20260114,E_Leader_Restart (二次启动),10.5,-14.10%,15.45%,1,3,140,++-++++++++++++++++++++++------+++++++++-+++++++++++++++++++++++++++++++++++++++++++++++++++++++++++++--------------------------------------,深度套牢 | 冲高回落
600152,维科技术,20260114,E_Leader_Restart (二次启动),8.07,1.24%,24.47%,16,1,140,---------------++----++++++++++++++++++++++++++++++++++++++++++++++++++++++++++++++++++++++++++++++++++++++++++++++-+-----------------++++++,正常
000066,中国长城,20260114,E_Leader_Restart (二次启动),16.14,-8.74%,5.46%,1,12,135,+++++++++++--+---++-+++++++----++++++-+------------------------+++++++++++++++++++++++++++++-+---+++++++++++++++++++++++---------------,冲高回落
600965,福成股份,20260114,E_Leader_Restart (二次启动),6.36,-59.28%,-32.26%,7,1,141,------++--++-+-------------------------------------------------------------------------------------------------------------------------------,深度套牢
600640,国脉文化,20260114,E_Leader_Restart (二次启动),14.85,-26.94%,-18.59%,19,1,135,------------------+---------------------+----------------------------------------------------------------------------------------------,深度套牢 | 冲高回落
603303,得邦照明,20260114,E_Leader_Restart (二次启动),13.85,47.44%,39.61%,3,1,135,--++++++++++++++++++++++++++++++++++++++------+++++++++++++++++++++++++++++++++++++++++++++++++++++++++++++++++++++++++++++++++++++++++,正常
002284,亚太股份,20260114,D_Strong_Breakout (高风险追涨/优化),16.37,-39.89%,-22.76%,1,12,150,+++++++++++-+++++---+++++-----------------------------------------------------------------------------------------------------------------------------,深度套牢 | 冲高回落
601901,方正证券,20260114,D_Strong_Breakout (高风险追涨/优化),8.18,-13.94%,-12.00%,从未,1,135,---------------------------------------------------------------------------------------------------------------------------------------,长期未回正 | 深度套牢
002268,电科网安,20251227,C_New_Strategy (最高共振),20.33,-30.30%,-17.92%,2,1,151,-+++++++++++++---+-------------+-----------------------------------------------------------------------------------------------------------------------,深度套牢 | 冲高回落
000411,英特集团,20251227,A_Strong_Pullback (中风险接力),12.86,-25.43%,-14.35%,1,8,134,+++++++--------------------------------+----------------------------------------------------------------------------------------------,深度套牢 | 冲高回落
002228,合兴包装,20251227,E_Leader_Restart (二次启动),6.33,-51.50%,-40.19%,从未,1,152,--------------------------------------------------------------------------------------------------------------------------------------------------------,长期未回正 | 深度套牢
002427,尤夫股份,20251227,E_Leader_Restart (二次启动),6.76,-23.22%,-14.54%,1,3,162,++----+-+-+++++++++++++++++++++++++++++++++++++++++---------------------------------------------------------------------------------------------------------------,深度套牢 | 冲高回落
002871,伟隆股份,20251218,A_Strong_Pullback (中风险接力),15.74,8.07%,19.84%,1,139,168,++++++++++++++++++++++++++++++++++++++++++++++++++++++++++++++++++++++++++++++++++++++++++++++++++++++++++++++++++++++++++++++++++++++++++-+---++----+++++++++++++++++++,正常
603057,紫燕食品,20251218,B_Low_Position_Start (低风险埋伏),18.97,17.61%,36.74%,1,40,134,+++++++++++++++++++++++++++++++++++++++-++++++++++++++++++++++++++++++++++++++++++++++++++++++++++++++++++++++++++++++++++++++++++++++,正常
000716,黑芝麻,20251218,E_Leader_Restart (二次启动),6.55,-13.44%,-18.27%,1,3,168,++-----------------++---------------------------------------------------------------------------------------------------------------------------------------------------,深度套牢
600579,中化装备,20260621,E_Leader_Restart (二次启动),7.37,-1.76%,0.01%,1,3,40,++-++++++++++++++-----------------------,冲高回落
600611,大众交通,20260107,C_New_Strategy (最高共振),6.07,-19.44%,-20.52%,3,1,137,--+-----+--------------------------------------------------------------------------++----------------------------------------------------,深度套牢
600906,财达证券,20260107,B_Low_Position_Start (低风险埋伏),7.12,-7.02%,-4.15%,43,1,137,------------------------------------------+--------------------------------------------------------++++++++++++++++++---+--++++----------,冲高回落
600864,哈投股份,20260107,B_Low_Position_Start (低风险埋伏),6.94,-21.90%,-12.09%,1,3,137,++------------------------------------------------------+++++++++++----------------------------------------------------------------------,深度套牢 | 冲高回落
002072,凯瑞德,20260107,E_Leader_Restart (二次启动),7.93,-7.06%,-3.90%,19,1,137,------------------+------+------------------------------------------------------------++--+++++++++++++++++++++++++----------------------,冲高回落
601512,中新集团,20260107,E_Leader_Restart (二次启动),9.51,-17.14%,-5.63%,1,2,137,+----+++++++++-++++++++-++-+--------------+---------------------+++++++++++++------------------------------------------------------------,深度套牢 | 冲高回落
000719,中原传媒,20260205,C_New_Strategy (最高共振),13.44,-7.89%,-3.65%,3,1,119,--++----++--------------+-----------++++++++++++++++-+++++++++++++-------+---------------------------------------------,冲高回落
000937,冀中能源,20260205,A_Strong_Pullback (中风险接力),5.67,-16.40%,-6.98%,8,1,119,-------+-+++++++++++++++-++++++++--------------+--++-+-+-----------------++++------------------------------------------,深度套牢 | 冲高回落
600463,空港股份,20260205,B_Low_Position_Start (低风险埋伏),11.73,-30.09%,-18.52%,1,11,125,++++++++++-------------------------------------------------------------------------------------------------------------------,深度套牢 | 冲高回落
600601,方正科技,20260531,A_Strong_Pullback (中风险接力),13.43,-8.19%,-8.43%,11,1,64,----------+++++--+--++++++-+------------------------------------,冲高回落
000791,甘肃能源,20260531,E_Leader_Restart (二次启动),9.84,-21.04%,-17.60%,2,1,48,-++---------------------------------------------,深度套牢 | 冲高回落
601118,海南橡胶,20260823,D_Strong_Breakout (高风险追涨/优化),5.69,17.22%,12.86%,1,从未,5,+++++,正常
603012,创力集团,20260509,C_New_Strategy (最高共振),9.55,-1.26%,-10.48%,1,4,69,+++------+++++-------------------------------------------------------,冲高回落
603758,秦安股份,20260509,B_Low_Position_Start (低风险埋伏),13.44,2.83%,-22.04%,67,1,69,------------------------------------------------------------------+++,正常
603055,台华新材,20260716,A_Strong_Pullback (中风险接力),8.65,-3.47%,-2.33%,10,1,15,---------+-+---,正常
600267,海正药业,20260716,D_Strong_Breakout (高风险追涨/优化),11.33,5.21%,4.78%,2,1,15,-++++++++++++++,正常
002107,沃华医药,20260414,E_Leader_Restart (二次启动),7.53,-19.26%,-12.95%,1,9,78,++++++++--+-------------------------------------------------------------------,深度套牢 | 冲高回落
603212,赛伍技术,20260604,A_Strong_Pullback (中风险接力),15.46,-27.49%,-20.66%,1,4,44,+++-+++++-----------------------------------,深度套牢 | 冲高回落
603633,徕木股份,20260604,E_Leader_Restart (二次启动),9.06,-27.37%,-26.71%,从未,1,60,------------------------------------------------------------,长期未回正 | 深度套牢
002700,万憬能源,20260604,E_Leader_Restart (二次启动),7.94,-23.93%,-15.98%,1,13,44,++++++++++++--------------------------------,深度套牢 | 冲高回落
601918,新集能源,20260604,E_Leader_Restart (二次启动),10.97,-10.48%,-12.78%,从未,1,44,--------------------------------------------,长期未回正 | 深度套牢
002115,三维通信,20260429,E_Leader_Restart (二次启动),14.0,-13.14%,-14.65%,1,11,73,++++++++++---------------------------------------------------------------,深度套牢 | 冲高回落
003036,泰坦股份,20260429,E_Leader_Restart (二次启动),33.83,65.68%,92.25%,2,1,73,-++++++++++++++++++++++++++++++++++++++++++++++++++++++++++++++++++++++++,正常
002107,沃华医药,20260411,E_Leader_Restart (二次启动),7.53,-19.26%,-12.64%,2,1,80,-+++++++++--+-------------------------------------------------------------------,深度套牢 | 冲高回落
000600,建投能源,20260314,E_Leader_Restart (二次启动),10.19,-19.23%,-6.72%,8,1,105,-------++---------------------------------+---++++++++++++--++++-----------------------------------------,深度套牢 | 冲高回落
600667,太极实业,20260118,C_New_Strategy (最高共振),9.3,110.00%,59.48%,1,14,148,+++++++++++++-++++++++++++++++++++++++++++++-----+++++++++++++++++++++++++++++++++++++++++++++++++++++++++++++++++++++++++++++++++++++++++++++++++++,正常
603058,永吉股份,20260118,C_New_Strategy (最高共振),10.56,-7.48%,2.76%,1,64,138,+++++++++++++++++++++++++++++++++++++++++++++++++++++++++++++++--++++++++++++-+-----------------------------------------------------------,冲高回落
600744,华银电力,20260118,C_New_Strategy (最高共振),6.63,7.99%,12.96%,1,7,133,++++++----------------++++++++++++++++++++++++++++++++++++++++++++++++++++++++++++++++++++++++++++++++------------------+++++++-+++++,正常
603618,杭电股份,20260118,A_Strong_Pullback (中风险接力),8.51,211.52%,235.66%,1,9,133,++++++-+-+++++++++++++++++++++++++++++-++++++++++++++++++++++++++++++++++++++++++++++++++++++++++++++++++++++++++++++++++++++++++++++,正常
002112,三变科技,20260118,E_Leader_Restart (二次启动),19.97,-18.18%,0.58%,1,10,133,+++++++++-+++++++++++++++++++++++++++++++++++++++++++++++++++++-++++++++++++++-------------------------------------------------------,深度套牢 | 冲高回落
002114,罗平锌电,20260118,E_Leader_Restart (二次启动),9.73,-26.62%,-13.00%,1,11,133,++++++++++-----------+++++++++++----------------------------------------+------------------------------------------------------------,深度套牢 | 冲高回落
603023,威帝股份,20260118,E_Leader_Restart (二次启动),5.92,-34.63%,-23.15%,3,1,133,--+++++------------------------------------------------------------------------------------------------------------------------------,深度套牢 | 冲高回落
002845,同兴达,20260118,D_Strong_Breakout (高风险追涨/优化),15.41,-13.37%,-5.98%,5,1,148,----+----------------++---++++++++-----------------------------------------++++++++-+--++-+----++++++++-++++---++++---------------------------------,深度套牢 | 冲高回落
600058,五矿发展,20260129,E_Leader_Restart (二次启动),15.6,-30.77%,-28.95%,从未,1,130,----------------------------------------------------------------------------------------------------------------------------------,长期未回正 | 深度套牢
002088,鲁阳节能,20260129,E_Leader_Restart (二次启动),13.03,-41.67%,-27.08%,1,2,124,+---------------------------------------------------------------------------------------------------------------------------,深度套牢
002890,弘宇股份,20260129,E_Leader_Restart (二次启动),16.76,-15.87%,-7.59%,1,15,124,++++++++++++++-----------------------------------------++++++++++++++-------------------------------------------------------,深度套牢
600714,金瑞矿业,20260129,E_Leader_Restart (二次启动),16.56,15.46%,20.17%,12,1,140,-----------++++++++++++++++++++++++++++-+++++++++++++++++++++++++++++++++++++++++++++++++++++++++++++-----------------------------------++++,正常
002782,可立克,20260129,E_Leader_Restart (二次启动),23.33,-35.23%,-9.24%,1,2,140,+------------++++++++++++++++---+++----------------------------+++++++++++++++++++++--+++++++-----------------------------------------------,深度套牢 | 冲高回落
002283,天润工业,20260129,E_Leader_Restart (二次启动),6.98,30.09%,40.58%,1,从未,130,++++++++++++++++++++++++++++++++++++++++++++++++++++++++++++++++++++++++++++++++++++++++++++++++++++++++++++++++++++++++++++++++++,正常
002185,华天科技,20260129,E_Leader_Restart (二次启动),15.24,13.25%,5.24%,30,1,124,-----------------------------+-------------------------------------++-++++++++++++++++++++++++++++++++++++++++++++++++-+-+++,正常
002809,红墙股份,20260129,E_Leader_Restart (二次启动),13.6,-40.44%,-24.62%,1,8,124,+++++++----++++----+--++++--------------------------------------------------------------------------------------------------,深度套牢 | 冲高回落
002119,康强电子,20260129,E_Leader_Restart (二次启动),26.7,-13.45%,-7.14%,84,1,124,-----------------------------------------------------------------------------------+++++++++++++++++++++++++----------------,深度套牢 | 冲高回落
600770,综艺股份,20260129,E_Leader_Restart (二次启动),6.82,-23.02%,-9.05%,3,1,124,--+++-++---------------------+-----------------------++++++++++++++++---------------------------++--------------------------,深度套牢 | 冲高回落
601226,华电科工,20260129,E_Leader_Restart (二次启动),10.98,-42.90%,-22.30%,1,2,124,+-+++-+----+++++-+++++++----------------------------------------------------------------------------------------------------,深度套牢 | 冲高回落
002339,积成电子,20260129,E_Leader_Restart (二次启动),12.13,-38.58%,-23.74%,3,1,140,--++-+++++-+++----++++++---+----------------------------------------------------------------------------------------------------------------,深度套牢 | 冲高回落
600986,浙文互联,20260129,E_Leader_Restart (二次启动),13.14,-40.11%,-27.67%,2,1,130,-+++++++-+------------------------------------------------------------------------------------------------------------------------,深度套牢 | 冲高回落
000968,蓝焰控股,20260129,E_Leader_Restart (二次启动),8.18,-14.91%,0.06%,12,1,124,-----------++++++++++++++++++++++++++++++++++++++++++++++++++++++++++-------------------------------------------------------,深度套牢 | 冲高回落
000159,国际实业,20260129,E_Leader_Restart (二次启动),7.13,-14.87%,-12.14%,15,1,140,--------------+++++++----------------------------------------------+------------------------------------------------------------------------,深度套牢 | 冲高回落
000565,渝三峡Ａ,20260129,E_Leader_Restart (二次启动),8.49,-30.04%,-16.79%,7,1,130,------++---+++++---+++------------------------------------------------------------------------------------------------------------,深度套牢
600173,卧龙新能,20260129,E_Leader_Restart (二次启动),8.88,-28.60%,-20.21%,从未,1,124,----------------------------------------------------------------------------------------------------------------------------,长期未回正 | 深度套牢
002165,红 宝 丽,20260129,E_Leader_Restart (二次启动),10.8,-37.96%,-18.20%,1,30,124,+++++++++++++++++++++++++++++-----------------------------------------------------------------------------------------------,深度套牢 | 冲高回落
603012,创力集团,20260511,C_New_Strategy (最高共振),9.55,-1.26%,-10.70%,1,3,68,++------+++++-------------------------------------------------------,冲高回落
603758,秦安股份,20260511,B_Low_Position_Start (低风险埋伏),13.44,2.83%,-22.34%,66,1,68,-----------------------------------------------------------------+++,正常
603055,台华新材,20260714,A_Strong_Pullback (中风险接力),8.65,-3.47%,-1.97%,1,3,17,++---------+-+---,正常
600267,海正药业,20260714,D_Strong_Breakout (高风险追涨/优化),11.33,5.21%,4.90%,1,3,17,++-++++++++++++++,正常
603012,创力集团,20260516,C_New_Strategy (最高共振),9.55,-1.26%,-11.35%,5,1,64,----+++++-------------------------------------------------------,冲高回落
603758,秦安股份,20260516,B_Low_Position_Start (低风险埋伏),13.44,2.83%,-23.58%,62,1,64,-------------------------------------------------------------+++,正常
603012,创力集团,20260514,C_New_Strategy (最高共振),9.55,-1.26%,-11.24%,6,1,65,-----+++++-------------------------------------------------------,冲高回落
603758,秦安股份,20260514,B_Low_Position_Start (低风险埋伏),13.44,2.83%,-23.24%,63,1,65,--------------------------------------------------------------+++,正常
002585,双星新材,20260514,E_Leader_Restart (二次启动),8.78,12.41%,19.19%,3,1,75,--+--+++++++++++++++++++++++++++++++++++++++----------+-+++++++++++++++++++,正常
002107,沃华医药,20260412,E_Leader_Restart (二次启动),7.53,-19.26%,-12.64%,2,1,80,-+++++++++--+-------------------------------------------------------------------,深度套牢 | 冲高回落
603012,创力集团,20260512,C_New_Strategy (最高共振),9.55,-1.26%,-10.89%,1,2,67,+------+++++-------------------------------------------------------,冲高回落
603758,秦安股份,20260512,B_Low_Position_Start (低风险埋伏),13.44,2.83%,-22.65%,65,1,67,----------------------------------------------------------------+++,正常
600028,中国石化,20260305,C_New_Strategy (最高共振),7.11,-23.21%,-25.58%,从未,1,121,-------------------------------------------------------------------------------------------------------------------------,长期未回正 | 深度套牢
000993,闽东电力,20260305,E_Leader_Restart (二次启动),14.0,-29.14%,-13.86%,1,8,121,+++++++-+++-++++++++------------------------+---+-----+++++++------------------------------------------------------------,深度套牢 | 冲高回落
000819,岳阳兴长,20260305,D_Strong_Breakout (高风险追涨/优化),17.48,-29.46%,-20.86%,从未,1,121,-------------------------------------------------------------------------------------------------------------------------,长期未回正 | 深度套牢
603890,春秋电子,20260607,E_Leader_Restart (二次启动),31.24,-29.29%,-28.80%,从未,1,49,-------------------------------------------------,长期未回正 | 深度套牢
002137,实益达,20260607,E_Leader_Restart (二次启动),10.35,-23.09%,-11.28%,2,1,49,-++-----+++-+++++-+++++++------------------------,深度套牢 | 冲高回落
000719,中原传媒,20260206,C_New_Strategy (最高共振),13.44,-7.89%,-3.66%,2,1,118,-++----++--------------+-----------++++++++++++++++-+++++++++++++-------+---------------------------------------------,冲高回落
000937,冀中能源,20260206,A_Strong_Pullback (中风险接力),5.67,-16.40%,-7.02%,7,1,118,------+-+++++++++++++++-++++++++--------------+--++-+-+-----------------++++------------------------------------------,深度套牢 | 冲高回落
600463,空港股份,20260206,B_Low_Position_Start (低风险埋伏),11.73,-30.09%,-18.69%,1,10,124,+++++++++-------------------------------------------------------------------------------------------------------------------,深度套牢 | 冲高回落
600579,中化装备,20260620,E_Leader_Restart (二次启动),7.37,-1.76%,0.01%,1,3,40,++-++++++++++++++-----------------------,冲高回落
603055,台华新材,20260725,A_Strong_Pullback (中风险接力),8.65,-3.47%,-1.93%,4,1,9,---+-+---,正常
600267,海正药业,20260725,D_Strong_Breakout (高风险追涨/优化),11.33,5.21%,3.97%,1,从未,9,+++++++++,正常
603006,联明股份,20260427,D_Strong_Breakout (高风险追涨/优化),13.64,-18.04%,-7.08%,1,2,75,+--+++++++++++++---++++--+++--------+++++++++++----------------------------,深度套牢 | 冲高回落
002209,达 意 隆,20260115,C_New_Strategy (最高共振),17.25,-33.28%,-21.00%,62,1,140,-------------------------------------------------------------+------------------------------------------------------------------------------,深度套牢
002197,ST证通,20260115,A_Strong_Pullback (中风险接力),11.0,-34.64%,-31.14%,从未,1,140,--------------------------------------------------------------------------------------------------------------------------------------------,长期未回正 | 深度套牢
600095,湘财股份,20260115,A_Strong_Pullback (中风险接力),11.82,-32.83%,-22.30%,从未,1,140,--------------------------------------------------------------------------------------------------------------------------------------------,长期未回正 | 深度套牢
002519,银河电子,20260115,E_Leader_Restart (二次启动),11.46,-51.48%,-35.82%,从未,1,140,--------------------------------------------------------------------------------------------------------------------------------------------,长期未回正 | 深度套牢
603282,亚光股份,20260115,E_Leader_Restart (二次启动),22.4,-34.96%,-17.92%,25,1,134,------------------------++++---+-------+----------------------------------------------------------------------------------------------,深度套牢
600783,鲁信创投,20260115,E_Leader_Restart (二次启动),35.5,-48.28%,-40.54%,从未,1,140,--------------------------------------------------------------------------------------------------------------------------------------------,长期未回正 | 深度套牢
000066,中国长城,20260115,E_Leader_Restart (二次启动),16.74,-12.01%,1.71%,4,1,134,---+++++----------------------++++------------------------------+++++++++++++++++++++++++++-------+++++++++++++++++++-----------------,深度套牢 | 冲高回落
002085,万丰奥威,20260115,D_Strong_Breakout (高风险追涨/优化),17.32,-39.15%,-22.63%,从未,1,139,-------------------------------------------------------------------------------------------------------------------------------------------,长期未回正 | 深度套牢
600769,祥龙电业,20260115,D_Strong_Breakout (高风险追涨/优化),13.83,6.65%,11.55%,33,1,134,--------------------------------++++++-------++++--+++++++++++++++++++++++++++++++++++++++++++++++++++++++++++++++++++++-----------+++,正常
601098,中南传媒,20260101,B_Low_Position_Start (低风险埋伏),11.26,-6.13%,-3.40%,1,10,137,++++-+-++-----------+---------------------+---------------------------+++++++++-++-------------------------------------------------------,冲高回落
002361,神剑股份,20260101,E_Leader_Restart (二次启动),14.34,-16.88%,1.96%,2,1,149,-+++++++++--------------+++----+----------------------++++++++++++++++++++++++++++++++++++++++++++++++++++++++----++++-------------------------------,深度套牢 | 冲高回落
603332,苏州龙杰,20260101,E_Leader_Restart (二次启动),13.88,-19.38%,-9.10%,11,1,148,----------++++++-------+++++-++++--------+-++++--------------------++++++++++++++++++++-------------------------------------------------------------,深度套牢 | 冲高回落
603567,珍宝岛,20260501,B_Low_Position_Start (低风险埋伏),7.08,-17.80%,-13.02%,1,20,82,+++++++++++++++++++---------------------------------------------------------------,深度套牢 | 冲高回落
601118,海南橡胶,20260824,D_Strong_Breakout (高风险追涨/优化),5.69,17.22%,13.49%,1,从未,4,++++,正常
002332,仙琚制药,20251209,B_Low_Position_Start (低风险埋伏),9.54,-11.32%,-7.62%,43,1,137,------------------------------------------+----------------------------------------------------------------------------------------------,深度套牢 | 冲高回落
002585,双星新材,20251209,E_Leader_Restart (二次启动),7.16,37.85%,20.81%,18,1,175,-----------------+++++----+++++++++------+++++++++++++++++++++++-----++------------++++++++++++++++++++++++++++++++++++++++++++++++++++++++++++++++++++++++++++++++++++++++++++,正常
603738,泰晶科技,20251209,E_Leader_Restart (二次启动),16.96,125.83%,88.79%,21,1,165,--------------------++-----------------------++++++++++++++++++++++++++++++++++++++++++++++++++++++++++++++++++++++++++++++++++++++++++++++++++++++++++++++++++++++++,正常
002093,国脉科技,20251209,E_Leader_Restart (二次启动),13.59,-47.98%,-34.52%,43,1,137,------------------------------------------+----------------------------------------------------------------------------------------------,深度套牢 | 冲高回落
601118,海南橡胶,20260826,D_Strong_Breakout (高风险追涨/优化),5.69,17.22%,15.64%,1,从未,2,++,正常
603421,鼎信通讯,20251224,A_Strong_Pullback (中风险接力),8.43,-29.18%,-11.82%,46,1,164,---------------------------------------------++++++++++++++++++-+++-+--------------++++++--+------------------------------------------------------------------------,深度套牢 | 冲高回落
603977,国泰集团,20251224,E_Leader_Restart (二次启动),14.59,-19.67%,-3.70%,3,1,164,--+-----+++++++++++++++++------+++-++++++++++++--+++++++++++++++-+++----+++++-------++-+----------+++++++-------------+++++++---------------------------------------,深度套牢 | 冲高回落
600589,大位科技,20260220,E_Leader_Restart (二次启动),13.19,-36.54%,-22.15%,53,1,119,----------------------------------------------------+----+-------------------------------------------------------------,深度套牢
001330,博纳影业,20260220,E_Leader_Restart (二次启动),12.77,-60.06%,-45.96%,从未,1,129,---------------------------------------------------------------------------------------------------------------------------------,长期未回正 | 深度套牢
600667,太极实业,20260119,C_New_Strategy (最高共振),9.3,110.00%,59.88%,1,13,147,++++++++++++-++++++++++++++++++++++++++++++-----+++++++++++++++++++++++++++++++++++++++++++++++++++++++++++++++++++++++++++++++++++++++++++++++++++,正常
603058,永吉股份,20260119,C_New_Strategy (最高共振),10.56,-7.48%,2.75%,1,63,137,++++++++++++++++++++++++++++++++++++++++++++++++++++++++++++++--++++++++++++-+-----------------------------------------------------------,冲高回落
600744,华银电力,20260119,C_New_Strategy (最高共振),6.63,7.99%,13.02%,1,6,132,+++++----------------++++++++++++++++++++++++++++++++++++++++++++++++++++++++++++++++++++++++++++++++------------------+++++++-+++++,正常
603618,杭电股份,20260119,A_Strong_Pullback (中风险接力),8.51,211.52%,237.39%,1,8,132,+++++-+-+++++++++++++++++++++++++++++-++++++++++++++++++++++++++++++++++++++++++++++++++++++++++++++++++++++++++++++++++++++++++++++,正常
002112,三变科技,20260119,E_Leader_Restart (二次启动),19.97,-18.18%,0.51%,1,9,132,++++++++-+++++++++++++++++++++++++++++++++++++++++++++++++++++-++++++++++++++-------------------------------------------------------,深度套牢 | 冲高回落
002114,罗平锌电,20260119,E_Leader_Restart (二次启动),9.73,-26.62%,-13.11%,1,10,132,+++++++++-----------+++++++++++----------------------------------------+------------------------------------------------------------,深度套牢 | 冲高回落
603023,威帝股份,20260119,E_Leader_Restart (二次启动),5.92,-34.63%,-23.31%,2,1,132,-+++++------------------------------------------------------------------------------------------------------------------------------,深度套牢 | 冲高回落
002845,同兴达,20260119,D_Strong_Breakout (高风险追涨/优化),15.41,-13.37%,-6.01%,4,1,147,---+----------------++---++++++++-----------------------------------------++++++++-+--++-+----++++++++-++++---++++---------------------------------,深度套牢 | 冲高回落
601199,江南水务,20260710,A_Strong_Pullback (中风险接力),6.05,-9.09%,-5.98%,4,1,19,---+-+-------------,正常
600129,太极集团,20260710,E_Leader_Restart (二次启动),15.39,-0.91%,3.53%,1,5,19,++++-+-++-+++-++++-,冲高回落
000524,岭南控股,20260710,E_Leader_Restart (二次启动),9.68,5.27%,-5.42%,29,1,35,----------------------------+++++++,正常
600998,九州通,20260126,C_New_Strategy (最高共振),5.58,-11.29%,-8.73%,从未,1,127,-------------------------------------------------------------------------------------------------------------------------------,长期未回正 | 深度套牢
000670,盈方微,20260126,E_Leader_Restart (二次启动),9.69,-29.31%,-17.92%,76,1,133,---------------------------------------------------------------------------+---------+-----------------------------------------------,深度套牢
600192,长城电工,20260126,E_Leader_Restart (二次启动),11.35,-36.83%,-28.69%,从未,1,133,-------------------------------------------------------------------------------------------------------------------------------------,长期未回正 | 深度套牢
002727,一心堂,20260126,D_Strong_Breakout (高风险追涨/优化),14.04,-19.44%,-13.27%,2,1,127,-+++--++-++---------------------+----------------------------------------------------------------------------------------------,深度套牢 | 冲高回落
603883,老百姓,20260126,D_Strong_Breakout (高风险追涨/优化),16.44,-24.64%,-20.02%,从未,1,127,-------------------------------------------------------------------------------------------------------------------------------,长期未回正 | 深度套牢
600318,新力金融,20251223,A_Strong_Pullback (中风险接力),9.07,-27.01%,-15.77%,1,3,137,++------------------------+++++++++++-----+----------------------------------------------------------------------------------------------,深度套牢 | 冲高回落
603535,嘉诚国际,20251223,B_Low_Position_Start (低风险埋伏),11.59,-44.35%,-30.29%,从未,1,165,---------------------------------------------------------------------------------------------------------------------------------------------------------------------,长期未回正 | 深度套牢
600889,南京化纤,20251223,B_Low_Position_Start (低风险埋伏),15.75,-13.27%,-0.93%,1,42,136,+++++++++++++++++++++++++++++++++++++++++-----------------------+-------++---------++++++++-+-+++++++--------+++++-++-------------------,深度套牢 | 冲高回落
002735,王子新材,20251223,E_Leader_Restart (二次启动),17.79,-33.78%,-12.27%,1,15,137,++++++++++++++-++++++++++++++----------------------------------------------------------------++++++++++++--------------------------------,深度套牢 | 冲高回落
002491,通鼎互联,20251223,E_Leader_Restart (二次启动),6.95,219.86%,135.89%,25,1,165,------------------------+++++++++++++++++++++++++++++++++++++++++++++++++++++++++++++++++++++++++++++++++++++++++++++++++++++++++++++++++++++++++++++++++++++++++++++,正常
002766,索菱股份,20251223,E_Leader_Restart (二次启动),6.02,-26.41%,-20.96%,1,2,134,+---++--------------------------------------------------------------------------------------------------------------------------------,深度套牢 | 冲高回落
600468,百利电气,20251223,E_Leader_Restart (二次启动),7.22,-14.96%,-1.72%,2,1,155,-+------++++++++++++++++---++++++++++++++++++++++++++++++++++++++++++++++++++++++++++++++++++--------------------------------------------------------------,深度套牢 | 冲高回落
002204,大连重工,20251223,E_Leader_Restart (二次启动),7.65,-30.20%,-15.51%,2,1,155,-+-------++++------++++-----+------------------------------------------------------------------------------------------------------------------------------,深度套牢 | 冲高回落
002350,北京科锐,20260326,E_Leader_Restart (二次启动),15.19,-1.65%,-1.69%,26,1,96,-------------------------+++++++++++++++++++----++--+++-----------------+-+------+------++++-+--,冲高回落
603055,台华新材,20260718,A_Strong_Pullback (中风险接力),8.65,-3.47%,-2.36%,9,2,14,--------+-+---,正常
600267,海正药业,20260718,D_Strong_Breakout (高风险追涨/优化),11.33,5.21%,5.13%,1,从未,14,++++++++++++++,正常
002666,德联集团,20251225,A_Strong_Pullback (中风险接力),5.63,-24.33%,-12.50%,17,1,163,----------------++++++-+--+-++++--+++++--+++++++++++---------------------------------------------------------------------------------------------------------------,深度套牢 | 冲高回落
600877,电科芯片,20251225,A_Strong_Pullback (中风险接力),16.07,-19.17%,3.42%,1,54,153,+++++++++++++++++++++++++++++++++++++++++++++++++++++-------+---++++++++++++++++++++++++++++-++--------------------+++-+++++--++-------------------------,深度套牢 | 冲高回落
601133,柏诚股份,20251225,E_Leader_Restart (二次启动),17.48,53.38%,36.23%,14,1,153,-------------+++++++++-+++++-+----+++++---------------+++++-+++++++++++++++++++++++++++++++++++++++++++++--++++++++++++++++++++++++++++++++++++++++++++++,正常
603055,台华新材,20260722,A_Strong_Pullback (中风险接力),8.65,-3.47%,-2.28%,6,1,11,-----+-+---,正常
600267,海正药业,20260722,D_Strong_Breakout (高风险追涨/优化),11.33,5.21%,4.02%,1,从未,11,+++++++++++,正常
601118,海南橡胶,20260822,D_Strong_Breakout (高风险追涨/优化),5.69,17.22%,12.86%,1,从未,5,+++++,正常
600589,大位科技,20260222,E_Leader_Restart (二次启动),13.19,-36.54%,-22.15%,53,1,119,----------------------------------------------------+----+-------------------------------------------------------------,深度套牢
001330,博纳影业,20260222,E_Leader_Restart (二次启动),12.77,-60.06%,-45.96%,从未,1,129,---------------------------------------------------------------------------------------------------------------------------------,长期未回正 | 深度套牢
000600,建投能源,20260317,E_Leader_Restart (二次启动),10.19,-19.23%,-6.71%,6,1,103,-----++---------------------------------+---++++++++++++--++++-----------------------------------------,深度套牢 | 冲高回落
000048,京基智农,20260614,E_Leader_Restart (二次启动),18.91,25.33%,9.26%,2,1,44,-++-+++++++++++++++++++--++--------+++++++++,正常
002268,电科网安,20251228,C_New_Strategy (最高共振),20.33,-30.30%,-17.92%,2,1,151,-+++++++++++++---+-------------+-----------------------------------------------------------------------------------------------------------------------,深度套牢 | 冲高回落
000411,英特集团,20251228,A_Strong_Pullback (中风险接力),12.86,-25.43%,-14.35%,1,8,134,+++++++--------------------------------+----------------------------------------------------------------------------------------------,深度套牢 | 冲高回落
002228,合兴包装,20251228,E_Leader_Restart (二次启动),6.33,-51.50%,-40.19%,从未,1,152,--------------------------------------------------------------------------------------------------------------------------------------------------------,长期未回正 | 深度套牢
002427,尤夫股份,20251228,E_Leader_Restart (二次启动),6.76,-23.22%,-14.54%,1,3,162,++----+-+-+++++++++++++++++++++++++++++++++++++++++---------------------------------------------------------------------------------------------------------------,深度套牢 | 冲高回落
600271,航天信息,20260713,B_Low_Position_Start (低风险埋伏),6.86,0.44%,-0.78%,14,1,24,-------------+++++++++++,正常
600604,市北高新,20260713,B_Low_Position_Start (低风险埋伏),4.2,9.05%,2.17%,1,6,18,+-+-+-----++++++++,正常
000524,岭南控股,20260713,E_Leader_Restart (二次启动),9.87,3.24%,-7.16%,30,1,34,-----------------------------+++++,正常
600589,大位科技,20260224,E_Leader_Restart (二次启动),13.19,-36.54%,-22.25%,52,1,118,---------------------------------------------------+----+-------------------------------------------------------------,深度套牢
001330,博纳影业,20260224,E_Leader_Restart (二次启动),12.77,-60.06%,-46.24%,从未,1,128,--------------------------------------------------------------------------------------------------------------------------------,长期未回正 | 深度套牢
601098,中南传媒,20260103,B_Low_Position_Start (低风险埋伏),11.26,-6.13%,-3.40%,1,10,137,++++-+-++-----------+---------------------+---------------------------+++++++++-++-------------------------------------------------------,冲高回落
002361,神剑股份,20260103,E_Leader_Restart (二次启动),14.34,-16.88%,1.96%,2,1,149,-+++++++++--------------+++----+----------------------++++++++++++++++++++++++++++++++++++++++++++++++++++++++----++++-------------------------------,深度套牢 | 冲高回落
603332,苏州龙杰,20260103,E_Leader_Restart (二次启动),13.88,-19.38%,-9.10%,11,1,148,----------++++++-------+++++-++++--------+-++++--------------------++++++++++++++++++++-------------------------------------------------------------,深度套牢 | 冲高回落
600589,大位科技,20260217,E_Leader_Restart (二次启动),13.19,-36.54%,-22.15%,53,1,119,----------------------------------------------------+----+-------------------------------------------------------------,深度套牢
001330,博纳影业,20260217,E_Leader_Restart (二次启动),12.77,-60.06%,-45.96%,从未,1,129,---------------------------------------------------------------------------------------------------------------------------------,长期未回正 | 深度套牢
002268,电科网安,20251229,C_New_Strategy (最高共振),20.33,-30.30%,-18.02%,1,14,150,+++++++++++++---+-------------+-----------------------------------------------------------------------------------------------------------------------,深度套牢 | 冲高回落
000411,英特集团,20251229,A_Strong_Pullback (中风险接力),12.86,-25.43%,-14.35%,1,8,134,+++++++--------------------------------+----------------------------------------------------------------------------------------------,深度套牢 | 冲高回落
002228,合兴包装,20251229,E_Leader_Restart (二次启动),6.33,-51.50%,-40.39%,从未,1,151,-------------------------------------------------------------------------------------------------------------------------------------------------------,长期未回正 | 深度套牢
002427,尤夫股份,20251229,E_Leader_Restart (二次启动),6.76,-23.22%,-14.64%,1,2,161,+----+-+-+++++++++++++++++++++++++++++++++++++++++---------------------------------------------------------------------------------------------------------------,深度套牢 | 冲高回落
603055,台华新材,20260721,A_Strong_Pullback (中风险接力),8.65,-3.47%,-2.50%,7,1,12,------+-+---,正常
600267,海正药业,20260721,D_Strong_Breakout (高风险追涨/优化),11.33,5.21%,4.53%,1,从未,12,++++++++++++,正常
601098,中南传媒,20260104,B_Low_Position_Start (低风险埋伏),11.26,-6.13%,-3.40%,1,10,137,++++-+-++-----------+---------------------+---------------------------+++++++++-++-------------------------------------------------------,冲高回落
002361,神剑股份,20260104,E_Leader_Restart (二次启动),14.34,-16.88%,1.96%,2,1,149,-+++++++++--------------+++----+----------------------++++++++++++++++++++++++++++++++++++++++++++++++++++++++----++++-------------------------------,深度套牢 | 冲高回落
603332,苏州龙杰,20260104,E_Leader_Restart (二次启动),13.88,-19.38%,-9.10%,11,1,148,----------++++++-------+++++-++++--------+-++++--------------------++++++++++++++++++++-------------------------------------------------------------,深度套牢 | 冲高回落
603055,台华新材,20260715,A_Strong_Pullback (中风险接力),8.65,-3.47%,-2.14%,1,2,16,+---------+-+---,正常
600267,海正药业,20260715,D_Strong_Breakout (高风险追涨/优化),11.33,5.21%,4.84%,1,2,16,+-++++++++++++++,正常
000559,万向钱潮,20260518,A_Strong_Pullback (中风险接力),17.5,-33.49%,-25.23%,1,5,63,++++-----------------------------------------------------------,深度套牢
603809,豪能股份,20260518,A_Strong_Pullback (中风险接力),11.48,-18.03%,-16.43%,1,2,63,+--------------------------------------------------------------,深度套牢
603018,华设集团,20260518,A_Strong_Pullback (中风险接力),7.6,-29.74%,-22.14%,1,2,73,+------------------------------------------------------------------------,深度套牢
002617,露笑科技,20260518,E_Leader_Restart (二次启动),9.36,-32.80%,-14.05%,1,3,63,++--++++---------------+++-+++++--+-+--------------------------,深度套牢 | 冲高回落
002254,泰和新材,20260518,E_Leader_Restart (二次启动),14.18,-10.08%,0.18%,1,9,63,++++++++-----++--++++++++++++++++++--+-------------------------,深度套牢 | 冲高回落
002277,友阿股份,20260518,E_Leader_Restart (二次启动),6.54,-1.99%,-6.81%,3,1,73,--++++++++--++-++----------------------------------------------------+---,冲高回落
600354,敦煌种业,20251210,A_Strong_Pullback (中风险接力),6.73,-4.61%,-8.36%,2,1,134,-++++++++++++++++++--+++++++++++++++++++----++----------------------------------------------------------------------------------------,冲高回落
603023,威帝股份,20251210,E_Leader_Restart (二次启动),5.1,-24.12%,-10.60%,1,12,134,+++++++++++---++++---++++----++++------------+++-------------------------+----+-------------------------------------------------------,深度套牢 | 冲高回落
002752,昇兴股份,20251210,E_Leader_Restart (二次启动),8.55,-29.12%,-23.53%,12,1,174,-----------+------------------------------------------------------------------------------------------------------------------------------------------------------------------,深度套牢
603709,中源家居,20251210,E_Leader_Restart (二次启动),19.7,-38.58%,-18.37%,1,5,173,++++-----------------------------------------------------------------------------------------+-+-----------------------------------------------------------------------------,深度套牢 | 冲高回落
603055,台华新材,20260719,A_Strong_Pullback (中风险接力),8.65,-3.47%,-2.36%,9,2,14,--------+-+---,正常
600267,海正药业,20260719,D_Strong_Breakout (高风险追涨/优化),11.33,5.21%,5.13%,1,从未,14,++++++++++++++,正常
600589,大位科技,20260214,E_Leader_Restart (二次启动),13.19,-36.54%,-22.15%,53,1,119,----------------------------------------------------+----+-------------------------------------------------------------,深度套牢
001330,博纳影业,20260214,E_Leader_Restart (二次启动),12.77,-60.06%,-45.96%,从未,1,129,---------------------------------------------------------------------------------------------------------------------------------,长期未回正 | 深度套牢
600601,方正科技,20260602,A_Strong_Pullback (中风险接力),13.43,-8.19%,-8.49%,9,1,62,--------+++++--+--++++++-+------------------------------------,冲高回落
000791,甘肃能源,20260602,E_Leader_Restart (二次启动),9.84,-21.04%,-18.37%,1,2,46,+---------------------------------------------,深度套牢 | 冲高回落
002587,奥拓电子,20260701,A_Strong_Pullback (中风险接力),7.33,-24.28%,-23.83%,从未,1,32,--------------------------------,长期未回正 | 深度套牢
600058,五矿发展,20260701,E_Leader_Restart (二次启动),11.88,-9.09%,-16.92%,从未,1,32,--------------------------------,长期未回正
002383,合众思壮,20251217,C_New_Strategy (最高共振),10.62,-33.80%,-11.14%,3,1,159,--+-+++++++++++++++++++++++++++++++++++++++++++++++++----------------------------------------------------------------------------------------------------------,深度套牢 | 冲高回落
001318,阳光乳业,20251217,A_Strong_Pullback (中风险接力),16.67,-29.45%,-22.09%,2,1,168,-++---------------------------------------------------------------------------------------------------------------------------------------------------------------------,深度套牢
600721,百花医药,20251217,A_Strong_Pullback (中风险接力),10.45,32.15%,-16.40%,1,9,151,++++++++------------------------------------------------------+----------------------------------------------------------------------------------++++++,正常
601366,利群股份,20251217,B_Low_Position_Start (低风险埋伏),4.99,-24.85%,-16.94%,1,9,168,++++++++-----+++--+++++++++++---++++------------------------------------------------------------------------------------------------------------------------------------,深度套牢 | 冲高回落
000950,重药控股,20251217,E_Leader_Restart (二次启动),6.58,-15.20%,-11.63%,1,5,169,++++----------------------------------------------------------------+++--------------------++++--------------------------------------------------------------------------,深度套牢 | 冲高回落
600271,航天信息,20260712,B_Low_Position_Start (低风险埋伏),6.86,0.44%,-0.96%,15,1,25,--------------+++++++++++,正常
600604,市北高新,20260712,B_Low_Position_Start (低风险埋伏),4.2,9.05%,2.04%,2,1,19,-+-+-+-----++++++++,正常
000524,岭南控股,20260712,E_Leader_Restart (二次启动),9.87,3.24%,-7.24%,31,1,35,------------------------------+++++,正常
603055,台华新材,20260728,A_Strong_Pullback (中风险接力),8.65,-3.47%,-1.22%,2,1,7,-+-+---,正常
600267,海正药业,20260728,D_Strong_Breakout (高风险追涨/优化),11.33,5.21%,3.95%,1,从未,7,+++++++,正常
603055,台华新材,20260804,A_Strong_Pullback (中风险接力),8.65,-3.47%,-3.12%,从未,1,2,--,正常
600267,海正药业,20260804,D_Strong_Breakout (高风险追涨/优化),11.33,5.21%,5.60%,1,从未,2,++,正常
603055,台华新材,20260727,A_Strong_Pullback (中风险接力),8.65,-3.47%,-1.58%,3,1,8,--+-+---,正常
600267,海正药业,20260727,D_Strong_Breakout (高风险追涨/优化),11.33,5.21%,3.88%,1,从未,8,++++++++,正常
603055,台华新材,20260801,A_Strong_Pullback (中风险接力),8.65,-3.47%,-1.88%,1,2,4,+---,正常
600267,海正药业,20260801,D_Strong_Breakout (高风险追涨/优化),11.33,5.21%,4.81%,1,从未,4,++++,正常
600589,大位科技,20260216,E_Leader_Restart (二次启动),13.19,-36.54%,-22.15%,53,1,119,----------------------------------------------------+----+-------------------------------------------------------------,深度套牢
001330,博纳影业,20260216,E_Leader_Restart (二次启动),12.77,-60.06%,-45.96%,从未,1,129,---------------------------------------------------------------------------------------------------------------------------------,长期未回正 | 深度套牢
603055,台华新材,20260731,A_Strong_Pullback (中风险接力),8.65,-3.47%,-1.88%,1,2,4,+---,正常
600267,海正药业,20260731,D_Strong_Breakout (高风险追涨/优化),11.33,5.21%,4.81%,1,从未,4,++++,正常
600028,中国石化,20260304,C_New_Strategy (最高共振),7.11,-23.21%,-25.38%,从未,1,122,--------------------------------------------------------------------------------------------------------------------------,长期未回正 | 深度套牢
000993,闽东电力,20260304,E_Leader_Restart (二次启动),14.0,-29.14%,-13.71%,1,9,122,++++++++-+++-++++++++------------------------+---+-----+++++++------------------------------------------------------------,深度套牢 | 冲高回落
000819,岳阳兴长,20260304,D_Strong_Breakout (高风险追涨/优化),17.48,-29.46%,-20.74%,从未,1,122,--------------------------------------------------------------------------------------------------------------------------,长期未回正 | 深度套牢
603703,盛洋科技,20251222,E_Leader_Restart (二次启动),14.75,-33.90%,-13.22%,9,1,156,--------++++++++++++++++++--++--+-----++++------------------------------------------------------------------------------------------------------------------,深度套牢 | 冲高回落
603123,翠微股份,20251222,E_Leader_Restart (二次启动),13.98,-27.97%,-20.71%,30,1,134,-----------------------------+--------------------------------------------------------------------------------------------------------,深度套牢
002355,兴民智通,20251222,E_Leader_Restart (二次启动),6.43,-21.62%,-8.67%,1,8,134,+++++++------+++++++++++++++++++++++++++++++++++--------------------++++++++++--------------------------------------------------------,深度套牢 | 冲高回落
603221,爱丽家居,20251222,E_Leader_Restart (二次启动),13.55,114.76%,0.14%,8,1,158,-------++++----+-++-++----------------------------------------------------------------------------------------------------------------------++++++++++++++++++,正常
603055,台华新材,20260720,A_Strong_Pullback (中风险接力),8.65,-3.47%,-2.54%,8,1,13,-------+-+---,正常
600267,海正药业,20260720,D_Strong_Breakout (高风险追涨/优化),11.33,5.21%,4.76%,1,从未,13,+++++++++++++,正常
603055,台华新材,20260802,A_Strong_Pullback (中风险接力),8.65,-3.47%,-1.88%,1,2,4,+---,正常
600267,海正药业,20260802,D_Strong_Breakout (高风险追涨/优化),11.33,5.21%,4.81%,1,从未,4,++++,正常
600906,财达证券,20260528,B_Low_Position_Start (低风险埋伏),6.74,-1.78%,5.15%,3,1,49,--++-+++--+++++++++++++++++++++++++++++++--------,冲高回落
601958,金钼股份,20260528,E_Leader_Restart (二次启动),24.41,-6.31%,-2.72%,11,1,49,----------+++++++++++++++------------------------,冲高回落
600583,海油工程,20260212,C_New_Strategy (最高共振),7.17,-21.90%,-12.86%,2,1,114,-+++++++++++-------+-----------------+----------------------------------------------------------------------------,深度套牢 | 冲高回落
600769,祥龙电业,20260212,B_Low_Position_Start (低风险埋伏),12.86,14.70%,23.98%,1,7,114,++++++-+++-+++++++++----++++++++++++++++++++++++++++++++++++++++++++++++++++++++++++++++++++++++++++++++++++-+++++,正常
003018,金富科技,20260212,E_Leader_Restart (二次启动),23.54,74.30%,94.37%,3,1,120,--++++++++++++++++++++++++++++++++++++++++++++++++++++++++++++++++++++++++++++++++++++++++++++++++++++++++++++++++++++++,正常
603058,永吉股份,20260212,E_Leader_Restart (二次启动),13.2,-25.98%,-18.69%,4,1,120,---+----++-+++----------------------------------------------------------------------------------------------------------,深度套牢
000710,贝瑞基因,20260106,B_Low_Position_Start (低风险埋伏),12.08,-24.09%,-16.52%,2,1,146,-+++++++++++++++--+++++++++++++-------------------------------------------------------------------------------------------------------------------,深度套牢 | 冲高回落
603108,润达医疗,20260106,B_Low_Position_Start (低风险埋伏),15.82,-33.82%,-18.59%,1,12,134,+++++++++++-+++-+++++++-+-------------------------------------------------------------------------------------------------------------,深度套牢 | 冲高回落
002019,亿帆医药,20260106,B_Low_Position_Start (低风险埋伏),12.6,-20.32%,-8.63%,1,4,137,+++-+++++++---------------+++++++++++++++++-++-+++++++++---+-----------------------------------------------------------------------------,深度套牢 | 冲高回落
600521,华海药业,20260106,B_Low_Position_Start (低风险埋伏),17.75,-7.27%,-10.29%,从未,1,137,-----------------------------------------------------------------------------------------------------------------------------------------,长期未回正
600055,万东医疗,20260106,B_Low_Position_Start (低风险埋伏),16.38,-29.73%,-16.92%,1,10,137,+++++++++--------------------------------------------------------------------------------------------------------------------------------,深度套牢 | 冲高回落
002755,奥赛康,20260106,B_Low_Position_Start (低风险埋伏),17.13,-23.18%,-11.62%,1,10,137,+++++++++---------------------------------+------------------------------+++------+------------------------------------------------------,深度套牢 | 冲高回落
002177,御银股份,20260106,E_Leader_Restart (二次启动),8.62,-34.57%,-16.01%,1,7,147,++++++-------------------+---++++++++--++++++------------------------------------------------------------------------------------------------------,深度套牢 | 冲高回落
603278,大业股份,20260106,E_Leader_Restart (二次启动),16.1,-40.81%,-26.34%,1,5,147,++++------------------------------------------------------------------------------+++--------------------------------------------------------------,深度套牢 | 冲高回落
603331,百达精工,20260106,E_Leader_Restart (二次启动),13.81,-4.71%,1.28%,3,1,147,--+++--++++++++++++++++++++++++++++++++++++++++++++++++++++++++++++++++++++++++++++++++++----------------------------------------------------------,冲高回落
603890,春秋电子,20260605,E_Leader_Restart (二次启动),29.36,-24.76%,-24.24%,12,1,49,-----------+-------------------------------------,深度套牢
002125,湘潭电化,20260605,E_Leader_Restart (二次启动),16.2,-19.57%,-15.47%,2,1,59,-++++++++++------------------------------------------------,深度套牢 | 冲高回落
002591,恒大高新,20260507,E_Leader_Restart (二次启动),7.96,-20.73%,-10.96%,1,14,70,+++++++++++++-+-------++----------------------------------------------,深度套牢 | 冲高回落
603095,越剑智能,20260507,E_Leader_Restart (二次启动),24.18,-38.21%,-32.26%,1,6,70,+++++-----------------------------------------------------------------,深度套牢 | 冲高回落
000533,顺钠股份,20260209,E_Leader_Restart (二次启动),11.25,7.73%,11.39%,1,2,117,+-+++++++-++++++++++++-+++++++++++++++++++++++++++++++++++++++++++++++++++-----------------------------------++--++++,正常
600481,双良节能,20260209,E_Leader_Restart (二次启动),10.51,-58.23%,-44.34%,3,1,133,--+----------------------------------------------------------------------------------------------------------------------------------,深度套牢
600694,大商股份,20260113,C_New_Strategy (最高共振),20.05,-27.08%,-17.99%,从未,1,134,--------------------------------------------------------------------------------------------------------------------------------------,长期未回正 | 深度套牢
600784,鲁银投资,20260113,E_Leader_Restart (二次启动),7.73,-0.39%,-5.74%,62,1,136,-------------------------------------------------------------+----+----------++++++++++------------------------+------------------------,冲高回落
002510,天汽模,20260110,E_Leader_Restart (二次启动),7.79,-27.21%,-13.02%,1,2,134,+-+-++++++----------++++++--++++++-+--------------------------------------------------------------------------------------------------,深度套牢 | 冲高回落
002023,海特高新,20260110,E_Leader_Restart (二次启动),14.85,-28.62%,-20.71%,1,2,144,+-----------------------------------------------------------------------------------------------------------------------------------------------,深度套牢
600830,香溢融通,20260110,D_Strong_Breakout (高风险追涨/优化),9.88,-18.52%,-9.73%,1,2,144,+-------++----------+-------+----------------------------------------+++++++++++++--------------------------------------------------------------,深度套牢 | 冲高回落
603065,宿迁联盛,20260228,C_New_Strategy (最高共振),9.65,63.42%,20.21%,15,1,109,--------------+----------------------------------------------------++++++++++++++++++++++++++++++++++++++++++,正常
600470,六国化工,20260228,E_Leader_Restart (二次启动),7.94,-31.36%,-19.10%,1,2,115,+---+++++++++------------------------------------------------------------------------------------------------------,深度套牢 | 冲高回落
002828,贝肯能源,20260228,E_Leader_Restart (二次启动),13.8,-13.26%,-14.96%,1,7,104,++++++-+++++-------------+------------------------------------------------------------------------------,深度套牢 | 冲高回落
000554,泰山石油,20260228,E_Leader_Restart (二次启动),8.83,-26.05%,-15.40%,1,15,109,++++++++++++++-----------------------------------------------------------------------------------------------,深度套牢 | 冲高回落
603315,福鞍股份,20260228,E_Leader_Restart (二次启动),17.7,-30.40%,-13.31%,34,1,109,---------------------------------+--++++----+++++++++--------------------------------------------------------,深度套牢 | 冲高回落
601390,中国中铁,20260228,E_Leader_Restart (二次启动),6.19,-27.46%,-20.02%,1,2,109,+------------------------------------------------------------------------------------------------------------,深度套牢
000968,蓝焰控股,20260228,E_Leader_Restart (二次启动),8.55,-18.60%,-4.11%,1,45,109,++++++++++++++++++++++++++++++++++++++++++++-------+---------------------------------------------------------,深度套牢 | 冲高回落
600409,三友化工,20260228,E_Leader_Restart (二次启动),8.8,-26.02%,-21.38%,8,1,109,-------++----------------------------------------------------------------------------------------------------,深度套牢
600601,方正科技,20260530,A_Strong_Pullback (中风险接力),13.43,-8.19%,-8.43%,11,1,64,----------+++++--+--++++++-+------------------------------------,冲高回落
000791,甘肃能源,20260530,E_Leader_Restart (二次启动),9.84,-21.04%,-17.60%,2,1,48,-++---------------------------------------------,深度套牢 | 冲高回落
002729,好利科技,20260520,E_Leader_Restart (二次启动),21.07,-34.41%,-25.30%,从未,1,68,--------------------------------------------------------------------,长期未回正 | 深度套牢
603677,奇精机械,20260520,E_Leader_Restart (二次启动),17.17,-20.03%,-17.04%,1,6,61,+++++--+-+---------------------------------------------------,深度套牢 | 冲高回落
002579,中京电子,20251213,A_Strong_Pullback (中风险接力),11.89,20.94%,15.86%,1,2,172,+----+-++-+++++++++++++++++++++------------+++++--++-+++++++++-++----++++++++++++++++++++-++++++++++++++++++++++++++++++++++++++++++++++++++++--++++------++++++++++++++++++,正常
002235,安妮股份,20251213,E_Leader_Restart (二次启动),12.85,-18.83%,-22.81%,1,2,161,+----------------------------------------------------------------------------------------------------------------------------------------------------------------,深度套牢
002725,跃岭股份,20251213,E_Leader_Restart (二次启动),19.08,-39.83%,-23.98%,从未,1,172,----------------------------------------------------------------------------------------------------------------------------------------------------------------------------,长期未回正 | 深度套牢
600601,方正科技,20260601,A_Strong_Pullback (中风险接力),13.43,-8.19%,-8.45%,10,1,63,---------+++++--+--++++++-+------------------------------------,冲高回落
000791,甘肃能源,20260601,E_Leader_Restart (二次启动),9.84,-21.04%,-17.93%,1,3,47,++---------------------------------------------,深度套牢 | 冲高回落
603567,珍宝岛,20260504,B_Low_Position_Start (低风险埋伏),7.08,-17.80%,-13.02%,1,20,82,+++++++++++++++++++---------------------------------------------------------------,深度套牢 | 冲高回落
000048,京基智农,20260616,E_Leader_Restart (二次启动),18.91,25.33%,9.87%,1,2,42,+-+++++++++++++++++++--++--------+++++++++,正常
600589,大位科技,20260225,E_Leader_Restart (二次启动),13.19,-36.54%,-22.36%,51,1,117,--------------------------------------------------+----+-------------------------------------------------------------,深度套牢
001330,博纳影业,20260225,E_Leader_Restart (二次启动),12.77,-60.06%,-46.46%,从未,1,127,-------------------------------------------------------------------------------------------------------------------------------,长期未回正 | 深度套牢
603055,台华新材,20260729,A_Strong_Pullback (中风险接力),8.65,-3.47%,-1.21%,1,2,6,+-+---,正常
600267,海正药业,20260729,D_Strong_Breakout (高风险追涨/优化),11.33,5.21%,3.85%,1,从未,6,++++++,正常
603567,珍宝岛,20260502,B_Low_Position_Start (低风险埋伏),7.08,-17.80%,-13.02%,1,20,82,+++++++++++++++++++---------------------------------------------------------------,深度套牢 | 冲高回落
600667,太极实业,20260120,C_New_Strategy (最高共振),9.3,110.00%,60.26%,1,12,146,+++++++++++-++++++++++++++++++++++++++++++-----+++++++++++++++++++++++++++++++++++++++++++++++++++++++++++++++++++++++++++++++++++++++++++++++++++,正常
002196,方正电机,20260120,E_Leader_Restart (二次启动),16.53,-32.55%,-15.89%,1,7,137,++++++-++++-++++++++++----------------------------------------------------+--++----------------------------------------------------------,深度套牢 | 冲高回落
002114,罗平锌电,20260120,E_Leader_Restart (二次启动),9.73,-26.62%,-13.22%,1,9,131,++++++++-----------+++++++++++----------------------------------------+------------------------------------------------------------,深度套牢 | 冲高回落
603023,威帝股份,20260120,E_Leader_Restart (二次启动),5.92,-34.63%,-23.44%,1,6,131,+++++------------------------------------------------------------------------------------------------------------------------------,深度套牢 | 冲高回落
600841,动力新科,20260120,E_Leader_Restart (二次启动),6.86,-14.58%,16.56%,1,37,131,++++++++++++++++++++++++++++++++++++-+++++++++++++++++++++++++++++++++++++++++++++++++++++---+-------------------------------------,深度套牢 | 冲高回落
002845,同兴达,20260120,D_Strong_Breakout (高风险追涨/优化),15.41,-13.37%,-6.02%,3,1,146,--+----------------++---++++++++-----------------------------------------++++++++-+--++-+----++++++++-++++---++++---------------------------------,深度套牢 | 冲高回落
600955,维远股份,20260120,D_Strong_Breakout (高风险追涨/优化),18.72,-31.46%,-8.98%,1,33,131,++++++++++++++++++++++++++++++++----------+------------+---+++++++--+--------------------------------------------------------------,深度套牢 | 冲高回落
600073,光明肉业,20260120,D_Strong_Breakout (高风险追涨/优化),6.75,-24.00%,-15.35%,从未,1,131,-----------------------------------------------------------------------------------------------------------------------------------,长期未回正 | 深度套牢
603567,珍宝岛,20260506,B_Low_Position_Start (低风险埋伏),7.08,-17.80%,-13.20%,1,19,81,++++++++++++++++++---------------------------------------------------------------,深度套牢 | 冲高回落
000586,汇源通信,20260415,E_Leader_Restart (二次启动),23.19,-40.62%,-36.03%,从未,1,93,---------------------------------------------------------------------------------------------,长期未回正 | 深度套牢
000026,飞亚达,20260415,E_Leader_Restart (二次启动),16.2,29.14%,19.92%,1,36,83,+++++++++++++++++++++++++++++++++++--++++++++++++++++++++++++++-+---+---+-+++++++++,正常
603110,东方材料,20260318,A_Strong_Pullback (中风险接力),17.66,42.81%,19.23%,22,1,102,---------------------+++++++++++++++++++++++++++++++++++++++++++++++++++++++++++++++++++++++++++++++++,正常
000617,中油资本,20260318,E_Leader_Restart (二次启动),9.89,-30.43%,-17.09%,1,18,102,+++++++++-+++++++-------------------------------------------------------------------------------------,深度套牢 | 冲高回落
002054,德美化工,20260116,E_Leader_Restart (二次启动),8.52,-15.38%,-2.65%,4,1,133,---+++++++++++++++++++++++++++++++++++---+-++++---+++++-+---------+++++++++----------------------------------------------------------,深度套牢 | 冲高回落
000409,云鼎科技,20260116,E_Leader_Restart (二次启动),12.61,-29.18%,-20.29%,从未,1,133,-------------------------------------------------------------------------------------------------------------------------------------,长期未回正 | 深度套牢
600839,四川长虹,20260116,E_Leader_Restart (二次启动),10.7,-34.77%,-21.50%,3,1,133,--+++--------------------------------------------------------------------------------------------------------------------------------,深度套牢
603703,盛洋科技,20251221,E_Leader_Restart (二次启动),14.75,-33.90%,-13.17%,10,1,157,---------++++++++++++++++++--++--+-----++++------------------------------------------------------------------------------------------------------------------,深度套牢 | 冲高回落
603123,翠微股份,20251221,E_Leader_Restart (二次启动),13.98,-27.97%,-20.71%,30,1,134,-----------------------------+--------------------------------------------------------------------------------------------------------,深度套牢
002355,兴民智通,20251221,E_Leader_Restart (二次启动),6.43,-21.62%,-8.67%,1,8,134,+++++++------+++++++++++++++++++++++++++++++++++--------------------++++++++++--------------------------------------------------------,深度套牢 | 冲高回落
603221,爱丽家居,20251221,E_Leader_Restart (二次启动),13.55,114.76%,0.13%,9,1,159,--------++++----+-++-++----------------------------------------------------------------------------------------------------------------------++++++++++++++++++,正常
000862,银星能源,20260307,E_Leader_Restart (二次启动),7.31,-27.63%,-14.97%,1,7,120,++++++-++++++++----------------------------+------------+-+-------------------------------------------------------------,深度套牢 | 冲高回落
601098,中南传媒,20260102,B_Low_Position_Start (低风险埋伏),11.26,-6.13%,-3.40%,1,10,137,++++-+-++-----------+---------------------+---------------------------+++++++++-++-------------------------------------------------------,冲高回落
002361,神剑股份,20260102,E_Leader_Restart (二次启动),14.34,-16.88%,1.96%,2,1,149,-+++++++++--------------+++----+----------------------++++++++++++++++++++++++++++++++++++++++++++++++++++++++----++++-------------------------------,深度套牢 | 冲高回落
603332,苏州龙杰,20260102,E_Leader_Restart (二次启动),13.88,-19.38%,-9.10%,11,1,148,----------++++++-------+++++-++++--------+-++++--------------------++++++++++++++++++++-------------------------------------------------------------,深度套牢 | 冲高回落
002800,天顺股份,20260308,E_Leader_Restart (二次启动),24.35,-45.30%,-32.47%,6,1,110,-----+--------------------------------------------------------------------------------------------------------,深度套牢
600583,海油工程,20260213,C_New_Strategy (最高共振),7.17,-21.90%,-12.93%,1,12,113,+++++++++++-------+-----------------+----------------------------------------------------------------------------,深度套牢 | 冲高回落
600769,祥龙电业,20260213,B_Low_Position_Start (低风险埋伏),12.86,14.70%,24.16%,1,6,113,+++++-+++-+++++++++----++++++++++++++++++++++++++++++++++++++++++++++++++++++++++++++++++++++++++++++++++++-+++++,正常
003018,金富科技,20260213,E_Leader_Restart (二次启动),23.54,74.30%,95.19%,2,1,119,-++++++++++++++++++++++++++++++++++++++++++++++++++++++++++++++++++++++++++++++++++++++++++++++++++++++++++++++++++++++,正常
603058,永吉股份,20260213,E_Leader_Restart (二次启动),13.2,-25.98%,-18.83%,3,1,119,--+----++-+++----------------------------------------------------------------------------------------------------------,深度套牢
600028,中国石化,20260303,C_New_Strategy (最高共振),7.11,-23.21%,-25.14%,1,2,123,+--------------------------------------------------------------------------------------------------------------------------,深度套牢
002350,北京科锐,20260303,E_Leader_Restart (二次启动),11.89,25.65%,24.73%,1,从未,113,+++++++++++++++++++++++++++++++++++++++++++++++++++++++++++++++++++++++++++++++++++++++++++++++++++++++++++++++++,正常
000993,闽东电力,20260303,E_Leader_Restart (二次启动),14.0,-29.14%,-13.58%,1,10,123,+++++++++-+++-++++++++------------------------+---+-----+++++++------------------------------------------------------------,深度套牢 | 冲高回落
000819,岳阳兴长,20260303,D_Strong_Breakout (高风险追涨/优化),17.48,-29.46%,-20.61%,从未,1,123,---------------------------------------------------------------------------------------------------------------------------,长期未回正 | 深度套牢
600156,华升股份,20260423,E_Leader_Restart (二次启动),10.11,-15.53%,-8.32%,3,1,87,--+++++++++++++++++++++++--------------------------------------------------------------,深度套牢 | 冲高回落
603335,迪生力,20260423,E_Leader_Restart (二次启动),7.07,-4.67%,1.39%,3,1,77,--++--++++++++++-+--++++++---+++++++++++++++++++++++-------------------------,冲高回落
002729,好利科技,20260519,E_Leader_Restart (二次启动),21.07,-34.41%,-24.91%,1,2,69,+--------------------------------------------------------------------,深度套牢
603677,奇精机械,20260519,E_Leader_Restart (二次启动),17.17,-20.03%,-16.79%,2,1,62,-+++++--+-+---------------------------------------------------,深度套牢 | 冲高回落
002510,天汽模,20260112,E_Leader_Restart (二次启动),7.79,-27.21%,-13.13%,2,1,133,-+-++++++----------++++++--++++++-+--------------------------------------------------------------------------------------------------,深度套牢 | 冲高回落
002023,海特高新,20260112,E_Leader_Restart (二次启动),14.85,-28.62%,-20.88%,从未,1,143,-----------------------------------------------------------------------------------------------------------------------------------------------,长期未回正 | 深度套牢
600830,香溢融通,20260112,D_Strong_Breakout (高风险追涨/优化),9.88,-18.52%,-9.80%,8,1,143,-------++----------+-------+----------------------------------------+++++++++++++--------------------------------------------------------------,深度套牢 | 冲高回落
600667,太极实业,20260117,C_New_Strategy (最高共振),9.3,110.00%,59.48%,1,14,148,+++++++++++++-++++++++++++++++++++++++++++++-----+++++++++++++++++++++++++++++++++++++++++++++++++++++++++++++++++++++++++++++++++++++++++++++++++++,正常
603058,永吉股份,20260117,C_New_Strategy (最高共振),10.56,-7.48%,2.76%,1,64,138,+++++++++++++++++++++++++++++++++++++++++++++++++++++++++++++++--++++++++++++-+-----------------------------------------------------------,冲高回落
600744,华银电力,20260117,C_New_Strategy (最高共振),6.63,7.99%,12.96%,1,7,133,++++++----------------++++++++++++++++++++++++++++++++++++++++++++++++++++++++++++++++++++++++++++++++------------------+++++++-+++++,正常
603618,杭电股份,20260117,A_Strong_Pullback (中风险接力),8.51,211.52%,235.66%,1,9,133,++++++-+-+++++++++++++++++++++++++++++-++++++++++++++++++++++++++++++++++++++++++++++++++++++++++++++++++++++++++++++++++++++++++++++,正常
002112,三变科技,20260117,E_Leader_Restart (二次启动),19.97,-18.18%,0.58%,1,10,133,+++++++++-+++++++++++++++++++++++++++++++++++++++++++++++++++++-++++++++++++++-------------------------------------------------------,深度套牢 | 冲高回落
002114,罗平锌电,20260117,E_Leader_Restart (二次启动),9.73,-26.62%,-13.00%,1,11,133,++++++++++-----------+++++++++++----------------------------------------+------------------------------------------------------------,深度套牢 | 冲高回落
603023,威帝股份,20260117,E_Leader_Restart (二次启动),5.92,-34.63%,-23.15%,3,1,133,--+++++------------------------------------------------------------------------------------------------------------------------------,深度套牢 | 冲高回落
002845,同兴达,20260117,D_Strong_Breakout (高风险追涨/优化),15.41,-13.37%,-5.98%,5,1,148,----+----------------++---++++++++-----------------------------------------++++++++-+--++-+----++++++++-++++---++++---------------------------------,深度套牢 | 冲高回落
600058,五矿发展,20260128,E_Leader_Restart (二次启动),14.93,-27.66%,-25.57%,从未,1,131,-----------------------------------------------------------------------------------------------------------------------------------,长期未回正 | 深度套牢
002890,弘宇股份,20260128,E_Leader_Restart (二次启动),16.42,-14.13%,-5.62%,1,17,125,++++++++++++++++-------+---------------+---++---+------+++++++++++++++-+-----------------------------------------------------,深度套牢 | 冲高回落
603926,铁流股份,20260128,E_Leader_Restart (二次启动),25.44,-37.26%,-22.39%,2,1,125,-+++++-----------------------------------------------------------------------------------------------------------------------,深度套牢 | 冲高回落
002185,华天科技,20260128,E_Leader_Restart (二次启动),14.66,17.74%,9.33%,1,3,125,++-+---------++++-------------+-------------------------------+----++++++++++++++++++++++++++++++++++++++++++++++++++++++++++,正常
600770,综艺股份,20260128,E_Leader_Restart (二次启动),6.62,-20.69%,-6.25%,1,3,125,++-++++++++----+--------------+-----------------------++++++++++++++++-++----------------------++++-----+--------------------,深度套牢 | 冲高回落
601117,中国化学,20260128,E_Leader_Restart (二次启动),8.82,-11.34%,-6.07%,1,3,125,++-----------+++++++++++++++++---++++-++-++++++------------------------------------------------------------------------------,深度套牢 | 冲高回落
000990,诚志股份,20260128,E_Leader_Restart (二次启动),8.96,-26.56%,6.16%,1,3,125,++-------------------+--++++++-++++++++++++++++++++++++++++++++++++++++++++++++++++---+++-----------------+++++++-+---+------,深度套牢 | 冲高回落
002815,崇达技术,20260128,E_Leader_Restart (二次启动),16.08,-22.64%,-4.76%,15,1,125,--------------+-----------+-+---------------------------------++++-----+++++++++++++++++++++++++-++--+--++++-----------------,深度套牢 | 冲高回落
600230,沧州大化,20260128,E_Leader_Restart (二次启动),18.89,-24.67%,-7.97%,1,30,125,+++++++++++++++++++++++++++++-------+-++-++++++++++++++++++------------------------------------------------------------------,深度套牢 | 冲高回落
600552,凯盛科技,20260128,E_Leader_Restart (二次启动),15.65,14.25%,10.20%,53,1,141,----------------------------------------------------+--+---++++++++++++++++++++++++++++++++++++++++++++++++++++-+++-+++---+++++++++++++++++++,正常
000159,国际实业,20260128,E_Leader_Restart (二次启动),7.11,-14.63%,-11.82%,16,1,141,---------------+++++++----------------------------------------------+------------------------------------------------------------------------,深度套牢 | 冲高回落
605366,宏柏新材,20260128,E_Leader_Restart (二次启动),7.06,17.71%,47.76%,5,1,131,----+++++++++++++++++++++++++++++++++++++++++++++++++++++++++++++++++++++++++++++++++++++++++++++++++++++++++++++-+++++--++++++++++,正常
600173,卧龙新能,20260128,E_Leader_Restart (二次启动),8.41,-24.61%,-15.57%,1,2,125,+----++++++-++---------------------------------------------------------------------------------------------------------------,深度套牢 | 冲高回落
603078,江化微,20260128,E_Leader_Restart (二次启动),29.03,17.77%,7.82%,67,1,125,------------------------------------------------------------------+++++++++++++++++++++++++++++++++++++++++++++++++++++----++,正常
002165,红 宝 丽,20260128,E_Leader_Restart (二次启动),10.21,-34.38%,-13.25%,1,31,125,++++++++++++++++++++++++++++++---+-------------------------------------------------------------------------------------------,深度套牢 | 冲高回落
603065,宿迁联盛,20260301,C_New_Strategy (最高共振),9.65,63.42%,20.21%,15,1,109,--------------+----------------------------------------------------++++++++++++++++++++++++++++++++++++++++++,正常
600470,六国化工,20260301,E_Leader_Restart (二次启动),7.94,-31.36%,-19.10%,1,2,115,+---+++++++++------------------------------------------------------------------------------------------------------,深度套牢 | 冲高回落
002828,贝肯能源,20260301,E_Leader_Restart (二次启动),13.8,-13.26%,-14.96%,1,7,104,++++++-+++++-------------+------------------------------------------------------------------------------,深度套牢 | 冲高回落
000554,泰山石油,20260301,E_Leader_Restart (二次启动),8.83,-26.05%,-15.40%,1,15,109,++++++++++++++-----------------------------------------------------------------------------------------------,深度套牢 | 冲高回落
603315,福鞍股份,20260301,E_Leader_Restart (二次启动),17.7,-30.40%,-13.31%,34,1,109,---------------------------------+--++++----+++++++++--------------------------------------------------------,深度套牢 | 冲高回落
601390,中国中铁,20260301,E_Leader_Restart (二次启动),6.19,-27.46%,-20.02%,1,2,109,+------------------------------------------------------------------------------------------------------------,深度套牢
000968,蓝焰控股,20260301,E_Leader_Restart (二次启动),8.55,-18.60%,-4.11%,1,45,109,++++++++++++++++++++++++++++++++++++++++++++-------+---------------------------------------------------------,深度套牢 | 冲高回落
600409,三友化工,20260301,E_Leader_Restart (二次启动),8.8,-26.02%,-21.38%,8,1,109,-------++----------------------------------------------------------------------------------------------------,深度套牢
601390,中国中铁,20260127,C_New_Strategy (最高共振),5.8,-22.59%,-12.84%,2,3,126,-+-----------+++++++++-++++---------------------------------------------------------------------------------------------------,深度套牢 | 冲高回落
603078,江化微,20260127,E_Leader_Restart (二次启动),29.4,16.29%,6.35%,68,1,126,-------------------------------------------------------------------+++++++++++++++++++++++++++++++++++++++++++++++++++++----++,正常
000670,盈方微,20260127,E_Leader_Restart (二次启动),9.91,-30.88%,-19.83%,75,1,132,--------------------------------------------------------------------------+---------+-----------------------------------------------,深度套牢
002658,雪迪龙,20260127,E_Leader_Restart (二次启动),10.44,-27.68%,-17.55%,9,1,142,--------++---++++++++++++---------------------------------------------------------------------------------------------------------------------,深度套牢 | 冲高回落
603138,海量数据,20260127,E_Leader_Restart (二次启动),17.83,-24.23%,-1.53%,1,2,126,+------++++++++++++++++++++++++-+++++++++++++++++++++++++++++++++++++++-+-------++--------------------------------------------,深度套牢 | 冲高回落
603883,老百姓,20260127,D_Strong_Breakout (高风险追涨/优化),16.44,-24.64%,-20.14%,从未,1,126,------------------------------------------------------------------------------------------------------------------------------,长期未回正 | 深度套牢
002871,伟隆股份,20251219,A_Strong_Pullback (中风险接力),15.74,8.07%,19.95%,1,138,167,+++++++++++++++++++++++++++++++++++++++++++++++++++++++++++++++++++++++++++++++++++++++++++++++++++++++++++++++++++++++++++++++++++++++++-+---++----+++++++++++++++++++,正常
603057,紫燕食品,20251219,B_Low_Position_Start (低风险埋伏),18.97,17.61%,36.74%,1,40,134,+++++++++++++++++++++++++++++++++++++++-++++++++++++++++++++++++++++++++++++++++++++++++++++++++++++++++++++++++++++++++++++++++++++++,正常
000546,金圆股份,20251219,E_Leader_Restart (二次启动),6.8,-28.53%,-14.39%,1,6,167,+++++--------++-------+-----------------+---------------------+-----------++----+++++++++++++--------------------------------------------------------------------------,深度套牢 | 冲高回落
002115,三维通信,20260430,E_Leader_Restart (二次启动),14.0,-13.14%,-14.90%,1,10,72,+++++++++---------------------------------------------------------------,深度套牢 | 冲高回落
003036,泰坦股份,20260430,E_Leader_Restart (二次启动),33.83,65.68%,93.57%,1,从未,72,++++++++++++++++++++++++++++++++++++++++++++++++++++++++++++++++++++++++,正常
603012,创力集团,20260515,C_New_Strategy (最高共振),9.55,-1.26%,-11.35%,5,1,64,----+++++-------------------------------------------------------,冲高回落
603758,秦安股份,20260515,B_Low_Position_Start (低风险埋伏),13.44,2.83%,-23.58%,62,1,64,-------------------------------------------------------------+++,正常
000048,京基智农,20260613,E_Leader_Restart (二次启动),18.91,25.33%,9.26%,2,1,44,-++-+++++++++++++++++++--++--------+++++++++,正常
600579,中化装备,20260622,E_Leader_Restart (二次启动),7.37,-1.76%,-0.02%,1,2,39,+-++++++++++++++-----------------------,冲高回落
600579,中化装备,20260619,E_Leader_Restart (二次启动),7.37,-1.76%,0.01%,1,3,40,++-++++++++++++++-----------------------,冲高回落
000700,模塑科技,20251226,A_Strong_Pullback (中风险接力),11.25,5.60%,19.29%,1,53,152,++++++++++++++++++++++++++++++++++++++++++++++++++++-+++++++++-+++-+++++++--+-++++++++++++++++++++++++++++++++++++++++++++++++++++++-+----------++++++++,正常
000948,南天信息,20251226,B_Low_Position_Start (低风险埋伏),17.56,-17.14%,-13.43%,1,19,152,++++++++++++++++++--------------------------------------------------------------------------------------------------------------------------------------,深度套牢 | 冲高回落
600106,重庆路桥,20251226,B_Low_Position_Start (低风险埋伏),6.5,-32.31%,-14.59%,12,1,151,-----------+++++++-------------------------------------------------------------------------------------------------------------------------------------,深度套牢
002383,合众思壮,20251226,E_Leader_Restart (二次启动),11.74,-40.12%,-20.24%,1,15,152,++++++++++++++---+-------------------++++++++-----------------------------------------------------------------------------------------------------------,深度套牢 | 冲高回落
002166,莱茵生物,20251226,E_Leader_Restart (二次启动),9.43,-26.62%,-13.94%,19,1,162,------------------+++------------------------+--------------------------------------------------------------------------------------------------------------------,深度套牢
002427,尤夫股份,20251226,E_Leader_Restart (二次启动),6.69,-22.42%,-13.65%,1,4,162,+++---+++-++++++++++++++++++++++++++++++++++++++++++-------------+------------------------------------------------------------------------------------------------,深度套牢 | 冲高回落
603587,地素时尚,20251226,D_Strong_Breakout (高风险追涨/优化),13.77,-15.18%,-9.59%,从未,1,152,--------------------------------------------------------------------------------------------------------------------------------------------------------,长期未回正 | 深度套牢
600589,大位科技,20260221,E_Leader_Restart (二次启动),13.19,-36.54%,-22.15%,53,1,119,----------------------------------------------------+----+-------------------------------------------------------------,深度套牢
001330,博纳影业,20260221,E_Leader_Restart (二次启动),12.77,-60.06%,-45.96%,从未,1,129,---------------------------------------------------------------------------------------------------------------------------------,长期未回正 | 深度套牢
000735,罗 牛 山,20251203,C_New_Strategy (最高共振),9.68,-39.46%,-30.09%,5,1,178,----++++++--+++++-----------------------------------------------------------------------------------------------------------------------------------------------------------------,深度套牢 | 冲高回落
603718,海利生物,20251203,B_Low_Position_Start (低风险埋伏),7.04,-58.95%,-42.27%,从未,1,134,--------------------------------------------------------------------------------------------------------------------------------------,长期未回正 | 深度套牢
002019,亿帆医药,20251203,B_Low_Position_Start (低风险埋伏),12.86,-21.93%,-10.48%,1,2,137,+----+--------------------+++++++++++++++++----++-++-+++---------------------------------------------------------------------------------,深度套牢 | 冲高回落
003018,金富科技,20251203,E_Leader_Restart (二次启动),22.35,83.58%,69.65%,45,1,168,--------------------------------------------+-++++++++++++++++++++++++++++++++++++++++++++++++++++++++++++++++++++++++++++++++++++++++++++++++++++++++++++++++++++++++++,正常
000411,英特集团,20251203,E_Leader_Restart (二次启动),12.93,-25.83%,-14.81%,1,8,134,+++++++--------------------------------+----------------------------------------------------------------------------------------------,深度套牢 | 冲高回落
603890,春秋电子,20260606,E_Leader_Restart (二次启动),29.36,-24.76%,-24.24%,12,1,49,-----------+-------------------------------------,深度套牢
002125,湘潭电化,20260606,E_Leader_Restart (二次启动),16.2,-19.57%,-15.47%,2,1,59,-++++++++++------------------------------------------------,深度套牢 | 冲高回落
002579,中京电子,20251215,A_Strong_Pullback (中风险接力),11.89,20.94%,15.95%,5,1,171,----+-++-+++++++++++++++++++++------------+++++--++-+++++++++-++----++++++++++++++++++++-++++++++++++++++++++++++++++++++++++++++++++++++++++--++++------++++++++++++++++++,正常
002235,安妮股份,20251215,E_Leader_Restart (二次启动),12.85,-18.83%,-22.96%,从未,1,160,----------------------------------------------------------------------------------------------------------------------------------------------------------------,长期未回正 | 深度套牢
002725,跃岭股份,20251215,E_Leader_Restart (二次启动),19.08,-39.83%,-24.06%,从未,1,171,---------------------------------------------------------------------------------------------------------------------------------------------------------------------------,长期未回正 | 深度套牢
600589,大位科技,20260223,E_Leader_Restart (二次启动),13.19,-36.54%,-22.15%,53,1,119,----------------------------------------------------+----+-------------------------------------------------------------,深度套牢
001330,博纳影业,20260223,E_Leader_Restart (二次启动),12.77,-60.06%,-45.96%,从未,1,129,---------------------------------------------------------------------------------------------------------------------------------,长期未回正 | 深度套牢
603212,赛伍技术,20260603,A_Strong_Pullback (中风险接力),15.46,-27.49%,-20.15%,1,5,45,++++-+++++-----------------------------------,深度套牢 | 冲高回落
603633,徕木股份,20260603,E_Leader_Restart (二次启动),9.06,-27.37%,-26.35%,从未,1,61,-------------------------------------------------------------,长期未回正 | 深度套牢
002700,万憬能源,20260603,E_Leader_Restart (二次启动),7.94,-23.93%,-15.52%,1,14,45,+++++++++++++--------------------------------,深度套牢 | 冲高回落
601918,新集能源,20260603,E_Leader_Restart (二次启动),10.97,-10.48%,-12.45%,1,2,45,+--------------------------------------------,深度套牢
002107,沃华医药,20260413,E_Leader_Restart (二次启动),7.53,-19.26%,-12.73%,1,10,79,+++++++++--+-------------------------------------------------------------------,深度套牢 | 冲高回落
000026,飞亚达,20260417,E_Leader_Restart (二次启动),16.2,29.14%,20.19%,1,34,81,+++++++++++++++++++++++++++++++++--++++++++++++++++++++++++++-+---+---+-+++++++++,正常
002587,奥拓电子,20260627,A_Strong_Pullback (中风险接力),7.33,-24.28%,-21.61%,2,1,35,-++--------------------------------,深度套牢 | 冲高回落
600058,五矿发展,20260627,E_Leader_Restart (二次启动),11.88,-9.09%,-15.81%,从未,1,35,-----------------------------------,长期未回正
002802,洪汇新材,20260421,E_Leader_Restart (二次启动),15.69,-28.17%,-22.15%,从未,1,73,-------------------------------------------------------------------------,长期未回正 | 深度套牢
605388,均瑶健康,20260421,E_Leader_Restart (二次启动),8.31,-24.67%,-29.37%,从未,1,89,-----------------------------------------------------------------------------------------,长期未回正 | 深度套牢
603055,台华新材,20260724,A_Strong_Pullback (中风险接力),8.65,-3.47%,-1.93%,4,1,9,---+-+---,正常
600267,海正药业,20260724,D_Strong_Breakout (高风险追涨/优化),11.33,5.21%,3.97%,1,从未,9,+++++++++,正常
603055,台华新材,20260803,A_Strong_Pullback (中风险接力),8.65,-3.47%,-2.58%,从未,1,3,---,长期未回正
600267,海正药业,20260803,D_Strong_Breakout (高风险追涨/优化),11.33,5.21%,6.15%,1,从未,3,+++,正常
600906,财达证券,20260529,B_Low_Position_Start (低风险埋伏),6.74,-1.78%,5.28%,2,1,48,-++-+++--+++++++++++++++++++++++++++++++--------,冲高回落
601958,金钼股份,20260529,E_Leader_Restart (二次启动),24.41,-6.31%,-2.76%,10,1,48,---------+++++++++++++++------------------------,冲高回落
603567,珍宝岛,20260505,B_Low_Position_Start (低风险埋伏),7.08,-17.80%,-13.02%,1,20,82,+++++++++++++++++++---------------------------------------------------------------,深度套牢 | 冲高回落
603110,东方材料,20260319,A_Strong_Pullback (中风险接力),17.66,42.81%,19.44%,21,1,101,--------------------+++++++++++++++++++++++++++++++++++++++++++++++++++++++++++++++++++++++++++++++++,正常
000617,中油资本,20260319,E_Leader_Restart (二次启动),9.89,-30.43%,-17.34%,1,17,101,++++++++-+++++++-------------------------------------------------------------------------------------,深度套牢 | 冲高回落
600156,华升股份,20260424,E_Leader_Restart (二次启动),10.11,-15.53%,-8.31%,2,1,86,-+++++++++++++++++++++++--------------------------------------------------------------,深度套牢 | 冲高回落
603335,迪生力,20260424,E_Leader_Restart (二次启动),7.07,-4.67%,1.53%,2,1,76,-++--++++++++++-+--++++++---+++++++++++++++++++++++-------------------------,冲高回落
603890,春秋电子,20260608,E_Leader_Restart (二次启动),31.24,-29.29%,-29.19%,从未,1,48,------------------------------------------------,长期未回正 | 深度套牢
002137,实益达,20260608,E_Leader_Restart (二次启动),10.35,-23.09%,-11.41%,1,3,48,++-----+++-+++++-+++++++------------------------,深度套牢 | 冲高回落
600732,爱旭股份,20260211,A_Strong_Pullback (中风险接力),15.04,-21.28%,-10.01%,10,1,121,---------+++++++------++-+--------+++++++++++---+------------------------------------------------------------------------,深度套牢 | 冲高回落
600510,黑牡丹,20260211,A_Strong_Pullback (中风险接力),9.66,-30.95%,-14.05%,3,1,121,--+++++----------------------------------+++++++++++++--+----------------------------------------------------------------,深度套牢 | 冲高回落
002921,联诚精密,20260211,E_Leader_Restart (二次启动),24.82,-6.81%,2.76%,7,1,121,------++++++++++++++------------++++++++--++++++++++++++++++++++++++++++----------++++++++++++++-+++---------------------,冲高回落
002634,棒杰股份,20260211,E_Leader_Restart (二次启动),6.66,-36.19%,-18.76%,1,18,130,+++++++++++++++++------+++++++++++++++--------------------------------------------------------------------------------------------,深度套牢 | 冲高回落
600860,京城股份,20260211,E_Leader_Restart (二次启动),13.77,-37.76%,-24.44%,3,1,121,--+++++-++++++++++-------------------------------------------------------------------------------------------------------,深度套牢 | 冲高回落
601222,林洋能源,20260211,D_Strong_Breakout (高风险追涨/优化),6.25,-9.60%,-2.87%,1,2,115,+----+---++++++++++++-+++++------------+---+------+-+-+---+++++++++++-+--------------------------------------------,冲高回落
603055,台华新材,20260730,A_Strong_Pullback (中风险接力),8.65,-3.47%,-1.60%,2,1,5,-+---,正常
600267,海正药业,20260730,D_Strong_Breakout (高风险追涨/优化),11.33,5.21%,4.29%,1,从未,5,+++++,正常
002800,天顺股份,20260309,E_Leader_Restart (二次启动),24.35,-45.30%,-32.73%,5,1,109,----+--------------------------------------------------------------------------------------------------------,深度套牢
002828,贝肯能源,20260709,E_Leader_Restart (二次启动),11.87,0.84%,3.02%,1,7,15,++++++---++-+++,正常
605377,华旺科技,20260709,E_Leader_Restart (二次启动),9.67,-6.62%,-4.33%,1,5,26,++++----------------------,正常
002828,贝肯能源,20260708,E_Leader_Restart (二次启动),11.87,0.84%,3.03%,1,8,16,+++++++---++-+++,正常
605377,华旺科技,20260708,E_Leader_Restart (二次启动),9.67,-6.62%,-4.26%,2,1,27,-++++----------------------,正常
603055,台华新材,20260723,A_Strong_Pullback (中风险接力),8.65,-3.47%,-2.21%,5,1,10,----+-+---,正常
600267,海正药业,20260723,D_Strong_Breakout (高风险追涨/优化),11.33,5.21%,3.78%,1,从未,10,++++++++++,正常
002579,中京电子,20251214,A_Strong_Pullback (中风险接力),11.89,20.94%,15.86%,1,2,172,+----+-++-+++++++++++++++++++++------------+++++--++-+++++++++-++----++++++++++++++++++++-++++++++++++++++++++++++++++++++++++++++++++++++++++--++++------++++++++++++++++++,正常
002235,安妮股份,20251214,E_Leader_Restart (二次启动),12.85,-18.83%,-22.81%,1,2,161,+----------------------------------------------------------------------------------------------------------------------------------------------------------------,深度套牢
002725,跃岭股份,20251214,E_Leader_Restart (二次启动),19.08,-39.83%,-23.98%,从未,1,172,----------------------------------------------------------------------------------------------------------------------------------------------------------------------------,长期未回正 | 深度套牢
000533,顺钠股份,20260208,E_Leader_Restart (二次启动),11.25,7.73%,11.31%,1,3,118,++-+++++++-++++++++++++-+++++++++++++++++++++++++++++++++++++++++++++++++++-----------------------------------++--++++,正常
600481,双良节能,20260208,E_Leader_Restart (二次启动),10.51,-58.23%,-43.96%,1,2,134,+--+----------------------------------------------------------------------------------------------------------------------------------,深度套牢 | 冲高回落
603006,联明股份,20260425,D_Strong_Breakout (高风险追涨/优化),13.64,-18.04%,-6.96%,1,3,76,++--+++++++++++++---++++--+++--------+++++++++++----------------------------,深度套牢 | 冲高回落
000026,飞亚达,20260418,E_Leader_Restart (二次启动),16.2,29.14%,20.19%,1,34,81,+++++++++++++++++++++++++++++++++--++++++++++++++++++++++++++-+---+---+-+++++++++,正常
603055,台华新材,20260805,A_Strong_Pullback (中风险接力),8.65,-3.47%,-3.47%,从未,1,1,-,正常
600267,海正药业,20260805,D_Strong_Breakout (高风险追涨/优化),11.33,5.21%,5.21%,1,从未,1,+,正常
000533,顺钠股份,20260207,E_Leader_Restart (二次启动),11.25,7.73%,11.31%,1,3,118,++-+++++++-++++++++++++-+++++++++++++++++++++++++++++++++++++++++++++++++++-----------------------------------++--++++,正常
600481,双良节能,20260207,E_Leader_Restart (二次启动),10.51,-58.23%,-43.96%,1,2,134,+--+----------------------------------------------------------------------------------------------------------------------------------,深度套牢 | 冲高回落
601872,招商轮船,20260404,E_Leader_Restart (二次启动),19.47,-12.43%,-13.15%,1,4,90,+++-----------------+------------------------------++++-----------------------------------,深度套牢 | 冲高回落
000600,建投能源,20260316,E_Leader_Restart (二次启动),10.19,-19.23%,-6.72%,7,1,104,------++---------------------------------+---++++++++++++--++++-----------------------------------------,深度套牢 | 冲高回落
002802,洪汇新材,20260422,E_Leader_Restart (二次启动),15.69,-28.17%,-22.38%,从未,1,72,------------------------------------------------------------------------,长期未回正 | 深度套牢
605388,均瑶健康,20260422,E_Leader_Restart (二次启动),8.31,-24.67%,-29.67%,从未,1,88,----------------------------------------------------------------------------------------,长期未回正 | 深度套牢
601118,海南橡胶,20260819,D_Strong_Breakout (高风险追涨/优化),5.69,17.22%,11.62%,1,从未,7,+++++++,正常
002587,奥拓电子,20260628,A_Strong_Pullback (中风险接力),7.33,-24.28%,-21.61%,2,1,35,-++--------------------------------,深度套牢 | 冲高回落
600058,五矿发展,20260628,E_Leader_Restart (二次启动),11.88,-9.09%,-15.81%,从未,1,35,-----------------------------------,长期未回正
600732,爱旭股份,20260210,A_Strong_Pullback (中风险接力),15.04,-21.28%,-9.95%,11,1,122,----------+++++++------++-+--------+++++++++++---+------------------------------------------------------------------------,深度套牢 | 冲高回落
600510,黑牡丹,20260210,A_Strong_Pullback (中风险接力),9.66,-30.95%,-13.95%,4,1,122,---+++++----------------------------------+++++++++++++--+----------------------------------------------------------------,深度套牢 | 冲高回落
002921,联诚精密,20260210,E_Leader_Restart (二次启动),24.82,-6.81%,2.70%,8,1,122,-------++++++++++++++------------++++++++--++++++++++++++++++++++++++++++----------++++++++++++++-+++---------------------,冲高回落
002634,棒杰股份,20260210,E_Leader_Restart (二次启动),6.66,-36.19%,-18.52%,1,19,131,++++++++++++++++++------+++++++++++++++--------------------------------------------------------------------------------------------,深度套牢 | 冲高回落
600860,京城股份,20260210,E_Leader_Restart (二次启动),13.77,-37.76%,-24.26%,4,1,122,---+++++-++++++++++-------------------------------------------------------------------------------------------------------,深度套牢 | 冲高回落
601222,林洋能源,20260210,D_Strong_Breakout (高风险追涨/优化),6.25,-9.60%,-2.84%,2,3,116,-+----+---++++++++++++-+++++------------+---+------+-+-+---+++++++++++-+--------------------------------------------,冲高回落
002367,康力电梯,20260624,B_Low_Position_Start (低风险埋伏),5.98,-9.36%,-2.16%,1,13,31,++++++++++++-------------------,冲高回落
002068,黑猫股份,20260624,E_Leader_Restart (二次启动),11.5,-30.00%,-17.92%,1,10,47,+++++++++-+------------------------------------,深度套牢 | 冲高回落
603679,华体科技,20260624,E_Leader_Restart (二次启动),20.76,7.61%,-7.05%,1,2,37,+--------------------------++++++++++,正常
003013,地铁设计,20260624,D_Strong_Breakout (高风险追涨/优化),16.98,7.07%,-7.27%,23,1,31,----------------------+-+-+++++,正常
603567,珍宝岛,20260503,B_Low_Position_Start (低风险埋伏),7.08,-17.80%,-13.02%,1,20,82,+++++++++++++++++++---------------------------------------------------------------,深度套牢 | 冲高回落
000048,京基智农,20260615,E_Leader_Restart (二次启动),18.91,25.33%,9.66%,1,3,43,++-+++++++++++++++++++--++--------+++++++++,正常
002591,恒大高新,20260508,E_Leader_Restart (二次启动),7.96,-20.73%,-11.27%,1,13,69,++++++++++++-+-------++----------------------------------------------,深度套牢 | 冲高回落
603095,越剑智能,20260508,E_Leader_Restart (二次启动),24.18,-38.21%,-32.83%,1,5,69,++++-----------------------------------------------------------------,深度套牢 | 冲高回落
000600,建投能源,20260315,E_Leader_Restart (二次启动),10.19,-19.23%,-6.72%,8,1,105,-------++---------------------------------+---++++++++++++--++++-----------------------------------------,深度套牢 | 冲高回落
600589,大位科技,20260215,E_Leader_Restart (二次启动),13.19,-36.54%,-22.15%,53,1,119,----------------------------------------------------+----+-------------------------------------------------------------,深度套牢
001330,博纳影业,20260215,E_Leader_Restart (二次启动),12.77,-60.06%,-45.96%,从未,1,129,---------------------------------------------------------------------------------------------------------------------------------,长期未回正 | 深度套牢
600998,九州通,20260124,C_New_Strategy (最高共振),5.58,-11.29%,-8.66%,1,2,128,+-------------------------------------------------------------------------------------------------------------------------------,深度套牢
000670,盈方微,20260124,E_Leader_Restart (二次启动),9.69,-29.31%,-17.77%,1,2,134,+---------------------------------------------------------------------------+---------+-----------------------------------------------,深度套牢
600192,长城电工,20260124,E_Leader_Restart (二次启动),11.35,-36.83%,-28.50%,从未,1,134,--------------------------------------------------------------------------------------------------------------------------------------,长期未回正 | 深度套牢
002727,一心堂,20260124,D_Strong_Breakout (高风险追涨/优化),14.04,-19.44%,-13.17%,3,1,128,--+++--++-++---------------------+----------------------------------------------------------------------------------------------,深度套牢 | 冲高回落
603883,老百姓,20260124,D_Strong_Breakout (高风险追涨/优化),16.44,-24.64%,-19.88%,从未,1,128,--------------------------------------------------------------------------------------------------------------------------------,长期未回正 | 深度套牢
002757,南兴股份,20260108,E_Leader_Restart (二次启动),21.61,-16.66%,-1.30%,1,6,145,+++++--------+---+++++++++++++-----++++---+-------------------++++++++++++++++++++++++++++++++++--+----------------------------------------------,深度套牢 | 冲高回落
002766,索菱股份,20260108,E_Leader_Restart (二次启动),7.08,-37.43%,-32.79%,从未,1,134,--------------------------------------------------------------------------------------------------------------------------------------,长期未回正 | 深度套牢
002355,兴民智通,20260108,E_Leader_Restart (二次启动),6.59,-23.52%,-10.88%,1,7,134,++++++-------+++++++++++++++++++++++++++++++++-+--------------------++++---+----------------------------------------------------------,深度套牢 | 冲高回落
600620,天宸股份,20260108,E_Leader_Restart (二次启动),7.12,-40.31%,-22.00%,1,2,137,+-----+-+----------+---------------------------------------------------------------------------------------------------------------------,深度套牢
000949,新乡化纤,20260108,E_Leader_Restart (二次启动),6.02,4.65%,15.52%,1,3,145,++-+++++++++++++++++++++++++++++++++++++++++++++++++++++++++++++++++++++++++++++++++++++++++++++++++++++++++++++++++------------+------++++++++++,正常
603012,创力集团,20260513,C_New_Strategy (最高共振),9.55,-1.26%,-11.08%,7,1,66,------+++++-------------------------------------------------------,冲高回落
603758,秦安股份,20260513,B_Low_Position_Start (低风险埋伏),13.44,2.83%,-22.97%,64,1,66,---------------------------------------------------------------+++,正常
002585,双星新材,20260513,E_Leader_Restart (二次启动),8.78,12.41%,18.87%,4,1,76,---+--+++++++++++++++++++++++++++++++++++++++----------+-+++++++++++++++++++,正常
002510,天汽模,20260111,E_Leader_Restart (二次启动),7.79,-27.21%,-13.02%,1,2,134,+-+-++++++----------++++++--++++++-+--------------------------------------------------------------------------------------------------,深度套牢 | 冲高回落
002023,海特高新,20260111,E_Leader_Restart (二次启动),14.85,-28.62%,-20.71%,1,2,144,+-----------------------------------------------------------------------------------------------------------------------------------------------,深度套牢
600830,香溢融通,20260111,D_Strong_Breakout (高风险追涨/优化),9.88,-18.52%,-9.73%,1,2,144,+-------++----------+-------+----------------------------------------+++++++++++++--------------------------------------------------------------,深度套牢 | 冲高回落
601118,海南橡胶,20260825,D_Strong_Breakout (高风险追涨/优化),5.69,17.22%,15.52%,1,从未,3,+++,正常
000862,银星能源,20260306,E_Leader_Restart (二次启动),7.31,-27.63%,-14.97%,1,7,120,++++++-++++++++----------------------------+------------+-+-------------------------------------------------------------,深度套牢 | 冲高回落
601118,海南橡胶,20260821,D_Strong_Breakout (高风险追涨/优化),5.69,17.22%,12.86%,1,从未,5,+++++,正常
603065,宿迁联盛,20260302,C_New_Strategy (最高共振),9.65,63.42%,20.46%,14,1,108,-------------+----------------------------------------------------++++++++++++++++++++++++++++++++++++++++++,正常
600470,六国化工,20260302,E_Leader_Restart (二次启动),7.94,-31.36%,-19.32%,4,1,114,---+++++++++------------------------------------------------------------------------------------------------------,深度套牢 | 冲高回落
002828,贝肯能源,20260302,E_Leader_Restart (二次启动),13.8,-13.26%,-15.18%,1,6,103,+++++-+++++-------------+------------------------------------------------------------------------------,深度套牢 | 冲高回落
000554,泰山石油,20260302,E_Leader_Restart (二次启动),8.83,-26.05%,-15.65%,1,14,108,+++++++++++++-----------------------------------------------------------------------------------------------,深度套牢 | 冲高回落
603315,福鞍股份,20260302,E_Leader_Restart (二次启动),17.7,-30.40%,-13.39%,33,1,108,--------------------------------+--++++----+++++++++--------------------------------------------------------,深度套牢 | 冲高回落
601390,中国中铁,20260302,E_Leader_Restart (二次启动),6.19,-27.46%,-20.21%,从未,1,108,------------------------------------------------------------------------------------------------------------,长期未回正 | 深度套牢
000968,蓝焰控股,20260302,E_Leader_Restart (二次启动),8.55,-18.60%,-4.24%,1,44,108,+++++++++++++++++++++++++++++++++++++++++++-------+---------------------------------------------------------,深度套牢 | 冲高回落
600409,三友化工,20260302,E_Leader_Restart (二次启动),8.8,-26.02%,-21.57%,7,2,108,------++----------------------------------------------------------------------------------------------------,深度套牢
603055,台华新材,20260726,A_Strong_Pullback (中风险接力),8.65,-3.47%,-1.93%,4,1,9,---+-+---,正常
600267,海正药业,20260726,D_Strong_Breakout (高风险追涨/优化),11.33,5.21%,3.97%,1,从未,9,+++++++++,正常
002995,天地在线,20260123,E_Leader_Restart (二次启动),21.64,-16.22%,3.26%,1,34,128,+++++++++++++++++++++++++++++++++-+++-+++++++++++++++++++++-+++++++++++++------++++++-+++-+-------------------------------------,深度套牢 | 冲高回落
603916,苏博特,20260123,E_Leader_Restart (二次启动),12.06,-10.12%,1.13%,1,9,128,++++++++-+++++++++++-----------------------------------------++-+++++++++++++++++++++++++++++++++++++++++-----------------------,深度套牢 | 冲高回落
600841,动力新科,20260123,E_Leader_Restart (二次启动),7.7,-23.90%,3.88%,1,34,128,+++++++++++++++++++++++++++++++++-+++++++++++++++++++++++++++++++++++++++-------+-----------------------------------------------,深度套牢 | 冲高回落
000045,深纺织Ａ,20260123,E_Leader_Restart (二次启动),13.28,-23.72%,-12.59%,1,2,128,+----------------+--------+----++---++++++--------------------------------------------------------------------------------------,深度套牢 | 冲高回落
002752,昇兴股份,20251216,A_Strong_Pullback (中风险接力),8.18,-25.92%,-20.40%,6,1,170,-----+-+------------------------------------------------------------------------------------------------------------------------------------------------------------------,深度套牢 | 冲高回落
600212,绿能慧充,20251216,B_Low_Position_Start (低风险埋伏),8.61,-27.76%,-20.76%,从未,1,170,--------------------------------------------------------------------------------------------------------------------------------------------------------------------------,长期未回正 | 深度套牢
002235,安妮股份,20251216,E_Leader_Restart (二次启动),13.0,-19.77%,-23.94%,从未,1,159,---------------------------------------------------------------------------------------------------------------------------------------------------------------,长期未回正 | 深度套牢
002347,泰尔股份,20251216,E_Leader_Restart (二次启动),8.07,-25.15%,0.10%,7,1,160,------++++++++++++++++++++++++++++++++++++++++++++++++++++++-++++++++--+++++++++++-----++++++++++++-+-----------------------------------------------------------,深度套牢 | 冲高回落
002752,昇兴股份,20251216,A_Strong_Pullback (中风险接力),8.18,-25.92%,-20.40%,6,1,170,-----+-+------------------------------------------------------------------------------------------------------------------------------------------------------------------,深度套牢 | 冲高回落
600212,绿能慧充,20251216,B_Low_Position_Start (低风险埋伏),8.61,-27.76%,-20.76%,从未,1,170,--------------------------------------------------------------------------------------------------------------------------------------------------------------------------,长期未回正 | 深度套牢
002235,安妮股份,20251216,E_Leader_Restart (二次启动),13.0,-19.77%,-23.94%,从未,1,159,---------------------------------------------------------------------------------------------------------------------------------------------------------------,长期未回正 | 深度套牢
002347,泰尔股份,20251216,E_Leader_Restart (二次启动),8.07,-25.15%,0.10%,7,1,160,------++++++++++++++++++++++++++++++++++++++++++++++++++++++-++++++++--+++++++++++-----++++++++++++-+-----------------------------------------------------------,深度套牢 | 冲高回落
603065,宿迁联盛,20260226,C_New_Strategy (最高共振),9.65,63.42%,20.00%,16,1,110,---------------+----------------------------------------------------++++++++++++++++++++++++++++++++++++++++++,正常
002207,准油股份,20260226,E_Leader_Restart (二次启动),11.59,-48.14%,-29.60%,2,1,110,-+++++++++----------------------------------------------------------------------------------------------------,深度套牢 | 冲高回落
002828,贝肯能源,20260226,E_Leader_Restart (二次启动),13.8,-13.26%,-14.84%,2,1,105,-++++++-+++++-------------+------------------------------------------------------------------------------,深度套牢 | 冲高回落
000554,泰山石油,20260226,E_Leader_Restart (二次启动),8.83,-26.05%,-15.25%,1,16,110,+++++++++++++++-----------------------------------------------------------------------------------------------,深度套牢 | 冲高回落
605033,美邦股份,20260226,E_Leader_Restart (二次启动),29.45,-33.48%,-30.17%,从未,1,116,--------------------------------------------------------------------------------------------------------------------,长期未回正 | 深度套牢
605006,山东玻纤,20260226,E_Leader_Restart (二次启动),10.69,45.37%,33.24%,37,1,126,------------------------------------++--++++++++++++++++++++++++++++++++++++++++++++++++++++++++++++++++++++++++++++++++++++++,正常
601390,中国中铁,20260226,E_Leader_Restart (二次启动),6.19,-27.46%,-19.82%,1,3,110,++------------------------------------------------------------------------------------------------------------,深度套牢
000968,蓝焰控股,20260226,E_Leader_Restart (二次启动),8.55,-18.60%,-4.06%,1,46,110,+++++++++++++++++++++++++++++++++++++++++++++-------+---------------------------------------------------------,深度套牢 | 冲高回落
600409,三友化工,20260226,E_Leader_Restart (二次启动),8.8,-26.02%,-21.20%,9,1,110,--------++----------------------------------------------------------------------------------------------------,深度套牢
600026,中远海能,20260226,E_Leader_Restart (二次启动),20.15,-13.35%,1.30%,1,61,110,++++++++++++++++++++++++++++++++++++++++++++++++++++++++++++----------------++++------------------------------,深度套牢 | 冲高回落
