Code,Name,Latest_Date,Latest_Close,Daily_Change_Pct,Matched_Conditions,MA20,MA60,Volume_Ratio
603617,君禾股份,2026-08-06,7.02,2.03%,形态: 10日内有涨停 | 趋势: 高于MA20 | 动量: 突破转强 (阳线上穿5/10),6.33,6.97,0.82X
603717,天域生物,2026-08-06,6.07,2.88%,趋势: 高于MA20 | 动量: 突破转强 (阳线上穿5/10),5.64,6.32,1.06X
002590,万安科技,2026-08-06,9.66,-1.23%,趋势: 高于MA20,9.17,10.63,0.97X
002206,海 利 得,2026-08-06,5.42,1.12%,趋势: 高于MA20 | 动量: 突破转强 (阳线上穿5/10),5.25,5.37,1.33X
000625,长安汽车,2026-08-06,7.38,-2.38%,"形态: 两连阴 (-2.43%, -0.79%) | 趋势: 高于MA20",7.34,7.60,0.97X
000532,华金资本,2026-08-06,10.8,-0.18%,趋势: 高于MA20,10.37,11.36,1.18X
605138,盛泰集团,2026-08-06,5.69,1.43%,"形态: 两连阴 (-1.05%, -0.71%) | 趋势: 高于MA20 | 动量: 突破转强 (阳线上穿5/10)",5.49,6.22,0.75X
600610,中毅达,2026-08-06,7.05,-0.70%,趋势: 高于MA20,6.57,7.36,0.77X
002855,捷荣技术,2026-08-06,9.91,1.02%,趋势: 高于MA20 | 动量: 突破转强 (阳线上穿5/10),9.20,10.33,0.81X
603060,国检集团,2026-08-06,5.58,1.09%,量能: 放量 (1.63X) | 趋势: 高于MA20 | 动量: 突破转强 (阳线上穿5/10),5.36,6.22,1.63X
603105,芯能科技,2026-08-07,7.2,0.14%,"形态: 两连阴 (-0.14%, -1.51%) | 趋势: 高于MA20",7.00,7.69,0.87X
600598,北大荒,2026-08-06,12.2,0.25%,"形态: 两连阴 (-1.21%, -0.90%) | 趋势: 高于MA20",11.93,13.01,1.26X
000812,陕西金叶,2026-08-06,3.53,1.15%,"形态: 两连阴 (-0.57%, -0.29%) | 趋势: 高于MA20 | 动量: 突破转强 (阳线上穿5/10)",3.33,3.45,0.94X
600015,华夏银行,2026-08-06,6.81,0.44%,"形态: 两连阴 (-1.85%, -1.60%)",6.94,6.80,0.77X
002905,金逸影视,2026-08-06,7.67,0.92%,趋势: 高于MA20 | 动量: 突破转强 (阳线上穿5/10),7.30,7.60,0.99X
002576,通达动力,2026-08-06,14.53,-0.82%,趋势: 高于MA20,13.72,15.27,0.66X
600926,杭州银行,2026-08-06,16.18,0.19%,趋势: 多头排列 (5>20>60) | 趋势: 高于MA20,15.88,15.83,0.84X
002982,湘佳股份,2026-08-06,11.93,0.34%,趋势: 高于MA20 | 动量: 突破转强 (阳线上穿5/10),11.71,12.26,1.11X
002399,海普瑞,2026-08-06,9.69,-0.21%,趋势: 多头排列 (5>20>60),9.72,9.61,1.15X
002722,物产金轮,2026-08-06,12.68,-0.78%,趋势: 高于MA20,12.11,12.87,0.77X
603839,安正时尚,2026-08-06,6.76,-0.44%,趋势: 高于MA20,6.26,6.54,0.66X
002803,吉宏股份,2026-08-06,19.98,2.04%,形态: 10日内有涨停 | 趋势: 高于MA20 | 动量: 突破转强 (阳线上穿5/10),19.51,21.80,0.82X
601022,宁波远洋,2026-08-06,8.11,-1.34%,趋势: 高于MA20,8.06,8.09,1.03X
002731,萃华珠宝,2026-07-15,2.09,-9.52%,"量能: 放量 (4.86X) | 形态: 两连阴 (-10.14%, -10.12%)",3.85,5.54,4.86X
002752,昇兴股份,2026-07-15,6.15,0.49%,趋势: 高于MA20 | 动量: 突破转强 (阳线上穿5/10),6.03,6.63,1.06X
600718,东软集团,2026-08-06,8.43,-1.52%,趋势: 多头排列 (5>20>60) | 趋势: 高于MA20,8.12,8.03,1.05X
605500,森林包装,2026-08-06,6.92,2.06%,趋势: 高于MA20 | 动量: 突破转强 (阳线上穿5/10),6.42,7.33,1.28X
600163,中闽能源,2026-07-15,4.9,1.45%,动量: 突破转强 (阳线上穿5/10),5.11,6.02,0.92X
603896,寿仙谷,2026-08-06,14.59,-0.41%,"形态: 两连阴 (-0.67%, -1.35%)",14.67,14.94,0.81X
600333,长春燃气,2026-08-06,6.12,0.66%,趋势: 多头排列 (5>20>60) | 趋势: 高于MA20 | 动量: 突破转强 (阳线上穿5/10),5.67,5.60,1.06X
603739,蔚蓝生物,2026-08-06,11.63,1.04%,趋势: 高于MA20 | 动量: 突破转强 (阳线上穿5/10),11.50,12.33,0.99X
002745,木林森,2026-08-06,10.98,2.71%,趋势: 高于MA20 | 动量: 突破转强 (阳线上穿5/10),10.90,10.86,1.08X
002995,天地在线,2026-08-06,18.13,-0.82%,形态: 10日内有涨停 | 趋势: 高于MA20,16.28,19.12,0.69X
601607,上海医药,2026-08-06,16.43,-0.18%,"趋势: 多头排列 (5>20>60) | 形态: 两连阴 (-1.07%, -1.02%)",16.62,16.34,0.82X
601369,陕鼓动力,2026-08-06,9.68,2.22%,"趋势: 多头排列 (5>20>60) | 形态: 两连阴 (-0.62%, -0.94%) | 趋势: 高于MA20 | 动量: 突破转强 (阳线上穿5/10)",9.32,9.13,1.28X
000902,新洋丰,2026-08-06,13.5,-1.68%,趋势: 多头排列 (5>20>60) | 趋势: 高于MA20,13.34,13.00,1.26X
000818,航锦科技,2026-08-06,13.54,-1.10%,趋势: 高于MA20,12.86,13.84,0.70X
601139,深圳燃气,2026-08-06,6.41,-0.62%,"趋势: 多头排列 (5>20>60) | 形态: 两连阴 (-2.26%, -0.62%) | 趋势: 高于MA20",6.36,6.26,0.87X
002275,桂林三金,2026-08-07,13.36,1.52%,趋势: 高于MA20 | 动量: 突破转强 (阳线上穿5/10),13.30,13.12,1.08X
002471,中超控股,2026-08-06,5.75,-0.52%,趋势: 高于MA20,5.22,6.39,0.61X
603759,海天股份,2026-08-06,7.26,0.55%,"形态: 两连阴 (-0.68%, -1.10%) | 趋势: 高于MA20",7.01,7.52,0.83X
605167,利柏特,2026-08-06,14.87,-6.30%,量能: 放量 (1.66X) | 形态: 10日内有涨停 | 趋势: 高于MA20,14.01,15.24,1.66X
601727,上海电气,2026-08-06,6.88,-1.99%,趋势: 高于MA20,6.72,7.38,0.98X
000519,中兵红箭,2026-08-06,14.57,-1.55%,趋势: 高于MA20,14.42,17.75,1.06X
603070,万控智造,2026-08-06,11.62,-0.68%,趋势: 高于MA20,11.06,13.70,0.79X
603272,联翔股份,2026-08-07,16.8,-2.61%,形态: 10日内有涨停 | 趋势: 高于MA20,15.84,26.83,0.64X
002729,好利科技,2026-08-07,13.65,-0.87%,趋势: 高于MA20,12.99,16.77,0.93X
002692,远程股份,2026-08-06,4.07,0.49%,趋势: 高于MA20 | 动量: 突破转强 (阳线上穿5/10),3.75,4.18,0.68X
002823,凯中精密,2026-08-06,13.32,-0.22%,趋势: 高于MA20,12.79,15.39,0.89X
600956,新天绿能,2026-08-06,7.3,-1.75%,"形态: 两连阴 (-0.92%, -1.72%) | 趋势: 高于MA20",7.27,7.84,1.09X
600006,东风股份,2026-08-06,5.46,-2.33%,"形态: 两连阴 (-2.43%, -0.36%) | 趋势: 高于MA20",5.42,5.70,0.97X
002292,奥飞娱乐,2026-08-06,8.16,-1.81%,"趋势: 多头排列 (5>20>60) | 形态: 10日内有涨停 | 形态: 两连阴 (-0.24%, -0.36%) | 趋势: 高于MA20",7.81,7.41,0.80X
603928,兴业股份,2026-08-07,12.67,1.20%,形态: 10日内有涨停 | 趋势: 高于MA20 | 动量: 突破转强 (阳线上穿5/10),11.84,14.01,1.17X
600064,南京高科,2026-08-06,7.71,-1.03%,"趋势: 多头排列 (5>20>60) | 形态: 两连阴 (-2.13%, -0.13%) | 趋势: 高于MA20",7.61,7.49,1.05X
603320,迪贝电气,2026-08-06,16.77,1.39%,趋势: 高于MA20 | 动量: 突破转强 (阳线上穿5/10),15.97,19.44,0.78X
002866,传艺科技,2026-08-06,15.42,-0.90%,趋势: 高于MA20,14.51,17.31,0.88X
002027,分众传媒,2026-08-06,5.14,-2.65%,"形态: 两连阴 (-0.37%, -0.75%)",5.17,5.24,0.89X
603387,基蛋生物,2026-08-06,8.97,0.79%,趋势: 多头排列 (5>20>60) | 趋势: 高于MA20 | 动量: 突破转强 (阳线上穿5/10),8.75,8.58,0.87X
002468,申通快递,2026-08-06,13.92,-0.64%,"形态: 两连阴 (-0.35%, -2.16%)",14.37,14.67,1.37X
002268,电科网安,2026-08-06,14.81,0.54%,趋势: 多头排列 (5>20>60) | 趋势: 高于MA20 | 动量: 突破转强 (阳线上穿5/10),14.35,14.12,1.31X
001286,陕西能源,2026-08-06,10.43,1.36%,趋势: 高于MA20 | 动量: 突破转强 (阳线上穿5/10),10.37,11.15,0.92X
600908,无锡银行,2026-08-06,5.46,-1.09%,"趋势: 多头排列 (5>20>60) | 形态: 两连阴 (-2.95%, -1.25%)",5.46,5.43,1.17X
600057,厦门象屿,2026-08-07,6.24,-1.73%,"趋势: 多头排列 (5>20>60) | 形态: 两连阴 (-0.62%, -1.24%)",6.32,6.11,0.88X
603535,嘉诚国际,2026-08-07,6.34,-1.55%,趋势: 高于MA20,6.14,6.65,0.90X
002736,国信证券,2026-08-06,10.14,-1.55%,"形态: 两连阴 (-0.48%, -0.10%)",10.20,10.21,1.18X
601058,赛轮轮胎,2026-08-07,13.61,-0.87%,趋势: 多头排列 (5>20>60) | 趋势: 高于MA20,13.61,12.79,1.08X
000498,山东路桥,2026-08-06,5.02,-0.79%,"形态: 两连阴 (-2.30%, -0.78%) | 趋势: 高于MA20",5.01,5.06,0.74X
600410,华胜天成,2026-08-06,15.97,-1.11%,形态: 10日内有涨停 | 趋势: 高于MA20,14.22,16.97,1.19X
002167,东方锆业,2026-08-06,17.06,2.96%,趋势: 高于MA20 | 动量: 突破转强 (阳线上穿5/10),16.44,16.43,1.43X
002667,威领股份,2026-08-07,14.5,7.57%,形态: 10日内有涨停 | 趋势: 高于MA20 | 动量: 突破转强 (阳线上穿5/10),10.49,14.68,1.13X
603880,南卫股份,2026-08-06,7.24,-2.03%,趋势: 高于MA20,6.50,7.41,1.45X
601528,瑞丰银行,2026-08-06,4.98,-0.80%,"趋势: 多头排列 (5>20>60) | 形态: 两连阴 (-3.44%, -0.59%) | 趋势: 高于MA20",4.86,4.75,0.94X
002302,西部建设,2026-08-06,5.08,9.96%,"量能: 放量 (2.07X) | 形态: 10日内有涨停 | 形态: 两连阴 (-0.21%, -1.28%) | 趋势: 高于MA20 | 动量: 突破转强 (阳线上穿5/10)",4.53,4.76,2.07X
000589,贵州轮胎,2026-08-06,4.28,-1.15%,"形态: 两连阴 (-0.91%, -0.92%)",4.32,4.53,0.75X
002616,长青集团,2026-08-06,4.74,-0.42%,"形态: 两连阴 (-0.62%, -0.42%) | 趋势: 高于MA20",4.71,5.00,0.92X
600588,用友网络,2026-08-06,11.99,1.18%,形态: 10日内有涨停 | 趋势: 高于MA20 | 动量: 突破转强 (阳线上穿5/10),9.92,10.13,0.95X
002500,山西证券,2026-08-06,5.36,-1.11%,"趋势: 多头排列 (5>20>60) | 形态: 两连阴 (-0.91%, -0.18%)",5.36,5.27,0.79X
600416,湘电股份,2026-08-06,9.18,-1.82%,"形态: 两连阴 (-0.64%, -0.11%) | 趋势: 高于MA20",8.90,10.18,1.11X
002585,双星新材,2026-08-07,9.37,1.74%,形态: 10日内有涨停 | 趋势: 高于MA20 | 动量: 突破转强 (阳线上穿5/10),8.54,10.52,0.80X
600927,永安期货,2026-08-06,13.2,-2.29%,趋势: 高于MA20,12.95,13.22,0.97X
002324,普利特,2026-08-06,9.31,-1.48%,趋势: 高于MA20,9.14,11.42,0.88X
603209,兴通股份,2026-08-06,13.71,0.29%,趋势: 高于MA20 | 动量: 突破转强 (阳线上穿5/10),13.31,13.53,0.85X
603876,鼎胜新材,2026-08-07,21.39,3.63%,趋势: 高于MA20,20.82,24.40,1.35X
002890,弘宇股份,2026-08-06,14.1,4.91%,量能: 放量 (1.50X) | 趋势: 高于MA20 | 动量: 突破转强 (阳线上穿5/10),13.16,14.59,1.50X
002749,国光股份,2026-08-06,8.62,-0.46%,"形态: 两连阴 (-1.69%, -0.57%) | 趋势: 高于MA20",8.51,8.86,0.60X
001210,金房能源,2026-08-06,21.78,4.76%,量能: 放量 (2.51X) | 形态: 10日内有涨停 | 趋势: 高于MA20 | 动量: 突破转强 (阳线上穿5/10),18.81,23.68,2.51X
002184,海得控制,2026-08-06,9.85,-0.51%,趋势: 高于MA20,9.37,10.45,0.86X
002401,中远海科,2026-08-06,12.57,-0.24%,趋势: 高于MA20,11.80,12.52,0.96X
002177,御银股份,2026-08-06,6.04,1.85%,量能: 放量 (1.69X) | 趋势: 高于MA20 | 动量: 突破转强 (阳线上穿5/10),5.45,6.17,1.69X
600288,大恒科技,2026-08-06,11.07,2.31%,动量: 突破转强 (阳线上穿5/10),11.79,12.78,0.99X
603766,隆鑫通用,2026-08-06,14.01,-3.84%,趋势: 多头排列 (5>20>60) | 量能: 放量 (1.69X) | 趋势: 高于MA20,13.63,13.12,1.69X
002170,芭田股份,2026-08-06,11.53,-1.20%,趋势: 高于MA20,11.14,11.39,0.92X
002254,泰和新材,2026-08-06,12.35,0.90%,趋势: 高于MA20 | 动量: 突破转强 (阳线上穿5/10),11.99,14.38,1.00X
002681,奋达科技,2026-08-06,4.68,-1.47%,形态: 10日内有涨停 | 趋势: 高于MA20,4.57,4.90,0.65X
605055,迎丰股份,2026-08-06,9.28,2.65%,趋势: 高于MA20 | 动量: 突破转强 (阳线上穿5/10),8.83,10.83,0.95X
600059,古越龙山,2026-08-06,8.04,-1.11%,"形态: 两连阴 (-1.21%, -0.37%) | 趋势: 高于MA20",7.91,7.94,0.89X
000731,四川美丰,2026-08-06,5.81,0.52%,"趋势: 多头排列 (5>20>60) | 形态: 两连阴 (-1.68%, -1.20%)",5.84,5.83,0.95X
000572,海马汽车,2026-07-15,3.54,1.14%,形态: 10日内有涨停,3.75,4.58,0.83X
002355,兴民智通,2026-08-06,5.04,2.02%,量能: 放量 (3.45X) | 形态: 10日内有涨停 | 趋势: 高于MA20 | 动量: 突破转强 (阳线上穿5/10),4.31,4.86,3.45X
600720,中交设计,2026-08-06,5.28,-1.49%,趋势: 高于MA20,5.20,5.48,1.15X
600689,上海三毛,2026-08-06,10.24,0.69%,趋势: 高于MA20 | 动量: 突破转强 (阳线上穿5/10),9.66,10.71,0.93X
603043,广州酒家,2026-08-06,13.66,-1.16%,"形态: 两连阴 (-1.90%, -1.07%) | 趋势: 高于MA20",13.56,13.71,1.17X
000593,德龙汇能,2026-08-06,22.72,0.89%,量能: 放量 (2.69X) | 形态: 10日内有涨停 | 趋势: 高于MA20 | 动量: 突破转强 (阳线上穿5/10),19.53,21.57,2.69X
000665,湖北广电,2026-08-06,3.99,-0.50%,趋势: 高于MA20,3.81,4.04,0.81X
002412,汉森制药,2026-08-06,7.0,0.00%,趋势: 多头排列 (5>20>60) | 趋势: 高于MA20,6.71,6.46,0.94X
002105,信隆健康,2026-08-06,5.52,1.66%,"形态: 两连阴 (-0.18%, -0.73%) | 趋势: 高于MA20 | 动量: 突破转强 (阳线上穿5/10)",5.13,5.49,0.90X
600916,中国黄金,2026-08-06,7.73,-2.52%,量能: 放量 (1.67X) | 趋势: 高于MA20,7.41,7.58,1.67X
600203,福日电子,2026-07-15,10.84,-9.97%,"形态: 两连阴 (-4.48%, -0.91%)",12.39,12.46,1.00X
000739,普洛药业,2026-07-15,20.47,7.23%,趋势: 多头排列 (5>20>60) | 量能: 放量 (2.25X) | 趋势: 高于MA20 | 动量: 突破转强 (阳线上穿5/10),17.49,17.27,2.25X
000779,甘咨询,2026-08-06,14.28,5.86%,趋势: 多头排列 (5>20>60) | 形态: 10日内有涨停 | 趋势: 高于MA20 | 动量: 突破转强 (阳线上穿5/10),11.48,9.08,0.95X
600818,中路股份,2026-08-06,7.42,3.92%,趋势: 多头排列 (5>20>60) | 形态: 10日内有涨停 | 趋势: 高于MA20 | 动量: 突破转强 (阳线上穿5/10),6.05,5.92,1.17X
601921,浙版传媒,2026-08-06,7.2,-0.69%,"形态: 两连阴 (-1.34%, -1.49%) | 趋势: 高于MA20",7.12,7.22,0.95X
603711,香飘飘,2026-07-15,11.02,-5.08%,量能: 放量 (2.36X),11.70,13.14,2.36X
600202,哈空调,2026-08-06,4.86,1.46%,趋势: 高于MA20 | 动量: 突破转强 (阳线上穿5/10),4.53,4.99,0.97X
601801,皖新传媒,2026-08-06,5.55,-0.72%,趋势: 高于MA20,5.37,5.38,0.88X
600966,博汇纸业,2026-08-06,4.91,-1.01%,趋势: 高于MA20,4.71,5.24,0.66X
603888,新华网,2026-08-06,17.09,-1.16%,趋势: 高于MA20,16.75,17.86,0.78X
002467,二六三,2026-08-06,4.86,-0.41%,趋势: 高于MA20,4.51,5.12,0.85X
000726,鲁  泰Ａ,2026-08-06,5.95,0.34%,"形态: 两连阴 (-1.32%, -0.67%) | 趋势: 高于MA20",5.84,5.85,0.84X
603258,电魂网络,2026-08-06,13.33,-0.82%,"形态: 10日内有涨停 | 形态: 两连阴 (-0.74%, -0.15%) | 趋势: 高于MA20",12.00,12.97,0.56X
603980,吉华集团,2026-08-06,6.77,0.45%,趋势: 多头排列 (5>20>60) | 形态: 10日内有涨停 | 趋势: 高于MA20 | 动量: 突破转强 (阳线上穿5/10),6.27,6.13,0.66X
000650,仁和药业,2026-08-06,5.33,-1.11%,"趋势: 多头排列 (5>20>60) | 形态: 两连阴 (-0.18%, -1.64%)",5.42,5.34,0.85X
603758,秦安股份,2026-08-06,9.53,1.93%,"量能: 放量 (2.03X) | 形态: 两连阴 (-1.16%, -0.21%) | 趋势: 高于MA20 | 动量: 突破转强 (阳线上穿5/10)",9.13,10.09,2.03X
002817,黄山胶囊,2026-08-06,6.28,0.64%,"形态: 两连阴 (-0.32%, -0.79%) | 趋势: 高于MA20 | 动量: 突破转强 (阳线上穿5/10)",6.04,6.47,0.94X
600854,春兰股份,2026-08-06,4.43,0.91%,"形态: 两连阴 (-0.68%, -0.45%) | 趋势: 高于MA20 | 动量: 突破转强 (阳线上穿5/10)",4.23,4.53,0.92X
603187,海容冷链,2026-07-15,12.5,3.14%,量能: 放量 (1.69X) | 趋势: 高于MA20 | 动量: 突破转强 (阳线上穿5/10),11.93,13.08,1.69X
002195,岩山科技,2026-08-06,6.91,-3.36%,形态: 10日内有涨停 | 趋势: 高于MA20,6.34,6.98,0.98X
600825,新华传媒,2026-08-06,5.09,-0.97%,趋势: 高于MA20,4.85,4.98,0.87X
601615,明阳智能,2026-08-06,11.48,-1.71%,趋势: 高于MA20,11.00,12.82,0.88X
000059,华锦股份,2026-08-06,4.58,1.10%,"趋势: 多头排列 (5>20>60) | 形态: 两连阴 (-1.73%, -0.44%) | 趋势: 高于MA20",4.49,4.41,0.98X
002530,金财互联,2026-08-06,7.5,-2.34%,趋势: 高于MA20,6.87,7.39,1.35X
600859,王府井,2026-07-15,9.82,3.59%,趋势: 高于MA20 | 动量: 突破转强 (阳线上穿5/10),9.55,10.78,1.43X
003025,思进智能,2026-08-06,12.05,0.25%,趋势: 高于MA20 | 动量: 突破转强 (阳线上穿5/10),11.63,13.87,1.08X
601999,出版传媒,2026-08-06,6.02,0.33%,"形态: 两连阴 (-0.33%, -0.50%) | 趋势: 高于MA20 | 动量: 突破转强 (阳线上穿5/10)",5.85,5.93,0.92X
603938,三孚股份,2026-08-06,41.33,3.84%,形态: 10日内有涨停 | 动量: 突破转强 (阳线上穿5/10),41.88,50.80,1.11X
600018,上港集团,2026-08-06,5.2,0.58%,"趋势: 多头排列 (5>20>60) | 形态: 两连阴 (-1.89%, -0.39%) | 趋势: 高于MA20",5.19,5.06,0.86X
000756,新华制药,2026-08-06,14.29,4.54%,量能: 放量 (2.14X) | 趋势: 高于MA20 | 动量: 突破转强 (阳线上穿5/10),13.90,13.59,2.14X
002455,百川股份,2026-08-06,7.05,1.59%,趋势: 高于MA20 | 动量: 突破转强 (阳线上穿5/10),6.39,7.68,1.09X
603108,润达医疗,2026-08-06,10.47,-0.19%,趋势: 高于MA20,9.63,10.80,1.22X
601156,东航物流,2026-08-06,17.37,1.94%,趋势: 多头排列 (5>20>60) | 趋势: 高于MA20 | 动量: 突破转强 (阳线上穿5/10),16.63,16.42,1.39X
000951,中国重汽,2026-08-06,22.04,0.09%,趋势: 多头排列 (5>20>60) | 趋势: 高于MA20,21.93,21.71,0.76X
600571,信雅达,2026-08-06,10.99,1.10%,量能: 放量 (1.63X) | 趋势: 高于MA20 | 动量: 突破转强 (阳线上穿5/10),9.96,10.54,1.63X
603551,奥普科技,2026-08-06,9.43,-0.11%,趋势: 高于MA20,9.26,9.84,0.62X
000567,海德股份,2026-07-15,6.17,3.01%,量能: 放量 (2.38X) | 趋势: 高于MA20 | 动量: 突破转强 (阳线上穿5/10),5.97,6.02,2.38X
000811,冰轮环境,2026-08-06,40.31,2.13%,形态: 10日内有涨停 | 动量: 突破转强 (阳线上穿5/10),42.22,40.15,0.99X
002932,明德生物,2026-08-06,14.88,-0.07%,趋势: 高于MA20,14.43,15.04,1.05X
603926,铁流股份,2026-08-06,15.96,0.25%,趋势: 高于MA20 | 动量: 突破转强 (阳线上穿5/10),15.33,18.75,0.77X
000409,云鼎科技,2026-08-06,8.93,-0.45%,"形态: 两连阴 (-0.11%, -0.33%) | 趋势: 高于MA20",8.43,8.91,0.77X
605180,华生科技,2026-08-06,11.94,1.79%,趋势: 高于MA20 | 动量: 突破转强 (阳线上穿5/10),11.11,12.80,1.12X
600155,华创云信,2026-08-06,5.93,-1.33%,"趋势: 多头排列 (5>20>60) | 形态: 两连阴 (-0.82%, -0.33%) | 趋势: 高于MA20",5.74,5.67,0.86X
601555,东吴证券,2026-08-06,8.22,-0.12%,趋势: 多头排列 (5>20>60) | 趋势: 高于MA20,8.05,7.95,0.91X
002777,久远银海,2026-08-06,13.44,0.30%,趋势: 高于MA20 | 动量: 突破转强 (阳线上穿5/10),12.60,13.40,0.88X
000035,中国天楹,2026-08-06,4.96,-4.06%,趋势: 高于MA20,4.72,5.16,1.40X
000151,中成股份,2026-08-06,10.09,1.10%,趋势: 高于MA20 | 动量: 突破转强 (阳线上穿5/10),9.37,11.26,0.92X
002226,江南化工,2026-08-06,5.02,-1.38%,"形态: 两连阴 (-0.97%, -0.78%) | 趋势: 高于MA20",4.76,4.97,0.78X
603703,盛洋科技,2026-08-06,9.23,1.32%,趋势: 高于MA20 | 动量: 突破转强 (阳线上穿5/10),8.75,11.05,0.94X
600967,内蒙一机,2026-08-06,11.42,-1.72%,趋势: 高于MA20,11.02,11.73,0.98X
605599,菜百股份,2026-08-06,16.57,2.47%,趋势: 多头排列 (5>20>60) | 趋势: 高于MA20 | 动量: 突破转强 (阳线上穿5/10),15.28,15.24,1.41X
000014,沙河股份,2026-08-06,10.1,-0.30%,趋势: 高于MA20,9.45,10.05,0.82X
605155,西大门,2026-08-06,14.25,0.35%,趋势: 高于MA20 | 动量: 突破转强 (阳线上穿5/10),12.82,13.78,1.38X
000892,欢瑞世纪,2026-08-06,4.04,-1.22%,形态: 10日内有涨停 | 趋势: 高于MA20,3.62,3.78,0.69X
000782,恒申新材,2026-08-06,7.56,1.20%,趋势: 高于MA20 | 动量: 突破转强 (阳线上穿5/10),6.74,7.40,0.96X
002950,奥美医疗,2026-08-06,9.26,-0.64%,趋势: 高于MA20,9.02,9.52,0.96X
600998,九州通,2026-08-06,4.95,0.81%,"形态: 两连阴 (-1.75%, -2.96%)",5.09,4.92,0.97X
600847,万里股份,2026-08-06,12.22,-0.08%,形态: 10日内有涨停 | 趋势: 高于MA20,11.33,13.64,0.82X
600201,生物股份,2026-08-06,13.09,-0.83%,趋势: 高于MA20,11.97,12.23,0.65X
600706,曲江文旅,2026-08-06,7.58,-0.66%,趋势: 高于MA20,7.10,7.55,0.70X
002828,贝肯能源,2026-08-06,11.97,-3.47%,趋势: 多头排列 (5>20>60),12.09,10.79,0.66X
002022,科华生物,2026-08-06,5.22,0.77%,趋势: 高于MA20 | 动量: 突破转强 (阳线上穿5/10),5.05,5.14,0.72X
002949,华阳国际,2026-08-06,10.42,1.56%,趋势: 高于MA20 | 动量: 突破转强 (阳线上穿5/10),9.85,11.07,1.01X
600375,汉马科技,2026-08-06,4.02,-1.47%,"形态: 两连阴 (-0.49%, -0.24%) | 趋势: 高于MA20",3.92,4.08,0.75X
603819,神力股份,2026-08-06,13.95,3.26%,趋势: 高于MA20 | 动量: 突破转强 (阳线上穿5/10),12.32,12.60,0.88X
600971,恒源煤电,2026-08-06,8.26,4.56%,"趋势: 多头排列 (5>20>60) | 量能: 放量 (1.66X) | 形态: 两连阴 (-1.12%, -0.13%) | 趋势: 高于MA20 | 动量: 突破转强 (阳线上穿5/10)",7.74,7.62,1.66X
603883,老百姓,2026-08-06,12.39,-1.35%,"趋势: 多头排列 (5>20>60) | 形态: 两连阴 (-2.16%, -0.87%) | 趋势: 高于MA20",12.32,12.07,1.03X
002111,威海广泰,2026-08-06,9.55,-0.62%,趋势: 高于MA20,9.37,9.72,0.83X
000419,通程控股,2026-08-06,4.9,0.20%,"形态: 两连阴 (-1.21%, -0.20%) | 趋势: 高于MA20",4.76,4.90,0.88X
002459,晶澳科技,2026-08-06,7.65,-1.67%,"形态: 两连阴 (-1.27%, -0.13%) | 趋势: 高于MA20",7.34,8.43,0.94X
002550,千红制药,2026-08-06,6.87,-0.72%,趋势: 多头排列 (5>20>60) | 趋势: 高于MA20,6.85,6.50,0.96X
603033,三维股份,2026-08-07,7.89,-0.88%,趋势: 高于MA20,7.77,9.18,0.82X
600615,鑫源智造,2026-08-06,9.18,0.55%,趋势: 高于MA20 | 动量: 突破转强 (阳线上穿5/10),8.69,9.69,0.96X
603115,海星股份,2026-08-06,79.93,3.03%,量能: 放量 (1.61X) | 形态: 10日内有涨停 | 趋势: 高于MA20 | 动量: 突破转强 (阳线上穿5/10),74.34,94.68,1.61X
002255,海陆重工,2026-08-06,8.59,-1.60%,趋势: 高于MA20,8.17,9.17,0.75X
600618,氯碱化工,2026-08-07,10.39,-1.05%,趋势: 高于MA20,10.15,10.49,0.98X
600420,国药现代,2026-08-06,8.58,-1.27%,"形态: 两连阴 (-1.68%, -0.91%)",8.79,8.77,1.00X
600023,浙能电力,2026-08-06,4.96,0.40%,"形态: 两连阴 (-1.00%, -0.60%)",5.22,5.65,0.58X
603958,哈森股份,2026-08-06,14.74,2.72%,趋势: 高于MA20 | 动量: 突破转强 (阳线上穿5/10),13.93,18.06,0.86X
002328,新朋股份,2026-08-06,7.06,2.02%,量能: 放量 (1.72X) | 趋势: 高于MA20 | 动量: 突破转强 (阳线上穿5/10),6.67,7.97,1.72X
603081,大丰实业,2026-08-06,9.56,5.64%,量能: 放量 (2.22X) | 趋势: 高于MA20 | 动量: 突破转强 (阳线上穿5/10),8.62,9.53,2.22X
002346,柘中股份,2026-08-06,20.19,0.95%,形态: 10日内有涨停 | 趋势: 高于MA20 | 动量: 突破转强 (阳线上穿5/10),18.29,19.26,1.29X
601800,中国交建,2026-08-06,6.12,-0.33%,"形态: 两连阴 (-2.36%, -0.97%)",6.15,6.18,0.91X
002229,鸿博股份,2026-08-06,10.81,-1.82%,趋势: 高于MA20,9.91,12.04,0.72X
002020,京新药业,2026-07-15,15.31,3.94%,形态: 10日内有涨停 | 趋势: 高于MA20 | 动量: 突破转强 (阳线上穿5/10),13.48,13.79,1.35X
601200,上海环境,2026-08-06,7.04,-0.71%,"形态: 两连阴 (-1.38%, -0.84%) | 趋势: 高于MA20",7.03,7.20,1.00X
600478,科力远,2026-08-06,5.0,-1.77%,"形态: 两连阴 (-0.96%, -0.97%) | 趋势: 高于MA20",4.82,5.44,1.09X
600109,国金证券,2026-08-06,8.7,-1.02%,趋势: 高于MA20,8.61,8.63,0.92X
000680,山推股份,2026-08-06,11.16,-0.45%,趋势: 高于MA20,10.64,10.71,0.78X
002198,嘉应制药,2026-08-06,3.37,-0.59%,趋势: 高于MA20,3.23,3.49,1.24X
603305,旭升集团,2026-08-06,11.88,-1.25%,趋势: 高于MA20,11.22,13.29,0.88X
600828,茂业商业,2026-07-15,3.65,1.96%,趋势: 高于MA20 | 动量: 突破转强 (阳线上穿5/10),3.63,4.36,1.25X
000950,重药控股,2026-07-15,5.59,3.71%,趋势: 高于MA20 | 动量: 突破转强 (阳线上穿5/10),5.20,5.68,1.47X
603278,大业股份,2026-08-06,9.49,0.64%,趋势: 高于MA20 | 动量: 突破转强 (阳线上穿5/10),8.85,11.36,0.75X
002207,准油股份,2026-08-06,6.01,0.50%,趋势: 高于MA20 | 动量: 突破转强 (阳线上穿5/10),5.62,7.10,0.72X
002279,久其软件,2026-08-06,6.98,-0.14%,形态: 10日内有涨停 | 趋势: 高于MA20,6.23,6.49,0.85X
600773,西藏城投,2026-08-07,11.24,0.81%,趋势: 高于MA20 | 动量: 突破转强 (阳线上穿5/10),10.66,13.99,0.98X
600530,交大昂立,2026-08-07,3.87,-1.78%,"形态: 两连阴 (-5.57%, -7.08%)",4.82,5.79,1.14X
002098,浔兴股份,2026-08-06,6.77,1.50%,"形态: 两连阴 (-0.74%, -1.04%) | 趋势: 高于MA20 | 动量: 突破转强 (阳线上穿5/10)",6.49,6.96,1.20X
002560,通达股份,2026-08-06,6.46,-0.46%,趋势: 高于MA20,6.08,7.70,0.75X
002612,朗姿股份,2026-08-06,15.26,2.42%,形态: 10日内有涨停 | 趋势: 高于MA20 | 动量: 突破转强 (阳线上穿5/10),12.90,12.99,0.80X
601163,三角轮胎,2026-08-06,13.31,0.38%,"形态: 两连阴 (-1.26%, -0.45%) | 趋势: 高于MA20",12.91,13.42,1.02X
600025,华能水电,2026-08-06,9.75,0.00%,"形态: 两连阴 (-1.78%, -1.91%)",9.95,9.64,0.79X
600589,大位科技,2026-08-06,8.22,-1.20%,趋势: 高于MA20,7.53,9.68,0.65X
600226,亨通股份,2026-08-06,5.85,1.92%,动量: 突破转强 (阳线上穿5/10),6.00,7.24,1.07X
600596,新安股份,2026-08-06,10.93,0.64%,趋势: 高于MA20 | 动量: 突破转强 (阳线上穿5/10),10.61,12.95,0.95X
600249,两面针,2026-08-06,5.11,0.39%,趋势: 高于MA20 | 动量: 突破转强 (阳线上穿5/10),4.90,5.04,1.09X
002635,安洁科技,2026-08-06,14.85,1.37%,趋势: 高于MA20 | 动量: 突破转强 (阳线上穿5/10),14.11,16.88,0.84X
603316,诚邦股份,2026-08-06,13.74,2.08%,形态: 10日内有涨停 | 动量: 突破转强 (阳线上穿5/10),13.91,18.82,0.94X
603871,嘉友国际,2026-07-15,11.72,1.47%,趋势: 高于MA20 | 动量: 突破转强 (阳线上穿5/10),11.09,11.98,0.89X
603725,天安新材,2026-08-06,10.47,3.25%,动量: 突破转强 (阳线上穿5/10),11.61,11.78,0.85X
603029,天鹅股份,2026-08-06,14.91,0.74%,"形态: 两连阴 (-0.07%, -0.20%) | 趋势: 高于MA20 | 动量: 突破转强 (阳线上穿5/10)",14.05,15.49,0.86X
000555,神州信息,2026-08-06,11.16,0.81%,趋势: 高于MA20 | 动量: 突破转强 (阳线上穿5/10),10.43,11.40,0.94X
603660,苏州科达,2026-08-06,10.9,4.21%,形态: 10日内有涨停 | 趋势: 高于MA20 | 动量: 突破转强 (阳线上穿5/10),9.02,11.04,0.90X
603527,众源新材,2026-08-06,9.82,1.76%,趋势: 高于MA20 | 动量: 突破转强 (阳线上穿5/10),9.25,11.79,1.16X
603125,常青科技,2026-08-06,23.0,1.72%,量能: 放量 (1.56X) | 形态: 10日内有涨停 | 趋势: 高于MA20 | 动量: 突破转强 (阳线上穿5/10),21.61,25.30,1.56X
002204,大连重工,2026-08-06,5.34,-1.11%,"形态: 两连阴 (-1.45%, -0.92%) | 趋势: 高于MA20",5.25,5.57,0.85X
000537,中绿电,2026-08-06,7.6,-1.94%,"形态: 两连阴 (-0.89%, -0.77%) | 趋势: 高于MA20",7.57,8.59,0.99X
601007,金陵饭店,2026-08-06,6.56,0.15%,"形态: 两连阴 (-1.35%, -0.46%) | 趋势: 高于MA20",6.41,6.57,0.79X
002366,融发核电,2026-08-06,6.4,-5.04%,形态: 10日内有涨停 | 趋势: 高于MA20,5.53,6.07,0.97X
603020,爱普股份,2026-08-06,10.11,0.10%,动量: 突破转强 (阳线上穿5/10),10.33,11.49,0.95X
002659,凯文教育,2026-08-06,4.66,-6.80%,形态: 10日内有涨停 | 趋势: 高于MA20,4.17,4.22,1.01X
002349,精华制药,2026-08-06,6.66,-0.30%,趋势: 多头排列 (5>20>60),6.73,6.69,0.95X
002442,龙星科技,2026-08-06,4.98,0.20%,趋势: 高于MA20 | 动量: 突破转强 (阳线上穿5/10),4.70,5.40,0.99X
002045,国光电器,2026-08-07,8.9,3.49%,量能: 放量 (1.97X) | 形态: 10日内有涨停 | 趋势: 高于MA20 | 动量: 突破转强 (阳线上穿5/10),8.02,8.62,1.97X
000403,派林生物,2026-08-07,10.6,0.95%,趋势: 高于MA20 | 动量: 突破转强 (阳线上穿5/10),9.97,10.59,1.30X
000530,冰山冷热,2026-08-06,5.02,0.00%,趋势: 高于MA20,4.83,5.42,0.89X
002743,富煌钢构,2026-08-06,3.89,1.30%,趋势: 高于MA20 | 动量: 突破转强 (阳线上穿5/10),3.63,4.22,0.77X
002286,保龄宝,2026-08-06,8.07,0.25%,形态: 10日内有涨停 | 趋势: 高于MA20 | 动量: 突破转强 (阳线上穿5/10),7.81,8.55,0.96X
603111,康尼机电,2026-08-06,5.79,-0.52%,趋势: 高于MA20,5.78,6.04,0.72X
600819,耀皮玻璃,2026-08-06,5.42,-0.37%,趋势: 高于MA20,5.13,6.03,0.92X
002780,三夫户外,2026-08-06,13.15,0.31%,趋势: 高于MA20 | 动量: 突破转强 (阳线上穿5/10),12.59,13.36,0.71X
002015,协鑫能科,2026-08-06,15.75,-2.30%,形态: 10日内有涨停 | 趋势: 高于MA20,14.68,17.84,0.78X
605077,华康股份,2026-08-06,11.07,1.10%,"形态: 两连阴 (-1.07%, -0.90%) | 趋势: 高于MA20 | 动量: 突破转强 (阳线上穿5/10)",10.58,12.89,0.99X
603960,克来机电,2026-08-06,16.21,0.75%,趋势: 高于MA20 | 动量: 突破转强 (阳线上穿5/10),15.01,18.56,0.92X
002363,隆基机械,2026-08-06,6.44,0.47%,"形态: 两连阴 (-0.47%, -0.16%) | 趋势: 高于MA20 | 动量: 突破转强 (阳线上穿5/10)",6.15,6.64,1.04X
605208,永茂泰,2026-08-06,13.46,3.14%,形态: 10日内有涨停 | 动量: 突破转强 (阳线上穿5/10),14.14,14.98,0.76X
600267,海正药业,2026-08-06,11.92,-0.75%,趋势: 多头排列 (5>20>60) | 趋势: 高于MA20,11.79,10.77,1.19X
600834,申通地铁,2026-08-06,7.36,0.41%,"形态: 两连阴 (-0.81%, -0.68%) | 趋势: 高于MA20 | 动量: 突破转强 (阳线上穿5/10)",7.06,7.22,0.73X
600986,浙文互联,2026-08-06,8.04,-1.47%,形态: 10日内有涨停 | 趋势: 高于MA20,7.06,7.82,0.80X
603916,苏博特,2026-08-06,10.84,4.53%,趋势: 高于MA20 | 动量: 突破转强 (阳线上穿5/10),10.02,12.72,1.18X
002960,青鸟消防,2026-08-06,8.19,-0.73%,趋势: 高于MA20,7.99,8.54,0.81X
002131,利欧股份,2026-07-15,4.19,1.95%,"形态: 两连阴 (-8.24%, -2.84%)",4.68,5.90,0.81X
000888,峨眉山Ａ,2026-08-06,9.69,-0.41%,"形态: 两连阴 (-1.31%, -0.31%) | 趋势: 高于MA20",9.54,9.76,0.89X
600903,贵州燃气,2026-08-06,6.36,0.16%,趋势: 高于MA20 | 动量: 突破转强 (阳线上穿5/10),6.07,7.59,0.80X
001872,招商港口,2026-08-06,22.05,0.46%,趋势: 多头排列 (5>20>60) | 趋势: 高于MA20,21.70,21.38,0.75X
601136,首创证券,2026-08-06,14.69,-0.94%,"形态: 两连阴 (-0.80%, -0.67%) | 趋势: 高于MA20",14.32,14.51,0.66X
600061,国投资本,2026-08-06,6.42,-1.68%,"趋势: 多头排列 (5>20>60) | 形态: 两连阴 (-0.46%, -0.15%)",6.49,6.48,1.10X
603903,中持股份,2026-07-15,14.45,-6.77%,趋势: 多头排列 (5>20>60) | 形态: 10日内有涨停 | 趋势: 高于MA20,13.72,12.76,1.07X
600583,海油工程,2026-08-06,5.6,-0.18%,"形态: 两连阴 (-1.05%, -0.71%) | 趋势: 高于MA20",5.50,5.53,0.82X
002406,远东传动,2026-08-06,6.83,0.44%,趋势: 高于MA20 | 动量: 突破转强 (阳线上穿5/10),6.45,7.23,0.89X
603017,中衡设计,2026-08-06,9.42,0.75%,趋势: 高于MA20 | 动量: 突破转强 (阳线上穿5/10),8.92,10.67,0.86X
600846,同济科技,2026-07-15,11.25,-1.06%,趋势: 高于MA20,10.42,11.46,0.84X
600480,凌云股份,2026-08-06,8.68,-2.58%,趋势: 高于MA20,8.54,9.74,1.10X
000830,鲁西化工,2026-08-06,12.85,-1.15%,趋势: 高于MA20,12.41,12.82,0.92X
603356,华菱精工,2026-08-06,15.7,-0.51%,趋势: 高于MA20,14.44,16.49,0.86X
002186,全 聚 德,2026-08-06,9.26,0.76%,"形态: 两连阴 (-1.49%, -0.43%) | 趋势: 高于MA20",8.95,9.12,0.71X
600299,安迪苏,2026-08-06,8.69,2.84%,趋势: 高于MA20 | 动量: 突破转强 (阳线上穿5/10),8.19,9.42,1.45X
603210,泰鸿万立,2026-08-06,13.56,-1.02%,趋势: 高于MA20,13.39,13.99,0.99X
603858,步长制药,2026-08-06,15.43,-1.47%,"形态: 两连阴 (-1.00%, -0.89%)",15.75,15.39,0.76X
603680,今创集团,2026-08-06,10.59,-0.28%,趋势: 高于MA20,9.67,10.99,0.90X
600559,老白干酒,2026-08-06,12.04,-0.74%,"形态: 两连阴 (-2.00%, -1.06%) | 趋势: 高于MA20",11.87,12.13,1.11X
002678,珠江钢琴,2026-08-06,4.47,0.22%,趋势: 高于MA20 | 动量: 突破转强 (阳线上穿5/10),4.20,4.93,0.84X
603378,亚士创能,2026-08-06,5.34,3.29%,"形态: 10日内有涨停 | 形态: 两连阴 (-0.57%, -1.52%) | 趋势: 高于MA20 | 动量: 突破转强 (阳线上穿5/10)",5.07,5.28,1.22X
002675,东诚药业,2026-08-06,12.85,0.08%,"趋势: 多头排列 (5>20>60) | 形态: 两连阴 (-0.46%, -0.39%) | 趋势: 高于MA20",12.80,12.60,1.20X
000910,大亚圣象,2026-08-06,5.29,1.15%,趋势: 高于MA20 | 动量: 突破转强 (阳线上穿5/10),5.14,5.70,0.89X
002614,奥佳华,2026-08-06,4.78,0.21%,"形态: 两连阴 (-0.21%, -0.42%) | 趋势: 高于MA20 | 动量: 突破转强 (阳线上穿5/10)",4.64,4.84,0.96X
605189,富春染织,2026-08-06,16.24,-3.28%,趋势: 多头排列 (5>20>60) | 趋势: 高于MA20,15.12,14.77,0.92X
600000,浦发银行,2026-08-06,9.29,0.32%,"趋势: 多头排列 (5>20>60) | 形态: 两连阴 (-2.39%, -1.49%) | 趋势: 高于MA20",9.20,9.14,0.73X
600359,新农开发,2026-08-07,6.07,-1.14%,趋势: 高于MA20,5.82,6.08,0.96X
003015,日久光电,2026-08-06,11.75,6.72%,量能: 放量 (2.09X) | 趋势: 高于MA20 | 动量: 突破转强 (阳线上穿5/10),10.69,12.11,2.09X
600661,昂立教育,2026-08-06,9.33,-4.11%,趋势: 多头排列 (5>20>60) | 趋势: 高于MA20,8.14,8.10,0.79X
600855,航天长峰,2026-08-06,12.71,0.24%,趋势: 高于MA20 | 动量: 突破转强 (阳线上穿5/10),12.01,14.38,0.97X
002333,罗普斯金,2026-08-06,5.47,2.05%,趋势: 多头排列 (5>20>60) | 量能: 放量 (1.74X) | 趋势: 高于MA20 | 动量: 突破转强 (阳线上穿5/10),5.07,5.01,1.74X
002361,神剑股份,2026-08-06,11.7,2.54%,形态: 10日内有涨停 | 趋势: 高于MA20 | 动量: 突破转强 (阳线上穿5/10),10.12,13.87,1.40X
600883,博闻科技,2026-08-06,7.46,2.19%,趋势: 高于MA20 | 动量: 突破转强 (阳线上穿5/10),6.91,7.66,0.86X
603093,南华期货,2026-08-06,18.03,-0.88%,趋势: 高于MA20,17.09,19.26,1.05X
603158,腾龙股份,2026-08-06,10.34,-2.45%,趋势: 高于MA20,9.53,12.27,0.85X
002727,一心堂,2026-08-06,11.31,-0.09%,"趋势: 多头排列 (5>20>60) | 形态: 两连阴 (-2.21%, -1.82%) | 趋势: 高于MA20",11.26,11.14,1.17X
600435,北方导航,2026-08-06,10.66,-1.02%,趋势: 高于MA20,10.38,11.45,0.87X
600635,大众公用,2026-08-06,4.82,-0.82%,趋势: 高于MA20,4.53,4.78,0.96X
000791,甘肃能源,2026-08-06,7.77,-1.77%,趋势: 高于MA20,7.65,8.34,0.97X
600776,东方通信,2026-08-06,13.2,1.93%,趋势: 高于MA20 | 动量: 突破转强 (阳线上穿5/10),12.20,14.04,1.35X
002278,神开股份,2026-08-06,7.97,0.00%,"形态: 两连阴 (-0.25%, -0.25%) | 趋势: 高于MA20",7.59,8.31,0.75X
002351,漫步者,2026-08-06,10.25,-1.06%,"形态: 两连阴 (-1.69%, -0.86%) | 趋势: 高于MA20",10.03,10.24,0.79X
600351,亚宝药业,2026-08-06,6.66,-1.48%,"趋势: 多头排列 (5>20>60) | 形态: 两连阴 (-0.43%, -1.74%) | 趋势: 高于MA20",6.58,6.33,0.72X
000788,北大医药,2026-08-06,5.25,-0.19%,趋势: 高于MA20,5.25,5.28,0.99X
600774,汉商集团,2026-08-06,6.86,2.54%,趋势: 高于MA20 | 动量: 突破转强 (阳线上穿5/10),6.48,6.95,0.87X
600965,福成股份,2026-08-06,2.63,-0.38%,趋势: 高于MA20,2.58,2.91,1.23X
603336,宏辉果蔬,2026-08-06,10.18,3.46%,形态: 10日内有涨停 | 趋势: 高于MA20 | 动量: 突破转强 (阳线上穿5/10),8.65,9.13,0.91X
603922,金鸿顺,2026-08-06,11.16,4.30%,趋势: 高于MA20 | 动量: 突破转强 (阳线上穿5/10),10.84,13.47,1.12X
000050,深天马Ａ,2026-07-15,6.72,-5.22%,"形态: 两连阴 (-7.61%, -0.98%)",8.88,8.27,1.15X
601939,建设银行,2026-08-06,10.11,1.51%,"趋势: 多头排列 (5>20>60) | 形态: 两连阴 (-3.35%, -1.39%)",10.28,10.11,0.92X
603023,威帝股份,2026-08-06,3.87,0.00%,趋势: 高于MA20,3.57,3.99,1.14X
600586,金晶科技,2026-08-06,4.22,-0.24%,"形态: 两连阴 (-0.70%, -0.47%) | 趋势: 高于MA20",4.09,4.65,0.83X
603367,辰欣药业,2026-08-06,14.7,1.10%,趋势: 多头排列 (5>20>60) | 趋势: 高于MA20 | 动量: 突破转强 (阳线上穿5/10),14.43,13.92,1.25X
603676,卫信康,2026-08-06,8.9,1.48%,"形态: 两连阴 (-0.56%, -0.45%) | 趋势: 高于MA20 | 动量: 突破转强 (阳线上穿5/10)",8.81,8.95,0.97X
601882,海天精工,2026-08-06,19.48,0.21%,趋势: 高于MA20 | 动量: 突破转强 (阳线上穿5/10),18.70,20.32,0.81X
600191,华资实业,2026-07-15,8.69,0.46%,"量能: 放量 (1.51X) | 形态: 两连阴 (-1.24%, -1.03%)",9.64,10.96,1.51X
002469,三维化学,2026-08-06,5.9,1.20%,"形态: 两连阴 (-0.34%, -0.68%) | 趋势: 高于MA20 | 动量: 突破转强 (阳线上穿5/10)",5.65,6.14,0.91X
002441,众业达,2026-08-06,7.96,-0.75%,"形态: 两连阴 (-0.50%, -0.25%) | 趋势: 高于MA20",7.77,8.54,0.79X
605008,长鸿高科,2026-08-07,11.57,1.14%,"形态: 两连阴 (-0.35%, -0.09%)",11.81,11.59,1.27X
002208,合肥城建,2026-08-07,11.44,0.44%,动量: 突破转强 (阳线上穿5/10),13.16,16.66,0.87X
603730,岱美股份,2026-08-06,10.65,0.47%,趋势: 高于MA20 | 动量: 突破转强 (阳线上穿5/10),10.16,11.55,1.10X
600371,万向德农,2026-08-07,7.05,-0.56%,趋势: 高于MA20,6.65,6.98,1.43X
603518,锦泓集团,2026-07-15,8.05,1.64%,趋势: 高于MA20 | 动量: 突破转强 (阳线上穿5/10),7.71,8.61,0.96X
000917,电广传媒,2026-08-06,7.07,-1.94%,趋势: 高于MA20,6.71,7.16,0.98X
002878,元隆雅图,2026-08-06,12.53,-0.56%,趋势: 高于MA20,11.61,13.25,0.78X
002490,山东墨龙,2026-08-06,7.67,2.13%,动量: 突破转强 (阳线上穿5/10),7.71,7.67,0.96X
600768,宁波富邦,2026-08-06,14.63,1.32%,趋势: 高于MA20 | 动量: 突破转强 (阳线上穿5/10),13.63,15.40,1.01X
603706,东方环宇,2026-08-06,19.05,0.95%,趋势: 高于MA20 | 动量: 突破转强 (阳线上穿5/10),18.81,20.20,0.94X
600997,开滦股份,2026-08-06,5.56,-0.71%,趋势: 多头排列 (5>20>60) | 趋势: 高于MA20,5.36,5.31,1.22X
601608,中信重工,2026-08-06,4.84,-0.82%,趋势: 高于MA20,4.76,5.11,1.08X
603107,上海汽配,2026-08-06,12.09,-1.63%,趋势: 高于MA20,11.64,12.39,0.53X
603712,七一二,2026-08-06,12.05,-0.90%,趋势: 高于MA20,11.57,13.12,1.02X
002009,天奇股份,2026-08-06,17.78,-1.06%,趋势: 高于MA20,16.74,20.38,0.82X
603169,兰石重装,2026-08-06,6.98,-1.55%,趋势: 高于MA20,6.39,7.24,0.65X
600373,中文传媒,2026-08-06,7.31,-2.40%,"形态: 两连阴 (-0.91%, -1.71%) | 趋势: 高于MA20",7.25,7.36,0.98X
002342,巨力索具,2026-08-06,8.23,1.86%,趋势: 高于MA20 | 动量: 突破转强 (阳线上穿5/10),7.85,10.12,0.91X
603289,泰瑞机器,2026-08-06,8.3,0.97%,趋势: 高于MA20 | 动量: 突破转强 (阳线上穿5/10),7.98,9.12,1.10X
603528,多伦科技,2026-08-06,6.4,0.47%,趋势: 高于MA20 | 动量: 突破转强 (阳线上穿5/10),5.86,6.50,1.18X
002065,东华软件,2026-08-06,7.45,-1.72%,趋势: 高于MA20,7.05,7.32,0.72X
600983,惠而浦,2026-08-06,7.85,-0.38%,趋势: 高于MA20,7.56,7.97,0.56X
600738,丽尚国潮,2026-08-07,3.91,-1.51%,趋势: 高于MA20,3.83,3.99,0.93X
603602,纵横通信,2026-08-06,11.49,3.98%,量能: 放量 (2.39X) | 趋势: 高于MA20 | 动量: 突破转强 (阳线上穿5/10),10.31,11.90,2.39X
603956,威派格,2026-08-06,7.0,1.16%,趋势: 多头排列 (5>20>60) | 形态: 10日内有涨停 | 趋势: 高于MA20 | 动量: 突破转强 (阳线上穿5/10),6.04,5.71,1.02X
600197,伊力特,2026-08-06,10.38,-0.38%,"形态: 两连阴 (-1.60%, -0.19%) | 趋势: 高于MA20",10.22,10.77,0.73X
601226,华电科工,2026-08-06,6.27,-0.16%,趋势: 高于MA20,5.93,6.85,0.80X
603993,洛阳钼业,2026-08-06,20.37,-0.49%,趋势: 多头排列 (5>20>60) | 趋势: 高于MA20,18.83,18.70,1.26X
603106,恒银科技,2026-08-06,10.04,9.97%,量能: 放量 (2.27X) | 形态: 10日内有涨停 | 趋势: 高于MA20 | 动量: 突破转强 (阳线上穿5/10),7.07,7.44,2.27X
603326,我乐家居,2026-08-06,6.64,1.84%,趋势: 高于MA20 | 动量: 突破转强 (阳线上穿5/10),6.16,6.78,0.63X
002969,嘉美包装,2026-08-06,13.56,1.73%,形态: 10日内有涨停 | 趋势: 高于MA20 | 动量: 突破转强 (阳线上穿5/10),11.94,15.10,0.72X
002698,博实股份,2026-08-06,12.92,-1.52%,"形态: 两连阴 (-0.15%, -1.06%) | 趋势: 高于MA20",12.67,12.69,0.79X
000058,深 赛 格,2026-08-06,6.81,-1.45%,"形态: 两连阴 (-1.98%, -0.29%) | 趋势: 高于MA20",6.35,6.96,0.66X
603206,嘉环科技,2026-08-06,15.04,-3.22%,量能: 放量 (1.95X) | 形态: 10日内有涨停 | 趋势: 高于MA20,13.43,16.03,1.95X
000554,泰山石油,2026-08-06,6.53,1.40%,"形态: 两连阴 (-0.31%, -0.46%) | 趋势: 高于MA20 | 动量: 突破转强 (阳线上穿5/10)",6.42,6.50,1.00X
000630,铜陵有色,2026-08-07,6.96,5.94%,趋势: 高于MA20 | 动量: 突破转强 (阳线上穿5/10),6.18,6.46,1.46X
002739,万达电影,2026-08-06,8.95,0.56%,动量: 突破转强 (阳线上穿5/10),9.11,9.04,1.34X
002582,好想你,2026-07-15,9.76,6.32%,量能: 放量 (2.10X) | 趋势: 高于MA20 | 动量: 突破转强 (阳线上穿5/10),8.92,10.52,2.10X
000543,皖能电力,2026-08-06,7.81,-1.64%,"形态: 两连阴 (-1.35%, -1.24%)",7.88,8.29,1.31X
603787,新日股份,2026-08-06,10.07,-0.30%,"形态: 两连阴 (-1.63%, -1.66%) | 趋势: 高于MA20",9.61,9.94,0.72X
600995,南网储能,2026-08-06,12.68,-1.78%,"形态: 两连阴 (-0.46%, -0.92%) | 趋势: 高于MA20",12.52,13.28,1.00X
600173,卧龙新能,2026-08-06,6.34,0.48%,趋势: 高于MA20 | 动量: 突破转强 (阳线上穿5/10),5.93,6.37,1.12X
600749,西藏旅游,2026-08-06,14.29,2.22%,趋势: 高于MA20 | 动量: 突破转强 (阳线上穿5/10),13.80,14.60,1.26X
002805,丰元股份,2026-08-06,18.58,1.59%,趋势: 高于MA20 | 动量: 突破转强 (阳线上穿5/10),18.08,22.08,1.03X
601872,招商轮船,2026-08-06,17.88,-1.22%,趋势: 高于MA20,15.82,16.26,0.90X
600148,长春一东,2026-08-06,15.15,0.33%,"形态: 两连阴 (-0.20%, -0.33%) | 趋势: 高于MA20 | 动量: 突破转强 (阳线上穿5/10)",14.43,15.47,0.89X
600510,黑牡丹,2026-08-06,6.89,2.07%,趋势: 高于MA20 | 动量: 突破转强 (阳线上穿5/10),6.27,7.45,1.15X
603058,永吉股份,2026-08-06,10.07,0.50%,形态: 10日内有涨停 | 趋势: 高于MA20 | 动量: 突破转强 (阳线上穿5/10),8.78,9.44,0.94X
601111,中国国航,2026-08-06,6.13,-0.97%,趋势: 高于MA20,6.03,6.30,0.83X
600161,天坛生物,2026-08-06,12.25,-2.23%,"形态: 两连阴 (-1.16%, -1.96%)",12.51,12.62,1.37X
002973,侨银股份,2026-07-15,10.33,4.45%,动量: 突破转强 (阳线上穿5/10),10.79,12.29,1.01X
600703,三安光电,2026-08-06,13.71,2.70%,趋势: 高于MA20 | 动量: 突破转强 (阳线上穿5/10),13.05,15.93,1.29X
002062,宏润建设,2026-08-06,7.95,0.00%,趋势: 高于MA20,7.38,7.93,1.05X
002258,利尔化学,2026-08-06,14.3,-2.19%,趋势: 多头排列 (5>20>60) | 形态: 10日内有涨停 | 趋势: 高于MA20,14.08,13.37,0.64X
603213,镇洋发展,2026-08-06,14.07,1.52%,"形态: 两连阴 (-0.07%, -0.22%) | 趋势: 高于MA20 | 动量: 突破转强 (阳线上穿5/10)",13.91,14.06,1.35X
600350,山东高速,2026-08-06,10.81,0.28%,"形态: 两连阴 (-3.28%, -1.28%)",11.54,11.49,0.94X
001387,雪祺电气,2026-08-06,11.73,0.86%,趋势: 高于MA20 | 动量: 突破转强 (阳线上穿5/10),11.33,12.39,0.83X
003000,劲仔食品,2026-08-06,10.65,-0.56%,"形态: 两连阴 (-1.64%, -0.56%) | 趋势: 高于MA20",10.41,10.50,0.57X
002753,永东股份,2026-08-06,6.2,1.47%,趋势: 高于MA20 | 动量: 突破转强 (阳线上穿5/10),5.96,6.26,1.07X
000411,英特集团,2026-08-06,9.59,0.74%,"形态: 两连阴 (-0.21%, -0.83%) | 趋势: 高于MA20 | 动量: 突破转强 (阳线上穿5/10)",9.42,10.18,1.31X
000928,中钢国际,2026-08-06,5.11,-1.16%,"形态: 两连阴 (-1.89%, -0.39%) | 趋势: 高于MA20",5.06,5.49,0.95X
002193,如意集团,2026-08-06,4.09,4.34%,趋势: 高于MA20 | 动量: 突破转强 (阳线上穿5/10),3.86,4.40,1.36X
600827,百联股份,2026-08-06,7.74,-1.28%,"形态: 两连阴 (-1.73%, -1.38%)",7.76,7.91,0.99X
600663,陆家嘴,2026-08-06,9.06,2.60%,趋势: 多头排列 (5>20>60) | 形态: 10日内有涨停 | 趋势: 高于MA20 | 动量: 突破转强 (阳线上穿5/10),7.42,7.04,0.76X
600284,浦东建设,2026-08-06,5.16,-0.39%,"形态: 两连阴 (-0.95%, -1.15%) | 趋势: 高于MA20",5.00,5.48,0.69X
603116,红蜻蜓,2026-08-06,5.96,1.02%,量能: 放量 (1.53X) | 趋势: 高于MA20 | 动量: 突破转强 (阳线上穿5/10),5.50,6.41,1.53X
000030,富奥股份,2026-08-06,4.24,-1.17%,"形态: 两连阴 (-1.37%, -0.46%) | 趋势: 高于MA20",4.18,4.33,0.97X
600318,新力金融,2026-08-06,6.62,1.07%,趋势: 高于MA20 | 动量: 突破转强 (阳线上穿5/10),6.25,6.49,1.16X
603977,国泰集团,2026-07-15,11.52,-1.96%,"形态: 两连阴 (-7.40%, -1.09%)",14.04,14.17,0.60X
600063,皖维高新,2026-08-07,6.13,3.20%,量能: 放量 (1.59X) | 趋势: 高于MA20 | 动量: 突破转强 (阳线上穿5/10),5.68,6.78,1.59X
000025,特  力Ａ,2026-08-06,15.15,-0.85%,"形态: 10日内有涨停 | 形态: 两连阴 (-0.83%, -1.67%) | 趋势: 高于MA20",14.27,14.61,0.76X
605007,五洲特纸,2026-08-06,16.37,1.68%,趋势: 多头排列 (5>20>60) | 趋势: 高于MA20 | 动量: 突破转强 (阳线上穿5/10),15.25,14.34,0.80X
603937,丽岛新材,2026-08-06,11.12,2.49%,趋势: 高于MA20 | 动量: 突破转强 (阳线上穿5/10),10.16,12.97,1.00X
603999,读者传媒,2026-08-06,5.53,-0.54%,趋势: 高于MA20,5.33,5.63,0.76X
600028,中国石化,2026-07-15,5.03,0.00%,趋势: 高于MA20,4.73,4.98,0.94X
601919,中远海控,2026-07-15,14.66,1.73%,趋势: 高于MA20 | 动量: 突破转强 (阳线上穿5/10),13.84,14.22,1.18X
603959,百利科技,2026-08-06,4.43,2.78%,趋势: 高于MA20 | 动量: 突破转强 (阳线上穿5/10),4.25,4.34,1.14X
002696,百洋股份,2026-08-06,5.51,1.47%,趋势: 高于MA20 | 动量: 突破转强 (阳线上穿5/10),5.16,5.52,0.82X
603214,爱婴室,2026-08-07,13.4,-0.52%,趋势: 高于MA20,12.68,13.47,0.82X
002737,葵花药业,2026-08-06,13.07,-1.21%,"趋势: 多头排列 (5>20>60) | 形态: 两连阴 (-1.68%, -1.49%)",13.36,12.82,0.98X
600444,国机通用,2026-08-06,13.3,0.61%,"形态: 两连阴 (-0.15%, -0.97%) | 趋势: 高于MA20 | 动量: 突破转强 (阳线上穿5/10)",12.71,14.09,0.80X
600128,苏豪弘业,2026-08-06,8.1,0.87%,"形态: 两连阴 (-0.49%, -0.74%) | 趋势: 高于MA20 | 动量: 突破转强 (阳线上穿5/10)",7.70,8.37,0.78X
600721,百花医药,2026-08-06,9.58,9.99%,趋势: 多头排列 (5>20>60) | 量能: 放量 (3.07X) | 形态: 10日内有涨停 | 趋势: 高于MA20 | 动量: 突破转强 (阳线上穿5/10),7.33,7.32,3.07X
603982,泉峰汽车,2026-08-06,5.9,0.17%,趋势: 高于MA20 | 动量: 突破转强 (阳线上穿5/10),5.55,6.11,0.79X
600513,联环药业,2026-08-06,17.71,2.49%,形态: 10日内有涨停 | 趋势: 高于MA20 | 动量: 突破转强 (阳线上穿5/10),16.65,16.70,1.27X
002543,万和电气,2026-08-06,6.61,-0.90%,"形态: 两连阴 (-0.44%, -1.77%) | 趋势: 高于MA20",6.56,6.89,1.01X
002307,北新路桥,2026-08-06,3.12,0.65%,量能: 放量 (1.69X) | 趋势: 高于MA20 | 动量: 突破转强 (阳线上穿5/10),2.96,3.50,1.69X
600223,福瑞达,2026-08-06,5.49,-0.72%,"形态: 两连阴 (-0.18%, -1.60%) | 趋势: 高于MA20",5.48,5.61,0.85X
002611,东方精工,2026-08-06,16.19,-1.94%,趋势: 高于MA20,15.37,17.14,0.91X
002724,海洋王,2026-08-06,5.36,0.19%,"形态: 两连阴 (-0.92%, -0.19%) | 趋势: 高于MA20",5.06,5.29,0.89X
600640,国脉文化,2026-08-06,10.85,-1.90%,趋势: 高于MA20,10.40,10.91,1.03X
002563,森马服饰,2026-08-06,6.1,-0.33%,"趋势: 多头排列 (5>20>60) | 形态: 两连阴 (-3.16%, -0.16%) | 趋势: 高于MA20",5.81,5.59,0.80X
601998,中信银行,2026-08-06,7.55,0.00%,"趋势: 多头排列 (5>20>60) | 形态: 两连阴 (-2.03%, -2.45%)",7.57,7.49,0.77X
002119,康强电子,2026-08-06,23.11,3.63%,量能: 放量 (1.62X) | 形态: 10日内有涨停 | 动量: 突破转强 (阳线上穿5/10),23.57,27.58,1.62X
002370,亚太药业,2026-08-06,5.13,0.79%,趋势: 高于MA20 | 动量: 突破转强 (阳线上穿5/10),5.03,5.43,0.98X
603219,富佳股份,2026-08-06,14.69,-1.48%,趋势: 高于MA20,13.44,15.22,0.85X
002063,远光软件,2026-08-06,5.71,-1.72%,趋势: 高于MA20,5.41,5.56,0.95X
603682,锦和商管,2026-08-06,11.4,3.54%,趋势: 多头排列 (5>20>60) | 形态: 10日内有涨停 | 趋势: 高于MA20 | 动量: 突破转强 (阳线上穿5/10),8.87,8.53,0.85X
000505,京粮控股,2026-07-15,5.5,2.23%,趋势: 高于MA20 | 动量: 突破转强 (阳线上穿5/10),5.26,5.91,1.00X
603599,广信股份,2026-08-06,10.42,0.00%,"形态: 两连阴 (-2.78%, -0.67%) | 趋势: 高于MA20",10.25,10.62,0.77X
002546,新联电子,2026-08-06,8.56,-4.68%,趋势: 多头排列 (5>20>60) | 趋势: 高于MA20,8.24,7.70,0.94X
002508,老板电器,2026-08-06,15.44,-1.72%,"形态: 两连阴 (-1.62%, -0.63%)",15.72,16.07,0.78X
600550,保变电气,2026-08-06,11.9,-3.41%,趋势: 高于MA20,11.17,12.29,0.84X
603079,圣达生物,2026-08-06,11.48,0.61%,趋势: 高于MA20 | 动量: 突破转强 (阳线上穿5/10),10.96,12.18,0.79X
002748,世龙实业,2026-08-06,11.0,2.33%,趋势: 高于MA20 | 动量: 突破转强 (阳线上穿5/10),10.38,10.92,1.44X
000998,隆平高科,2026-08-06,8.25,-0.36%,"量能: 放量 (1.79X) | 形态: 两连阴 (-1.99%, -1.08%) | 趋势: 高于MA20",8.18,8.19,1.79X
001330,博纳影业,2026-07-15,4.88,2.09%,"形态: 两连阴 (-9.77%, -0.42%)",5.75,7.54,0.98X
002350,北京科锐,2026-08-06,16.37,1.43%,趋势: 高于MA20 | 动量: 突破转强 (阳线上穿5/10),14.68,15.06,1.36X
002272,川润股份,2026-08-06,14.61,0.48%,动量: 突破转强 (阳线上穿5/10),16.40,19.97,0.85X
000633,合金投资,2026-08-06,5.2,1.96%,趋势: 高于MA20 | 动量: 突破转强 (阳线上穿5/10),4.90,5.26,0.97X
000020,深华发Ａ,2026-08-06,11.06,1.28%,趋势: 高于MA20 | 动量: 突破转强 (阳线上穿5/10),10.30,11.44,0.82X
603015,弘讯科技,2026-08-06,10.67,1.72%,趋势: 高于MA20 | 动量: 突破转强 (阳线上穿5/10),9.84,11.43,1.14X
000789,万年青,2026-08-06,4.12,1.23%,"形态: 两连阴 (-0.97%, -0.73%) | 趋势: 高于MA20 | 动量: 突破转强 (阳线上穿5/10)",3.98,4.18,0.82X
603191,望变电气,2026-08-06,14.04,-1.40%,趋势: 高于MA20,13.42,16.68,0.99X
605366,宏柏新材,2026-08-06,8.47,10.00%,形态: 10日内有涨停 | 趋势: 高于MA20 | 动量: 突破转强 (阳线上穿5/10),7.85,10.30,1.36X
002083,孚日股份,2026-08-06,11.68,0.00%,形态: 10日内有涨停 | 趋势: 高于MA20,10.57,10.83,0.85X
002799,环球印务,2026-08-06,6.6,0.30%,趋势: 高于MA20 | 动量: 突破转强 (阳线上穿5/10),6.21,6.80,0.86X
000850,华茂股份,2026-08-06,4.1,1.23%,趋势: 多头排列 (5>20>60) | 趋势: 高于MA20 | 动量: 突破转强 (阳线上穿5/10),3.97,3.93,1.08X
002094,青岛金王,2026-08-06,4.8,0.42%,"形态: 两连阴 (-0.21%, -0.42%) | 趋势: 高于MA20 | 动量: 突破转强 (阳线上穿5/10)",4.47,4.80,0.86X
002297,博云新材,2026-08-06,18.72,4.82%,趋势: 高于MA20 | 动量: 突破转强 (阳线上穿5/10),18.10,22.88,1.44X
601118,海南橡胶,2026-07-15,4.95,2.06%,动量: 突破转强 (阳线上穿5/10),5.08,6.15,1.06X
000663,永安林业,2026-08-06,5.45,1.87%,趋势: 高于MA20 | 动量: 突破转强 (阳线上穿5/10),5.04,5.52,0.80X
600027,华电国际,2026-08-06,4.69,-0.64%,"形态: 两连阴 (-1.65%, -1.26%)",4.71,4.91,1.04X
000753,漳州发展,2026-07-15,4.47,1.59%,动量: 突破转强 (阳线上穿5/10),4.57,5.50,0.93X
002041,登海种业,2026-08-06,9.14,4.58%,"量能: 放量 (2.02X) | 形态: 两连阴 (-1.57%, -0.57%) | 趋势: 高于MA20 | 动量: 突破转强 (阳线上穿5/10)",8.54,8.55,2.02X
002707,众信旅游,2026-08-06,5.14,-0.77%,"形态: 两连阴 (-0.76%, -0.58%) | 趋势: 高于MA20",4.95,5.53,0.86X
002365,永安药业,2026-08-06,12.91,1.25%,趋势: 多头排列 (5>20>60) | 形态: 10日内有涨停 | 趋势: 高于MA20 | 动量: 突破转强 (阳线上穿5/10),12.24,11.66,1.37X
603890,春秋电子,2026-08-06,18.76,2.46%,动量: 突破转强 (阳线上穿5/10),19.58,23.08,1.10X
601997,贵阳银行,2026-08-06,5.64,-0.35%,"形态: 两连阴 (-2.72%, -1.05%) | 趋势: 高于MA20",5.56,5.64,0.76X
002283,天润工业,2026-08-06,8.92,-0.67%,趋势: 高于MA20,8.23,9.85,0.67X
600820,隧道股份,2026-08-06,5.43,-0.73%,"趋势: 多头排列 (5>20>60) | 形态: 两连阴 (-2.61%, -2.15%)",5.55,5.52,0.83X
002026,山东威达,2026-08-06,10.36,0.58%,"形态: 两连阴 (-0.19%, -0.68%) | 趋势: 高于MA20 | 动量: 突破转强 (阳线上穿5/10)",9.86,11.27,0.79X
601686,友发集团,2026-08-06,5.23,0.19%,"形态: 两连阴 (-1.31%, -0.76%) | 趋势: 高于MA20",5.13,5.15,0.76X
603586,金麒麟,2026-08-06,13.35,0.68%,"形态: 两连阴 (-0.45%, -0.15%) | 趋势: 高于MA20 | 动量: 突破转强 (阳线上穿5/10)",12.66,14.75,0.80X
600251,冠农股份,2026-08-06,9.61,2.45%,量能: 放量 (1.54X) | 趋势: 高于MA20 | 动量: 突破转强 (阳线上穿5/10),9.11,9.51,1.54X
000525,红太阳,2026-08-06,4.56,-0.87%,"形态: 两连阴 (-2.11%, -0.86%) | 趋势: 高于MA20",4.38,4.47,0.96X
600867,通化东宝,2026-08-06,8.11,-1.82%,趋势: 多头排列 (5>20>60),8.24,8.13,1.05X
605169,洪通燃气,2026-08-06,10.09,0.60%,"形态: 两连阴 (-0.30%, -0.89%) | 趋势: 高于MA20 | 动量: 突破转强 (阳线上穿5/10)",9.63,10.41,0.81X
603028,赛福天,2026-08-06,6.68,0.45%,趋势: 高于MA20 | 动量: 突破转强 (阳线上穿5/10),6.28,7.25,1.04X
002561,徐家汇,2026-08-06,6.66,0.30%,"形态: 两连阴 (-0.74%, -1.04%) | 趋势: 高于MA20",6.48,6.79,0.96X
000695,滨海能源,2026-08-06,12.75,-1.01%,趋势: 高于MA20,12.54,13.47,1.01X
002236,大华股份,2026-08-06,17.02,-0.93%,趋势: 高于MA20,16.63,16.77,0.59X
000685,中山公用,2026-08-06,11.01,-1.43%,趋势: 高于MA20,11.01,11.23,1.07X
002123,梦网科技,2026-07-15,8.53,-10.02%,趋势: 高于MA20,8.03,8.75,0.64X
002358,森源电气,2026-08-07,5.59,-0.71%,"形态: 两连阴 (-0.52%, -1.75%) | 趋势: 高于MA20",5.42,5.88,0.63X
603035,常熟汽饰,2026-08-06,11.02,-0.45%,"形态: 两连阴 (-1.94%, -0.27%) | 趋势: 高于MA20",10.86,11.45,0.80X
600821,金开新能,2026-08-06,6.47,-2.56%,趋势: 高于MA20,6.39,6.92,0.92X
600560,金自天正,2026-08-06,11.07,0.09%,趋势: 高于MA20 | 动量: 突破转强 (阳线上穿5/10),10.53,11.66,0.85X
002761,浙江建投,2026-08-06,7.25,-0.68%,"形态: 两连阴 (-2.12%, -1.08%) | 趋势: 高于MA20",7.08,7.30,0.94X
002818,富森美,2026-08-06,10.82,0.00%,趋势: 高于MA20,10.72,10.94,0.70X
002892,科力尔,2026-08-06,9.67,-2.22%,趋势: 高于MA20,9.27,10.02,1.06X
600655,豫园股份,2026-08-06,4.61,-0.86%,趋势: 多头排列 (5>20>60) | 趋势: 高于MA20,4.49,4.47,0.99X
002185,华天科技,2026-08-06,17.26,4.04%,动量: 突破转强 (阳线上穿5/10),18.74,18.78,1.25X
601001,晋控煤业,2026-07-15,18.13,4.50%,趋势: 高于MA20 | 动量: 突破转强 (阳线上穿5/10),18.09,18.53,1.03X
002033,丽江股份,2026-08-07,8.66,-0.57%,趋势: 高于MA20,8.47,8.54,0.93X
002196,方正电机,2026-08-06,11.16,-0.36%,趋势: 高于MA20,10.51,12.66,0.79X
603095,越剑智能,2026-08-06,13.1,1.47%,趋势: 高于MA20 | 动量: 突破转强 (阳线上穿5/10),12.30,16.05,1.04X
002757,南兴股份,2026-08-06,17.26,-1.43%,趋势: 高于MA20,16.21,20.40,0.73X
600810,神马股份,2026-08-06,6.43,0.94%,趋势: 高于MA20 | 动量: 突破转强 (阳线上穿5/10),6.20,6.33,1.07X
603385,惠达卫浴,2026-08-06,5.24,1.35%,趋势: 高于MA20 | 动量: 突破转强 (阳线上穿5/10),4.91,5.33,0.83X
002946,新乳业,2026-08-06,16.8,-2.89%,趋势: 高于MA20,16.10,16.17,0.75X
002248,华东数控,2026-08-06,9.12,1.67%,趋势: 高于MA20 | 动量: 突破转强 (阳线上穿5/10),8.36,9.44,1.09X
000862,银星能源,2026-07-15,4.79,2.13%,动量: 突破转强 (阳线上穿5/10),4.88,6.11,1.05X
002228,合兴包装,2026-08-06,3.12,0.32%,"形态: 两连阴 (-0.63%, -0.64%) | 趋势: 高于MA20",3.03,3.20,0.84X
601155,新城控股,2026-08-06,11.14,1.83%,趋势: 高于MA20,11.11,11.64,1.23X
600100,同方股份,2026-08-06,7.15,-0.69%,趋势: 高于MA20,6.90,7.28,0.89X
600548,深高速,2026-08-06,8.42,-0.71%,"形态: 两连阴 (-2.28%, -1.05%)",8.57,8.63,0.75X
002511,中顺洁柔,2026-08-06,7.24,-1.36%,"趋势: 多头排列 (5>20>60) | 形态: 两连阴 (-1.34%, -0.41%) | 趋势: 高于MA20",7.21,7.14,0.86X
000919,金陵药业,2026-08-06,6.34,0.16%,趋势: 多头排列 (5>20>60) | 趋势: 高于MA20 | 动量: 突破转强 (阳线上穿5/10),6.25,6.25,0.97X
002538,司尔特,2026-08-06,6.95,1.46%,趋势: 多头排列 (5>20>60) | 趋势: 高于MA20 | 动量: 突破转强 (阳线上穿5/10),6.29,6.22,0.73X
002639,雪人集团,2026-08-06,12.64,-1.79%,趋势: 高于MA20,11.82,13.75,0.78X
002299,圣农发展,2026-08-06,16.63,-0.06%,趋势: 高于MA20,16.23,16.41,0.72X
600668,尖峰集团,2026-08-06,7.33,0.41%,"形态: 两连阴 (-0.41%, -0.95%) | 趋势: 高于MA20",7.20,7.56,1.02X
600674,川投能源,2026-08-06,15.01,0.20%,"形态: 两连阴 (-2.10%, -2.54%)",15.73,15.15,0.70X
600153,建发股份,2026-08-06,8.71,-1.02%,"形态: 两连阴 (-3.07%, -0.56%)",8.72,9.01,1.08X
600857,宁波中百,2026-07-15,21.03,9.99%,"趋势: 多头排列 (5>20>60) | 形态: 10日内有涨停 | 形态: 两连阴 (-1.93%, -3.43%) | 趋势: 高于MA20 | 动量: 突破转强 (阳线上穿5/10)",18.88,15.63,0.95X
002809,红墙股份,2026-08-06,8.1,1.76%,趋势: 高于MA20 | 动量: 突破转强 (阳线上穿5/10),7.47,8.33,0.84X
600710,苏美达,2026-08-06,10.72,-1.20%,趋势: 高于MA20,10.61,10.85,0.76X
002918,蒙娜丽莎,2026-08-06,9.76,1.35%,形态: 10日内有涨停 | 趋势: 高于MA20 | 动量: 突破转强 (阳线上穿5/10),9.12,11.27,1.04X
002369,卓翼科技,2026-08-06,6.27,10.00%,形态: 10日内有涨停 | 趋势: 高于MA20 | 动量: 突破转强 (阳线上穿5/10),5.31,5.88,1.15X
002893,京能热力,2026-08-06,9.79,0.62%,趋势: 高于MA20 | 动量: 突破转强 (阳线上穿5/10),9.50,10.31,0.93X
600195,中牧股份,2026-08-06,6.54,0.31%,"形态: 两连阴 (-1.36%, -0.46%) | 趋势: 高于MA20",6.45,6.51,0.63X
603339,四方科技,2026-08-06,13.94,1.75%,趋势: 高于MA20 | 动量: 突破转强 (阳线上穿5/10),12.69,13.32,1.18X
002016,世荣兆业,2026-08-07,4.41,-2.22%,趋势: 高于MA20,4.22,4.41,1.01X
601116,三江购物,2026-07-15,9.94,2.90%,动量: 突破转强 (阳线上穿5/10),10.12,11.94,1.22X
600977,中国电影,2026-08-06,12.6,-0.79%,趋势: 高于MA20,12.47,13.56,1.40X
600746,江苏索普,2026-08-06,6.6,-0.15%,"趋势: 多头排列 (5>20>60) | 形态: 两连阴 (-0.60%, -0.75%) | 趋势: 高于MA20",6.28,6.20,0.90X
600517,国网英大,2026-08-06,5.07,-1.36%,"形态: 两连阴 (-1.15%, -0.77%) | 趋势: 高于MA20",4.95,5.07,0.92X
002416,爱施德,2026-08-06,9.72,-1.22%,"形态: 两连阴 (-2.86%, -0.20%) | 趋势: 高于MA20",9.35,10.12,0.82X
605050,福然德,2026-08-06,10.61,-0.38%,趋势: 高于MA20,10.19,10.46,0.95X
600731,湖南海利,2026-08-06,5.78,-0.52%,趋势: 高于MA20,5.52,5.58,0.86X
603277,银都股份,2026-08-06,10.7,-0.74%,"形态: 两连阴 (-1.01%, -0.46%) | 趋势: 高于MA20",10.41,10.98,0.95X
000955,欣龙控股,2026-07-15,4.21,0.00%,形态: 10日内有涨停,4.51,4.59,0.73X
002478,常宝股份,2026-08-06,6.32,-1.40%,趋势: 高于MA20,6.05,6.71,0.94X
600769,祥龙电业,2026-08-06,14.75,1.79%,趋势: 高于MA20 | 动量: 突破转强 (阳线上穿5/10),14.37,17.19,0.94X
600573,惠泉啤酒,2026-08-06,9.69,-0.51%,"形态: 两连阴 (-1.81%, -0.41%) | 趋势: 高于MA20",9.36,10.77,0.72X
600590,泰豪科技,2026-08-06,8.55,-1.27%,趋势: 高于MA20,8.11,10.83,0.87X
600468,百利电气,2026-08-06,6.45,-4.30%,形态: 10日内有涨停 | 趋势: 高于MA20,5.56,5.98,0.95X
000803,山高环能,2026-08-06,7.17,1.13%,趋势: 高于MA20 | 动量: 突破转强 (阳线上穿5/10),6.59,7.18,0.91X
600616,金枫酒业,2026-08-06,4.16,0.73%,"形态: 两连阴 (-1.42%, -1.20%) | 趋势: 高于MA20",4.01,4.19,0.68X
002636,金安国纪,2026-07-15,94.79,-0.93%,形态: 10日内有涨停,104.65,70.31,1.46X
000407,胜利股份,2026-07-15,3.89,0.52%,趋势: 高于MA20 | 动量: 突破转强 (阳线上穿5/10),3.82,4.25,1.13X
600698,湖南天雁,2026-08-06,6.58,-1.05%,形态: 10日内有涨停 | 趋势: 高于MA20,6.20,6.45,0.72X
600419,天润乳业,2026-07-15,7.91,2.99%,趋势: 高于MA20 | 动量: 突破转强 (阳线上穿5/10),7.76,8.55,0.91X
002646,天佑德酒,2026-08-06,6.82,0.00%,"形态: 两连阴 (-1.43%, -1.02%) | 趋势: 高于MA20",6.66,6.94,0.87X
000922,佳电股份,2026-08-06,11.59,-0.77%,趋势: 高于MA20,11.05,12.77,0.71X
603707,健友股份,2026-08-07,8.1,2.02%,"趋势: 多头排列 (5>20>60) | 形态: 两连阴 (-1.35%, -1.12%) | 趋势: 高于MA20 | 动量: 突破转强 (阳线上穿5/10)",7.96,7.80,1.33X
600611,大众交通,2026-08-06,4.89,4.26%,量能: 放量 (2.62X) | 形态: 10日内有涨停 | 趋势: 高于MA20 | 动量: 突破转强 (阳线上穿5/10),4.04,4.29,2.62X
603230,内蒙新华,2026-08-06,9.1,-0.11%,"形态: 两连阴 (-0.11%, -0.44%) | 趋势: 高于MA20",8.88,9.36,0.70X
000042,中洲控股,2026-08-06,8.41,1.20%,趋势: 高于MA20 | 动量: 突破转强 (阳线上穿5/10),8.02,8.81,1.15X
603348,文灿股份,2026-08-06,14.43,-0.96%,形态: 10日内有涨停 | 趋势: 高于MA20,13.68,14.84,0.81X
601890,亚星锚链,2026-08-06,8.49,-0.82%,"形态: 两连阴 (-1.49%, -0.58%) | 趋势: 高于MA20",8.32,8.72,0.89X
002300,太阳电缆,2026-08-06,7.26,-1.76%,形态: 10日内有涨停 | 趋势: 高于MA20,6.64,7.53,0.74X
002291,遥望科技,2026-08-06,5.7,-3.39%,形态: 10日内有涨停 | 趋势: 高于MA20,5.02,5.38,1.12X
603887,城地香江,2026-08-06,9.52,-1.45%,趋势: 高于MA20,8.75,10.54,0.93X
000932,华菱钢铁,2026-08-07,3.73,-0.53%,"形态: 两连阴 (-1.03%, -2.34%)",3.76,3.79,0.77X
603330,天洋新材,2026-08-06,7.59,5.42%,量能: 放量 (1.51X) | 形态: 10日内有涨停 | 趋势: 高于MA20 | 动量: 突破转强 (阳线上穿5/10),6.83,7.49,1.51X
000429,粤高速Ａ,2026-08-06,14.19,-0.07%,"趋势: 多头排列 (5>20>60) | 形态: 两连阴 (-1.92%, -0.98%)",14.31,13.87,0.83X
600805,悦达投资,2026-08-06,4.4,0.00%,趋势: 高于MA20,4.25,4.44,0.67X
000566,海南海药,2026-07-15,5.15,10.04%,"形态: 10日内有涨停 | 形态: 两连阴 (-3.43%, -2.09%) | 趋势: 高于MA20",4.87,4.64,0.51X
603329,上海雅仕,2026-08-06,10.03,1.93%,"形态: 两连阴 (-1.30%, -0.40%) | 趋势: 高于MA20 | 动量: 突破转强 (阳线上穿5/10)",9.59,9.99,0.81X
600151,航天机电,2026-08-06,11.0,6.08%,量能: 放量 (1.70X) | 趋势: 高于MA20 | 动量: 突破转强 (阳线上穿5/10),9.60,11.56,1.70X
605266,健之佳,2026-08-06,16.36,0.55%,"形态: 两连阴 (-2.19%, -1.51%) | 趋势: 高于MA20",16.24,16.86,0.78X
600116,三峡水利,2026-08-06,6.5,-0.91%,"趋势: 多头排列 (5>20>60) | 形态: 两连阴 (-1.77%, -1.65%) | 趋势: 高于MA20",6.37,6.33,0.95X
600528,中铁工业,2026-08-06,7.21,-0.55%,"形态: 两连阴 (-1.74%, -1.36%) | 趋势: 高于MA20",7.12,7.15,0.84X
001216,华瓷股份,2026-08-06,14.01,-1.20%,趋势: 高于MA20,13.64,15.21,1.07X
000800,一汽解放,2026-08-06,6.24,-2.04%,"趋势: 多头排列 (5>20>60) | 形态: 两连阴 (-1.23%, -1.24%)",6.31,6.18,1.03X
000553,安道麦A,2026-08-06,5.5,2.61%,趋势: 高于MA20 | 动量: 突破转强 (阳线上穿5/10),5.33,5.83,1.28X
603989,艾华集团,2026-08-06,27.92,2.50%,形态: 10日内有涨停 | 动量: 突破转强 (阳线上穿5/10),29.33,34.33,1.06X
600648,外高桥,2026-08-06,9.06,1.68%,趋势: 高于MA20 | 动量: 突破转强 (阳线上穿5/10),8.61,8.88,0.93X
000421,南京公用,2026-08-06,5.4,-0.37%,趋势: 高于MA20,5.31,5.50,0.94X
600490,鹏欣资源,2026-07-15,5.88,-0.84%,形态: 10日内有涨停,6.28,7.41,1.01X
601669,中国电建,2026-08-06,4.81,-0.82%,"形态: 两连阴 (-1.01%, -0.82%) | 趋势: 高于MA20",4.79,5.01,0.84X
603317,天味食品,2026-08-06,14.27,-3.78%,趋势: 高于MA20,14.08,14.21,1.08X
601121,宝地矿业,2026-08-06,7.02,-0.43%,趋势: 多头排列 (5>20>60) | 趋势: 高于MA20,6.70,6.51,1.11X
603231,索宝蛋白,2026-08-06,15.28,1.53%,趋势: 高于MA20 | 动量: 突破转强 (阳线上穿5/10),14.67,15.43,1.02X
002588,史丹利,2026-08-06,8.69,-0.80%,"形态: 两连阴 (-2.12%, -0.34%) | 趋势: 高于MA20",8.59,8.78,1.00X
000410,沈阳机床,2026-08-06,4.88,-0.81%,趋势: 高于MA20,4.72,5.05,0.92X
600897,厦门空港,2026-07-15,14.85,1.30%,趋势: 高于MA20 | 动量: 突破转强 (阳线上穿5/10),14.77,15.20,1.03X
600084,中信尼雅,2026-08-07,4.23,-3.42%,趋势: 高于MA20,4.22,4.39,1.17X
600872,中炬高新,2026-08-06,19.26,-2.33%,"趋势: 多头排列 (5>20>60) | 形态: 两连阴 (-1.78%, -0.55%) | 趋势: 高于MA20",19.00,18.69,0.94X
600876,凯盛新能,2026-08-06,7.03,0.57%,"形态: 两连阴 (-0.85%, -0.14%) | 趋势: 高于MA20 | 动量: 突破转强 (阳线上穿5/10)",6.63,7.78,0.77X
002171,楚江新材,2026-08-06,9.86,-1.20%,趋势: 高于MA20,9.64,11.88,1.12X
600218,全柴动力,2026-08-06,7.55,-0.53%,"形态: 两连阴 (-0.91%, -0.26%) | 趋势: 高于MA20",7.33,7.87,0.78X
603311,金海高科,2026-07-15,28.29,0.14%,"形态: 两连阴 (-7.91%, -0.11%)",33.18,29.50,0.82X
000911,广农糖业,2026-08-06,4.48,1.36%,量能: 放量 (1.58X) | 趋势: 高于MA20 | 动量: 突破转强 (阳线上穿5/10),4.13,4.66,1.58X
002381,双箭股份,2026-08-06,5.36,1.13%,"形态: 两连阴 (-0.74%, -0.93%) | 趋势: 高于MA20 | 动量: 突破转强 (阳线上穿5/10)",5.19,5.52,0.81X
603221,爱丽家居,2026-07-15,11.41,-2.65%,"形态: 10日内有涨停 | 形态: 两连阴 (-2.32%, -0.42%) | 趋势: 高于MA20",11.10,11.88,0.77X
002091,江苏国泰,2026-08-06,7.7,-1.28%,"形态: 两连阴 (-2.37%, -0.38%) | 趋势: 高于MA20",7.59,7.92,0.87X
600869,远东股份,2026-08-06,15.6,3.04%,动量: 突破转强 (阳线上穿5/10),16.29,23.89,1.16X
000703,恒逸石化,2026-08-06,17.2,4.94%,趋势: 多头排列 (5>20>60) | 趋势: 高于MA20 | 动量: 突破转强 (阳线上穿5/10),15.24,14.27,1.18X
603817,海峡环保,2026-07-15,5.61,1.08%,趋势: 高于MA20 | 动量: 突破转强 (阳线上穿5/10),5.42,6.27,1.18X
002825,纳尔股份,2026-08-06,8.5,0.71%,趋势: 高于MA20 | 动量: 突破转强 (阳线上穿5/10),7.93,9.04,1.19X
002357,富临运业,2026-08-06,8.97,0.34%,趋势: 高于MA20 | 动量: 突破转强 (阳线上穿5/10),8.66,9.57,0.81X
000877,天山股份,2026-08-06,3.84,1.05%,"形态: 两连阴 (-0.78%, -0.78%) | 趋势: 高于MA20 | 动量: 突破转强 (阳线上穿5/10)",3.71,3.96,1.36X
002492,恒基达鑫,2026-08-06,5.62,1.63%,趋势: 高于MA20 | 动量: 突破转强 (阳线上穿5/10),5.22,5.81,0.97X
002180,纳思达,2026-08-06,19.69,10.00%,趋势: 多头排列 (5>20>60) | 形态: 10日内有涨停 | 趋势: 高于MA20 | 动量: 突破转强 (阳线上穿5/10),16.75,16.14,0.66X
600620,天宸股份,2026-08-06,4.25,0.47%,"形态: 两连阴 (-0.47%, -0.24%) | 趋势: 高于MA20 | 动量: 突破转强 (阳线上穿5/10)",4.04,4.37,0.84X
600327,大东方,2026-08-06,3.61,0.28%,趋势: 多头排列 (5>20>60) | 趋势: 高于MA20,3.53,3.51,1.11X
603998,方盛制药,2026-08-06,9.41,-0.42%,"形态: 两连阴 (-0.21%, -0.94%)",9.53,9.67,0.83X
002101,广东鸿图,2026-08-06,8.89,-1.00%,"形态: 两连阴 (-0.87%, -0.99%) | 趋势: 高于MA20",8.89,9.01,0.95X
601577,长沙银行,2026-08-06,9.34,0.32%,"趋势: 多头排列 (5>20>60) | 形态: 两连阴 (-2.78%, -1.38%)",9.34,9.29,0.86X
002627,三峡旅游,2026-08-06,6.38,-0.62%,趋势: 高于MA20,5.95,6.31,0.72X
603836,海程邦达,2026-08-06,8.75,0.81%,"形态: 两连阴 (-0.11%, -0.57%) | 趋势: 高于MA20 | 动量: 突破转强 (阳线上穿5/10)",8.38,10.22,0.72X
001391,国货航,2026-08-06,4.25,-1.62%,"形态: 两连阴 (-1.37%, -0.23%)",4.28,4.60,1.09X
603071,物产环能,2026-08-06,11.98,0.00%,"形态: 两连阴 (-1.23%, -0.17%) | 趋势: 高于MA20",11.88,12.41,1.18X
603806,福斯特,2026-08-06,15.04,-1.31%,趋势: 高于MA20,14.37,15.92,0.86X
000833,粤桂股份,2026-08-06,20.37,0.10%,趋势: 高于MA20 | 动量: 突破转强 (阳线上穿5/10),19.63,22.67,1.10X
002548,金新农,2026-07-15,4.19,4.75%,"量能: 放量 (1.56X) | 形态: 10日内有涨停 | 形态: 两连阴 (-3.34%, -1.23%) | 趋势: 高于MA20 | 动量: 突破转强 (阳线上穿5/10)",3.89,4.33,1.56X
601969,海南矿业,2026-07-15,8.47,-1.17%,形态: 10日内有涨停 | 趋势: 高于MA20,8.38,9.87,1.32X
601811,新华文轩,2026-08-06,12.02,-1.96%,"形态: 两连阴 (-2.21%, -0.97%)",12.17,12.24,0.97X
600535,天士力,2026-08-06,15.49,-1.46%,"趋势: 多头排列 (5>20>60) | 形态: 两连阴 (-0.31%, -0.82%)",15.60,14.59,1.13X
002815,崇达技术,2026-08-06,12.44,1.06%,动量: 突破转强 (阳线上穿5/10),13.07,15.71,1.06X
600817,宇通重工,2026-08-06,9.26,-0.75%,趋势: 高于MA20,9.16,9.35,0.87X
000949,新乡化纤,2026-08-06,6.48,0.47%,趋势: 高于MA20 | 动量: 突破转强 (阳线上穿5/10),5.78,6.68,0.72X
002820,桂发祥,2026-07-15,8.76,1.51%,趋势: 高于MA20 | 动量: 突破转强 (阳线上穿5/10),8.68,9.90,0.97X
601086,国芳集团,2026-08-06,7.85,-1.01%,形态: 10日内有涨停 | 趋势: 高于MA20,7.29,7.42,0.60X
000598,兴蓉环境,2026-08-07,7.12,-0.56%,趋势: 多头排列 (5>20>60),7.17,6.89,0.75X
603170,宝立食品,2026-08-06,13.01,-0.91%,趋势: 多头排列 (5>20>60) | 趋势: 高于MA20,12.39,12.18,0.66X
603045,福达合金,2026-08-06,54.2,1.19%,量能: 放量 (1.54X) | 形态: 10日内有涨停 | 动量: 突破转强 (阳线上穿5/10),54.90,68.50,1.54X
601008,连云港,2026-08-06,4.34,-1.59%,趋势: 高于MA20,4.33,4.39,1.13X
605001,威奥股份,2026-08-06,5.47,1.30%,"形态: 两连阴 (-0.18%, -0.55%) | 趋势: 高于MA20 | 动量: 突破转强 (阳线上穿5/10)",5.22,5.87,0.96X
601865,福莱特,2026-08-06,10.68,-2.29%,形态: 10日内有涨停 | 趋势: 高于MA20,9.79,10.69,0.76X
601838,成都银行,2026-08-06,17.97,0.45%,"形态: 两连阴 (-2.17%, -1.00%)",18.33,18.61,0.62X
600335,国机汽车,2026-08-06,5.13,-1.35%,"形态: 两连阴 (-1.87%, -0.76%) | 趋势: 高于MA20",5.10,5.25,1.05X
605151,西上海,2026-08-06,17.99,1.07%,趋势: 高于MA20 | 动量: 突破转强 (阳线上穿5/10),16.94,19.20,0.79X
600011,华能国际,2026-08-06,7.01,-1.54%,"形态: 两连阴 (-1.10%, -1.25%)",7.10,7.57,1.14X
000848,承德露露,2026-08-06,8.87,-1.33%,"趋势: 多头排列 (5>20>60) | 形态: 两连阴 (-2.80%, -0.55%) | 趋势: 高于MA20",8.51,8.22,0.79X
002264,新 华 都,2026-08-06,6.63,-1.04%,趋势: 高于MA20,6.21,6.38,0.89X
000636,风华高科,2026-08-06,58.28,0.83%,形态: 10日内有涨停 | 趋势: 高于MA20 | 动量: 突破转强 (阳线上穿5/10),49.71,55.08,1.00X
002826,易明医药,2026-08-06,18.15,10.00%,量能: 放量 (1.62X) | 形态: 10日内有涨停 | 趋势: 高于MA20 | 动量: 突破转强 (阳线上穿5/10),16.29,16.82,1.62X
002403,爱仕达,2026-08-06,9.57,1.92%,趋势: 高于MA20 | 动量: 突破转强 (阳线上穿5/10),8.80,9.80,0.77X
603178,圣龙股份,2026-08-06,16.95,-3.91%,形态: 10日内有涨停 | 趋势: 高于MA20,16.07,16.89,0.88X
603588,高能环境,2026-08-06,14.02,-0.78%,趋势: 高于MA20,12.99,14.27,1.07X
002930,宏川智慧,2026-08-06,9.08,1.34%,趋势: 高于MA20 | 动量: 突破转强 (阳线上穿5/10),8.43,10.06,0.99X
603901,永创智能,2026-08-06,9.69,0.73%,趋势: 高于MA20 | 动量: 突破转强 (阳线上穿5/10),9.27,10.59,0.94X
002140,东华科技,2026-08-06,9.15,0.66%,"形态: 两连阴 (-0.54%, -0.44%) | 趋势: 高于MA20 | 动量: 突破转强 (阳线上穿5/10)",8.84,9.57,1.12X
600186,莲花控股,2026-08-06,9.68,1.04%,形态: 10日内有涨停 | 趋势: 高于MA20 | 动量: 突破转强 (阳线上穿5/10),9.10,11.00,1.06X
002245,蔚蓝锂芯,2026-08-06,16.99,1.19%,动量: 突破转强 (阳线上穿5/10),17.19,19.94,1.00X
002282,博深股份,2026-08-06,5.87,0.00%,趋势: 高于MA20,5.73,5.99,0.86X
603636,南威软件,2026-08-06,7.24,0.56%,趋势: 高于MA20 | 动量: 突破转强 (阳线上穿5/10),6.65,8.40,0.87X
002073,软控股份,2026-08-06,5.65,-1.40%,"形态: 两连阴 (-0.68%, -1.21%) | 趋势: 高于MA20",5.51,5.56,0.89X
002216,三全食品,2026-08-06,12.85,-1.00%,趋势: 多头排列 (5>20>60),12.88,12.71,0.80X
605136,丽人丽妆,2026-08-07,8.23,-0.60%,形态: 10日内有涨停 | 趋势: 高于MA20,7.69,8.24,0.86X
603967,中创物流,2026-08-06,11.4,-0.96%,趋势: 高于MA20,11.29,11.72,0.79X
002842,翔鹭钨业,2026-07-15,35.96,-5.94%,形态: 10日内有涨停,43.91,38.13,0.92X
603327,福蓉科技,2026-08-07,8.99,-1.75%,趋势: 高于MA20,8.61,9.53,0.80X
002766,索菱股份,2026-08-06,4.43,0.91%,量能: 放量 (2.79X) | 形态: 10日内有涨停 | 趋势: 高于MA20 | 动量: 突破转强 (阳线上穿5/10),3.75,4.10,2.79X
001236,弘业期货,2026-08-06,7.63,-1.17%,趋势: 高于MA20,7.28,7.73,0.88X
002038,双鹭药业,2026-07-15,6.69,-5.11%,形态: 10日内有涨停 | 趋势: 高于MA20,5.96,6.15,1.32X
601949,中国出版,2026-08-06,5.4,-2.00%,趋势: 多头排列 (5>20>60) | 趋势: 高于MA20,5.17,5.12,0.86X
600088,中视传媒,2026-08-06,11.79,-1.50%,趋势: 高于MA20,11.27,12.85,0.83X
002295,精艺股份,2026-08-06,8.6,0.35%,趋势: 高于MA20 | 动量: 突破转强 (阳线上穿5/10),8.06,9.24,0.87X
600671,天目药业,2026-08-06,21.88,-0.82%,趋势: 多头排列 (5>20>60) | 趋势: 高于MA20,20.51,18.62,0.89X
000425,徐工机械,2026-07-15,8.39,2.07%,量能: 放量 (1.60X),8.48,9.35,1.60X
603165,荣晟环保,2026-08-06,13.8,-0.50%,趋势: 高于MA20,13.18,14.83,0.64X
601952,苏垦农发,2026-08-06,8.3,1.22%,"量能: 放量 (1.68X) | 形态: 两连阴 (-1.43%, -0.85%) | 趋势: 高于MA20 | 动量: 突破转强 (阳线上穿5/10)",8.07,8.25,1.68X
600222,太龙药业,2026-08-06,7.63,2.55%,趋势: 高于MA20 | 动量: 突破转强 (阳线上穿5/10),7.27,7.58,0.84X
000528,柳    工,2026-08-06,8.38,-0.95%,"形态: 两连阴 (-2.75%, -0.47%)",8.39,8.47,0.94X
000612,焦作万方,2026-07-15,10.84,-0.28%,趋势: 高于MA20,10.81,11.82,1.08X
600901,江苏金租,2026-08-06,6.4,0.47%,趋势: 多头排列 (5>20>60),6.40,6.34,0.74X
002923,润都股份,2026-08-06,10.8,-0.83%,趋势: 高于MA20,10.73,10.64,0.94X
600724,宁波富达,2026-08-06,5.11,1.59%,趋势: 高于MA20 | 动量: 突破转强 (阳线上穿5/10),4.99,5.97,1.00X
600830,香溢融通,2026-08-06,8.1,0.50%,趋势: 高于MA20 | 动量: 突破转强 (阳线上穿5/10),7.94,8.32,1.12X
002875,安奈儿,2026-08-06,14.01,3.93%,量能: 放量 (1.73X) | 趋势: 高于MA20 | 动量: 突破转强 (阳线上穿5/10),12.36,16.35,1.73X
600305,恒顺醋业,2026-08-06,6.88,-1.29%,"形态: 两连阴 (-1.82%, -0.71%) | 趋势: 高于MA20",6.82,6.87,0.91X
600429,三元股份,2026-07-15,4.33,3.10%,趋势: 高于MA20 | 动量: 突破转强 (阳线上穿5/10),4.17,4.85,1.00X
000501,武商集团,2026-08-06,7.16,-0.14%,"形态: 两连阴 (-0.69%, -0.97%) | 趋势: 高于MA20",7.00,7.19,0.99X
600007,中国国贸,2026-08-06,18.41,-0.27%,"形态: 两连阴 (-2.05%, -0.75%)",19.13,19.95,0.68X
003038,鑫铂股份,2026-08-06,10.75,-0.09%,趋势: 高于MA20,10.20,11.61,0.99X
600493,凤竹纺织,2026-08-06,5.92,1.89%,趋势: 高于MA20 | 动量: 突破转强 (阳线上穿5/10),5.58,6.16,0.87X
000729,燕京啤酒,2026-08-07,12.65,-0.16%,趋势: 多头排列 (5>20>60) | 趋势: 高于MA20,12.36,11.73,0.75X
600526,菲达环保,2026-08-06,4.4,-0.45%,"形态: 两连阴 (-1.33%, -0.45%) | 趋势: 高于MA20",4.33,4.50,0.87X
603687,大胜达,2026-08-06,14.44,2.41%,趋势: 高于MA20 | 动量: 突破转强 (阳线上穿5/10),13.30,16.27,0.99X
000878,云南铜业,2026-08-06,16.6,-1.01%,趋势: 高于MA20,15.42,16.67,1.36X
600235,民丰特纸,2026-08-06,5.48,0.92%,"形态: 两连阴 (-0.36%, -1.45%) | 趋势: 高于MA20 | 动量: 突破转强 (阳线上穿5/10)",5.20,5.56,0.72X
000978,桂林旅游,2026-08-06,6.05,-0.49%,趋势: 高于MA20,5.67,5.89,0.83X
000045,深纺织Ａ,2026-08-06,10.13,1.50%,形态: 10日内有涨停 | 趋势: 高于MA20 | 动量: 突破转强 (阳线上穿5/10),9.35,10.45,1.03X
603225,新凤鸣,2026-08-06,19.69,2.29%,趋势: 高于MA20 | 动量: 突破转强 (阳线上穿5/10),18.55,18.96,0.97X
002570,贝因美,2026-08-06,4.43,0.00%,趋势: 高于MA20,4.18,4.53,0.89X
000514,渝 开 发,2026-08-06,3.95,1.02%,趋势: 高于MA20 | 动量: 突破转强 (阳线上穿5/10),3.76,4.04,0.88X
600960,渤海汽车,2026-08-06,4.0,0.25%,"形态: 两连阴 (-0.50%, -0.25%) | 趋势: 高于MA20 | 动量: 突破转强 (阳线上穿5/10)",3.75,4.11,1.09X
002598,山东章鼓,2026-08-06,6.66,0.60%,趋势: 高于MA20 | 动量: 突破转强 (阳线上穿5/10),6.46,6.94,1.05X
002797,第一创业,2026-08-06,6.61,-1.05%,趋势: 高于MA20,6.55,6.73,1.30X
002574,明牌珠宝,2026-08-06,4.59,0.88%,趋势: 高于MA20 | 动量: 突破转强 (阳线上穿5/10),4.32,4.62,1.46X
000825,太钢不锈,2026-08-06,3.57,-1.65%,"形态: 两连阴 (-1.09%, -0.27%) | 趋势: 高于MA20",3.54,3.68,1.03X
000561,烽火电子,2026-08-06,7.62,0.00%,趋势: 高于MA20,7.25,7.77,0.91X
600507,方大特钢,2026-08-06,4.34,-1.14%,"形态: 两连阴 (-2.83%, -1.57%)",4.35,4.40,0.94X
002655,共达电声,2026-08-06,27.84,2.84%,形态: 10日内有涨停 | 趋势: 高于MA20 | 动量: 突破转强 (阳线上穿5/10),27.49,35.42,1.23X
600283,钱江水利,2026-08-06,7.94,-0.87%,趋势: 高于MA20,7.79,8.26,0.89X
603997,继峰股份,2026-08-06,12.83,-2.51%,趋势: 高于MA20,12.19,12.83,1.13X
002691,冀凯股份,2026-08-06,4.25,0.24%,趋势: 高于MA20 | 动量: 突破转强 (阳线上穿5/10),3.86,4.53,0.74X
000913,钱江摩托,2026-08-06,11.71,-2.17%,趋势: 高于MA20,11.16,11.30,0.82X
002593,日上集团,2026-08-06,4.37,0.23%,趋势: 高于MA20 | 动量: 突破转强 (阳线上穿5/10),4.21,4.42,1.02X
603218,日月股份,2026-08-06,10.08,-0.49%,"形态: 两连阴 (-2.20%, -0.88%) | 趋势: 高于MA20",9.79,10.67,0.76X
600712,南宁百货,2026-07-15,4.86,1.89%,趋势: 高于MA20 | 动量: 突破转强 (阳线上穿5/10),4.83,5.55,1.12X
002144,宏达高科,2026-08-06,10.58,1.93%,"形态: 两连阴 (-0.19%, -0.29%) | 趋势: 高于MA20 | 动量: 突破转强 (阳线上穿5/10)",10.01,10.96,1.09X
002565,顺灏股份,2026-08-06,9.88,4.44%,量能: 放量 (2.28X) | 趋势: 高于MA20 | 动量: 突破转强 (阳线上穿5/10),9.17,12.52,2.28X
001322,箭牌家居,2026-08-06,6.16,-0.48%,趋势: 高于MA20,6.15,7.10,0.97X
000683,博源化工,2026-08-06,6.12,2.68%,趋势: 高于MA20,5.91,6.49,0.86X
603618,杭电股份,2026-08-06,26.51,1.11%,形态: 10日内有涨停 | 动量: 突破转强 (阳线上穿5/10),26.93,38.03,1.16X
600271,航天信息,2026-08-06,7.04,0.28%,"形态: 两连阴 (-0.28%, -0.85%) | 趋势: 高于MA20",6.74,7.07,1.07X
002153,石基信息,2026-08-06,8.54,-0.35%,趋势: 高于MA20,7.87,8.01,0.72X
002178,延华智能,2026-08-06,4.58,-0.65%,趋势: 高于MA20,4.34,4.93,0.91X
600278,东方创业,2026-08-06,6.28,0.16%,"形态: 两连阴 (-0.94%, -0.63%) | 趋势: 高于MA20",6.15,6.36,0.89X
600839,四川长虹,2026-08-06,6.98,-0.99%,趋势: 高于MA20,6.96,7.15,1.00X
601728,中国电信,2026-08-06,6.3,1.12%,"趋势: 多头排列 (5>20>60) | 形态: 两连阴 (-2.78%, -0.95%) | 趋势: 高于MA20",6.11,5.99,0.78X
603318,水发燃气,2026-08-06,9.26,3.12%,趋势: 高于MA20 | 动量: 突破转强 (阳线上穿5/10),8.53,9.21,1.34X
600056,中国医药,2026-08-06,9.2,-1.39%,"形态: 两连阴 (-0.94%, -1.58%)",9.44,9.41,1.28X
002728,特一药业,2026-08-06,9.43,2.61%,量能: 放量 (1.56X) | 趋势: 高于MA20 | 动量: 突破转强 (阳线上穿5/10),9.17,8.93,1.56X
603633,徕木股份,2026-08-07,6.27,0.00%,趋势: 高于MA20,5.83,7.12,1.05X
605122,四方新材,2026-08-06,10.95,1.01%,趋势: 高于MA20 | 动量: 突破转强 (阳线上穿5/10),10.31,11.72,0.70X
600319,亚星化学,2026-08-06,6.12,3.55%,趋势: 高于MA20 | 动量: 突破转强 (阳线上穿5/10),5.59,6.57,1.00X
600428,中远海特,2026-08-07,11.95,-0.42%,趋势: 多头排列 (5>20>60) | 趋势: 高于MA20,11.05,9.02,1.02X
600463,空港股份,2026-08-06,7.95,0.89%,趋势: 高于MA20 | 动量: 突破转强 (阳线上穿5/10),7.59,8.56,0.99X
600452,涪陵电力,2026-08-06,9.71,-1.62%,"形态: 两连阴 (-0.50%, -0.60%) | 趋势: 高于MA20",9.63,10.63,0.92X
605369,拱东医疗,2026-08-06,16.95,0.71%,趋势: 高于MA20 | 动量: 突破转强 (阳线上穿5/10),16.30,17.44,0.93X
001239,永达股份,2026-08-06,11.74,0.43%,趋势: 高于MA20 | 动量: 突破转强 (阳线上穿5/10),11.59,13.10,0.78X
603212,赛伍技术,2026-08-06,11.21,-0.09%,趋势: 高于MA20,10.58,12.99,0.89X
605108,同庆楼,2026-08-06,12.74,0.31%,"形态: 10日内有涨停 | 形态: 两连阴 (-1.24%, -0.47%) | 趋势: 高于MA20",12.11,12.58,0.73X
600505,西昌电力,2026-08-06,11.31,-0.53%,"形态: 两连阴 (-1.55%, -0.52%) | 趋势: 高于MA20",11.12,12.17,0.83X
002734,利民股份,2026-08-06,16.15,6.53%,量能: 放量 (2.11X) | 形态: 10日内有涨停 | 趋势: 高于MA20 | 动量: 突破转强 (阳线上穿5/10),14.05,15.95,2.11X
600595,中孚实业,2026-07-15,6.46,1.57%,形态: 10日内有涨停 | 趋势: 高于MA20 | 动量: 突破转强 (阳线上穿5/10),5.92,6.98,1.25X
002386,天原股份,2026-08-06,5.92,1.20%,趋势: 高于MA20 | 动量: 突破转强 (阳线上穿5/10),5.74,5.90,1.43X
603808,歌力思,2026-08-06,8.03,1.77%,"形态: 两连阴 (-1.00%, -0.38%) | 趋势: 高于MA20 | 动量: 突破转强 (阳线上穿5/10)",7.56,8.36,0.79X
000795,英洛华,2026-08-06,8.64,0.00%,趋势: 高于MA20,8.34,8.89,1.36X
000089,深圳机场,2026-08-06,6.59,-0.45%,"趋势: 多头排列 (5>20>60) | 形态: 两连阴 (-2.20%, -0.90%) | 趋势: 高于MA20",6.58,6.52,0.94X
002735,王子新材,2026-08-06,11.78,0.94%,趋势: 高于MA20 | 动量: 突破转强 (阳线上穿5/10),10.85,14.41,0.77X
600198,大唐电信,2026-08-06,7.28,0.41%,趋势: 高于MA20 | 动量: 突破转强 (阳线上穿5/10),7.14,8.37,1.09X
603089,正裕工业,2026-08-06,8.76,1.51%,"形态: 两连阴 (-0.69%, -0.23%) | 趋势: 高于MA20 | 动量: 突破转强 (阳线上穿5/10)",8.27,9.31,0.82X
002580,圣阳股份,2026-08-06,19.11,-6.28%,形态: 10日内有涨停 | 趋势: 高于MA20,17.38,21.10,0.93X
603279,景津装备,2026-08-06,12.98,-0.61%,趋势: 高于MA20,12.83,13.58,0.81X
600356,恒丰纸业,2026-08-06,8.32,-0.24%,"形态: 两连阴 (-1.42%, -0.24%) | 趋势: 高于MA20",7.90,8.35,0.61X
000619,海螺新材,2026-08-06,4.68,1.30%,趋势: 高于MA20 | 动量: 突破转强 (阳线上穿5/10),4.40,4.92,1.03X
601339,百隆东方,2026-08-06,8.15,-3.32%,趋势: 多头排列 (5>20>60) | 趋势: 高于MA20,7.93,7.57,1.11X
600469,风神股份,2026-08-06,5.35,-0.37%,趋势: 高于MA20,5.28,5.60,0.81X
002331,皖通科技,2026-08-06,7.05,0.86%,趋势: 高于MA20 | 动量: 突破转强 (阳线上穿5/10),6.68,7.78,0.84X
002996,顺博合金,2026-08-06,6.26,-0.32%,趋势: 高于MA20,6.13,6.40,1.07X
002330,得利斯,2026-07-15,3.82,1.87%,趋势: 高于MA20 | 动量: 突破转强 (阳线上穿5/10),3.64,4.11,0.87X
002215,诺 普 信,2026-08-06,9.12,-0.65%,趋势: 高于MA20,8.90,9.06,1.02X
002682,龙洲股份,2026-08-06,4.46,0.00%,趋势: 高于MA20,4.17,4.67,0.77X
601003,柳钢股份,2026-08-06,3.92,-1.26%,"形态: 10日内有涨停 | 形态: 两连阴 (-0.25%, -0.25%) | 趋势: 高于MA20",3.67,3.68,0.90X
601808,中海油服,2026-08-06,12.23,0.58%,"形态: 两连阴 (-1.97%, -2.09%) | 趋势: 高于MA20",12.09,12.32,0.77X
603639,海利尔,2026-08-06,10.61,0.19%,趋势: 高于MA20,10.47,10.71,0.74X
603477,巨星农牧,2026-08-06,14.96,0.07%,动量: 突破转强 (阳线上穿5/10),15.04,15.22,0.76X
002064,华峰化学,2026-08-06,11.82,2.34%,趋势: 多头排列 (5>20>60) | 趋势: 高于MA20 | 动量: 突破转强 (阳线上穿5/10),10.72,10.51,1.03X
600597,光明乳业,2026-08-07,6.72,-1.61%,"趋势: 多头排列 (5>20>60) | 形态: 两连阴 (-1.42%, -1.30%)",6.81,6.72,1.32X
003016,欣贺股份,2026-08-06,6.77,0.30%,"形态: 两连阴 (-0.29%, -0.30%) | 趋势: 高于MA20 | 动量: 突破转强 (阳线上穿5/10)",6.50,6.84,0.82X
002055,得润电子,2026-08-06,5.64,1.81%,趋势: 高于MA20 | 动量: 突破转强 (阳线上穿5/10),5.63,6.27,0.94X
002921,联诚精密,2026-08-06,22.98,-0.30%,形态: 10日内有涨停 | 趋势: 高于MA20,22.29,25.16,0.56X
603303,得邦照明,2026-08-06,20.42,2.46%,趋势: 高于MA20 | 动量: 突破转强 (阳线上穿5/10),20.08,24.45,0.89X
000875,吉电股份,2026-08-06,5.24,-2.06%,"形态: 两连阴 (-3.23%, -0.74%) | 趋势: 高于MA20",5.16,5.74,0.98X
600377,宁沪高速,2026-08-06,11.89,-0.42%,"形态: 两连阴 (-3.15%, -0.50%)",12.13,12.26,0.56X
600269,赣粤高速,2026-08-06,3.95,-1.74%,"形态: 两连阴 (-2.86%, -1.47%)",4.04,4.16,1.16X
000679,大连友谊,2026-08-06,6.02,3.26%,趋势: 高于MA20 | 动量: 突破转强 (阳线上穿5/10),5.64,6.21,1.01X
002798,帝欧水华,2026-08-07,5.6,0.36%,趋势: 高于MA20 | 动量: 突破转强 (阳线上穿5/10),5.13,5.94,1.15X
603798,康普顿,2026-08-06,13.54,3.52%,形态: 10日内有涨停 | 趋势: 高于MA20 | 动量: 突破转强 (阳线上穿5/10),11.91,14.45,0.87X
002917,金奥博,2026-08-06,10.55,1.25%,趋势: 高于MA20 | 动量: 突破转强 (阳线上穿5/10),9.99,11.53,1.13X
002910,庄园牧场,2026-07-15,9.19,1.10%,"形态: 10日内有涨停 | 形态: 两连阴 (-9.96%, -5.11%)",11.29,10.79,0.75X
605177,东亚药业,2026-08-06,16.66,0.18%,趋势: 高于MA20 | 动量: 突破转强 (阳线上穿5/10),15.60,18.53,0.81X
002035,华帝股份,2026-08-06,4.82,-0.62%,"形态: 两连阴 (-1.62%, -0.41%) | 趋势: 高于MA20",4.77,4.90,0.83X
000524,岭南控股,2026-08-07,9.33,-0.11%,"形态: 两连阴 (-0.21%, -0.32%) | 趋势: 高于MA20",8.75,9.12,1.08X
000958,电投产融,2026-08-06,5.53,0.55%,"形态: 两连阴 (-0.89%, -0.90%) | 趋势: 高于MA20",5.43,5.76,0.77X
603866,桃李面包,2026-08-06,4.31,-0.23%,"形态: 两连阴 (-2.04%, -0.23%) | 趋势: 高于MA20",4.13,4.25,0.87X
600080,金花股份,2026-08-06,4.89,-0.41%,趋势: 高于MA20,4.78,5.02,0.76X
002539,云图控股,2026-08-06,12.02,-2.20%,趋势: 高于MA20,10.97,11.82,0.93X
600037,歌华有线,2026-08-06,7.07,-0.84%,"形态: 两连阴 (-0.14%, -1.38%) | 趋势: 高于MA20",6.77,6.86,0.95X
002391,长青股份,2026-08-06,5.28,0.38%,趋势: 高于MA20 | 动量: 突破转强 (阳线上穿5/10),5.14,5.36,0.72X
601816,京沪高铁,2026-08-06,5.08,0.20%,"趋势: 多头排列 (5>20>60) | 形态: 两连阴 (-1.34%, -1.55%) | 趋势: 高于MA20",4.97,4.86,0.64X
601985,中国核电,2026-08-06,8.83,0.11%,"形态: 两连阴 (-1.11%, -1.23%)",8.94,8.98,0.89X
002520,日发精机,2026-08-06,5.72,0.70%,趋势: 高于MA20 | 动量: 突破转强 (阳线上穿5/10),5.61,6.32,1.01X
603912,佳力图,2026-08-06,7.8,0.00%,形态: 10日内有涨停 | 趋势: 高于MA20,7.12,8.34,1.02X
600755,厦门国贸,2026-08-06,5.72,-0.87%,"趋势: 多头排列 (5>20>60) | 形态: 两连阴 (-2.19%, -0.69%)",5.83,5.80,1.13X
002908,德生科技,2026-08-06,7.35,-3.03%,量能: 放量 (2.27X) | 形态: 10日内有涨停 | 趋势: 高于MA20,6.57,7.01,2.27X
002347,泰尔股份,2026-08-06,5.93,0.34%,趋势: 高于MA20 | 动量: 突破转强 (阳线上穿5/10),5.45,6.34,0.81X
601068,中铝国际,2026-07-15,4.34,0.70%,动量: 突破转强 (阳线上穿5/10),4.44,5.31,1.07X
002493,荣盛石化,2026-08-06,13.14,6.05%,趋势: 多头排列 (5>20>60) | 量能: 放量 (1.60X) | 趋势: 高于MA20 | 动量: 突破转强 (阳线上穿5/10),11.81,11.66,1.60X
603006,联明股份,2026-08-06,11.07,1.75%,趋势: 高于MA20 | 动量: 突破转强 (阳线上穿5/10),10.49,12.65,0.95X
000678,襄阳轴承,2026-08-06,8.94,-0.89%,趋势: 高于MA20,8.18,9.81,0.83X
000995,皇台酒业,2026-08-06,10.79,-1.01%,趋势: 高于MA20,10.00,11.12,1.10X
603809,豪能股份,2026-08-06,9.41,-1.36%,"形态: 两连阴 (-1.24%, -0.10%) | 趋势: 高于MA20",8.96,9.69,0.91X
601101,昊华能源,2026-08-06,12.72,10.03%,形态: 10日内有涨停 | 趋势: 高于MA20 | 动量: 突破转强 (阳线上穿5/10),11.26,11.56,1.08X
003039,顺控发展,2026-08-06,11.97,0.00%,"形态: 两连阴 (-0.41%, -1.56%) | 趋势: 高于MA20",11.54,12.08,0.84X
603718,海利生物,2026-08-06,2.89,0.00%,"形态: 两连阴 (-1.02%, -0.34%) | 趋势: 高于MA20",2.81,3.07,1.10X
601609,金田股份,2026-08-06,10.26,-1.54%,趋势: 高于MA20,9.95,11.51,1.17X
603126,中材节能,2026-08-06,6.03,0.17%,"形态: 两连阴 (-0.16%, -0.99%) | 趋势: 高于MA20 | 动量: 突破转强 (阳线上穿5/10)",5.84,6.86,0.89X
002771,真视通,2026-08-06,12.94,-0.54%,趋势: 高于MA20,11.98,13.76,0.88X
002998,优彩资源,2026-08-06,7.88,-0.25%,趋势: 高于MA20,7.27,7.63,1.37X
600281,华阳新材,2026-07-15,4.01,1.01%,动量: 突破转强 (阳线上穿5/10),4.20,4.93,0.81X
000506,招金黄金,2026-07-15,12.54,-8.00%,形态: 10日内有涨停,13.17,14.47,1.07X
000417,合百集团,2026-07-15,6.58,-3.66%,"形态: 10日内有涨停 | 形态: 两连阴 (-9.00%, -3.53%)",7.92,7.64,0.88X
002587,奥拓电子,2026-08-06,5.62,1.08%,趋势: 高于MA20 | 动量: 突破转强 (阳线上穿5/10),5.32,6.39,1.15X
600662,外服控股,2026-08-06,4.45,-1.55%,趋势: 高于MA20,4.31,4.33,0.94X
002452,长高电新,2026-08-06,11.53,0.26%,趋势: 高于MA20 | 动量: 突破转强 (阳线上穿5/10),10.83,11.44,0.82X
601038,一拖股份,2026-08-06,13.52,0.07%,"趋势: 多头排列 (5>20>60) | 形态: 两连阴 (-2.41%, -1.75%) | 趋势: 高于MA20",13.18,12.46,0.83X
600546,山煤国际,2026-08-07,13.02,-1.51%,趋势: 高于MA20,12.48,12.79,1.23X
600970,中材国际,2026-07-15,7.54,3.01%,趋势: 高于MA20 | 动量: 突破转强 (阳线上穿5/10),7.48,8.60,1.19X
600623,华谊集团,2026-08-06,8.64,3.47%,量能: 放量 (2.28X) | 趋势: 高于MA20 | 动量: 突破转强 (阳线上穿5/10),8.11,8.52,2.28X
601857,中国石油,2026-08-06,10.68,0.47%,"趋势: 多头排列 (5>20>60) | 形态: 两连阴 (-1.72%, -2.12%) | 趋势: 高于MA20",10.61,10.32,0.89X
002952,亚世光电,2026-08-07,20.18,2.59%,趋势: 高于MA20 | 动量: 突破转强 (阳线上穿5/10),18.69,22.60,1.24X
600029,南方航空,2026-08-06,5.18,-1.15%,趋势: 高于MA20,5.12,5.24,0.97X
600168,武汉控股,2026-08-06,4.3,0.23%,"形态: 两连阴 (-0.91%, -1.15%) | 趋势: 高于MA20",4.26,4.41,0.74X
000531,穗恒运Ａ,2026-08-06,5.84,-2.34%,"形态: 两连阴 (-0.17%, -0.17%)",5.84,6.50,1.14X
002660,茂硕电源,2026-08-06,6.97,3.11%,"量能: 放量 (1.98X) | 形态: 两连阴 (-0.88%, -0.29%) | 趋势: 高于MA20 | 动量: 突破转强 (阳线上穿5/10)",6.37,7.09,1.98X
000026,飞亚达,2026-08-06,17.09,0.06%,趋势: 高于MA20 | 动量: 突破转强 (阳线上穿5/10),16.79,19.63,1.00X
603208,江山欧派,2026-08-06,10.98,0.83%,趋势: 高于MA20 | 动量: 突破转强 (阳线上穿5/10),10.31,11.32,0.89X
002623,亚玛顿,2026-08-06,15.93,-0.44%,趋势: 高于MA20,14.71,17.01,0.50X
000153,丰原药业,2026-08-06,5.56,0.91%,趋势: 高于MA20 | 动量: 突破转强 (阳线上穿5/10),5.46,5.53,0.99X
600930,华电新能,2026-08-06,4.21,-2.09%,"形态: 两连阴 (-0.23%, -0.92%)",4.35,5.21,1.10X
600630,龙头股份,2026-08-06,6.7,0.45%,趋势: 高于MA20 | 动量: 突破转强 (阳线上穿5/10),6.41,7.83,0.99X
600861,北京人力,2026-08-06,13.58,-0.15%,"形态: 两连阴 (-1.22%, -1.02%) | 趋势: 高于MA20",13.21,13.58,0.64X
600838,上海九百,2026-07-15,7.21,2.71%,动量: 突破转强 (阳线上穿5/10),7.27,8.32,1.06X
601512,中新集团,2026-08-06,7.88,0.51%,"形态: 两连阴 (-0.76%, -0.51%) | 趋势: 高于MA20",7.78,8.19,0.79X
600127,金健米业,2026-08-07,6.32,2.43%,量能: 放量 (2.66X) | 形态: 10日内有涨停 | 趋势: 高于MA20 | 动量: 突破转强 (阳线上穿5/10),5.64,5.74,2.66X
600577,精达股份,2026-08-06,8.15,-1.09%,趋势: 高于MA20,7.66,10.42,0.73X
002456,欧菲光,2026-08-06,7.99,1.52%,趋势: 高于MA20 | 动量: 突破转强 (阳线上穿5/10),7.59,8.66,1.17X
600826,兰生股份,2026-08-06,8.03,-2.07%,趋势: 高于MA20,8.01,8.79,1.02X
603566,普莱柯,2026-08-06,10.13,-1.55%,"形态: 两连阴 (-0.67%, -1.25%)",10.34,10.46,1.41X
002322,理工能科,2026-08-06,10.78,0.65%,趋势: 高于MA20 | 动量: 突破转强 (阳线上穿5/10),10.25,10.78,0.78X
000686,东北证券,2026-08-06,8.08,-1.10%,趋势: 高于MA20,8.06,8.12,0.92X
603222,济民健康,2026-08-06,8.59,0.47%,量能: 放量 (1.58X) | 形态: 10日内有涨停 | 趋势: 高于MA20 | 动量: 突破转强 (阳线上穿5/10),8.52,8.62,1.58X
002856,美芝股份,2026-08-06,15.44,2.39%,"形态: 10日内有涨停 | 形态: 两连阴 (-1.68%, -0.79%) | 趋势: 高于MA20 | 动量: 突破转强 (阳线上穿5/10)",14.31,18.63,0.86X
601236,红塔证券,2026-08-06,7.01,-1.27%,"趋势: 多头排列 (5>20>60) | 形态: 两连阴 (-0.56%, -0.42%)",7.04,6.97,0.90X
002806,华锋股份,2026-08-06,13.83,1.99%,趋势: 高于MA20 | 动量: 突破转强 (阳线上穿5/10),13.29,16.12,0.93X
603315,福鞍股份,2026-08-06,12.32,0.16%,形态: 10日内有涨停 | 趋势: 高于MA20 | 动量: 突破转强 (阳线上穿5/10),11.83,14.68,1.03X
002513,蓝丰生化,2026-08-06,5.11,2.61%,趋势: 高于MA20 | 动量: 突破转强 (阳线上穿5/10),4.69,5.25,1.08X
600216,浙江医药,2026-08-06,11.96,-1.32%,"形态: 两连阴 (-0.57%, -0.57%)",12.11,12.32,1.07X
002165,红 宝 丽,2026-08-06,6.7,0.15%,趋势: 高于MA20 | 动量: 突破转强 (阳线上穿5/10),6.17,6.87,0.93X
603088,宁波精达,2026-08-06,9.25,-1.49%,趋势: 高于MA20,8.89,10.03,1.13X
600287,苏豪时尚,2026-08-06,4.65,2.42%,"形态: 两连阴 (-1.08%, -1.09%) | 趋势: 高于MA20 | 动量: 突破转强 (阳线上穿5/10)",4.40,4.75,0.99X
603567,珍宝岛,2026-08-07,7.08,9.94%,"趋势: 多头排列 (5>20>60) | 量能: 放量 (1.57X) | 形态: 10日内有涨停 | 形态: 两连阴 (-1.05%, -2.42%) | 趋势: 高于MA20 | 动量: 突破转强 (阳线上穿5/10)",6.06,6.02,1.57X
002774,快意电梯,2026-08-06,16.13,4.06%,形态: 10日内有涨停 | 趋势: 高于MA20 | 动量: 突破转强 (阳线上穿5/10),15.48,13.67,0.68X
000899,赣能股份,2026-08-06,10.94,-1.17%,趋势: 高于MA20,10.64,11.63,0.97X
002090,金智科技,2026-08-06,9.43,-1.15%,"形态: 两连阴 (-1.03%, -0.83%) | 趋势: 高于MA20",9.01,9.64,0.95X
002427,尤夫股份,2026-07-15,4.14,2.22%,形态: 10日内有涨停,4.59,5.05,0.72X
601918,新集能源,2026-08-06,9.82,4.14%,量能: 放量 (1.75X) | 趋势: 高于MA20 | 动量: 突破转强 (阳线上穿5/10),9.79,9.58,1.75X
600644,乐山电力,2026-08-06,10.35,0.49%,形态: 10日内有涨停 | 趋势: 高于MA20 | 动量: 突破转强 (阳线上穿5/10),9.34,9.80,0.90X
002337,赛象科技,2026-08-06,4.6,1.10%,趋势: 高于MA20 | 动量: 突破转强 (阳线上穿5/10),4.35,4.82,0.86X
600613,神奇制药,2026-08-06,5.0,1.21%,趋势: 高于MA20 | 动量: 突破转强 (阳线上穿5/10),4.90,4.95,1.01X
002449,国星光电,2026-08-06,6.42,0.00%,趋势: 高于MA20,6.25,7.39,1.05X
002233,塔牌集团,2026-08-06,7.62,2.83%,"形态: 两连阴 (-2.36%, -0.40%) | 趋势: 高于MA20 | 动量: 突破转强 (阳线上穿5/10)",7.42,7.67,1.37X
000529,广弘控股,2026-08-06,4.77,1.06%,"形态: 两连阴 (-1.25%, -0.63%) | 趋势: 高于MA20 | 动量: 突破转强 (阳线上穿5/10)",4.65,4.79,0.91X
601117,中国化学,2026-08-06,7.82,1.03%,趋势: 高于MA20 | 动量: 突破转强 (阳线上穿5/10),7.66,7.70,1.19X
000605,渤海股份,2026-08-06,5.81,0.52%,"形态: 两连阴 (-0.86%, -0.17%) | 趋势: 高于MA20 | 动量: 突破转强 (阳线上穿5/10)",5.52,5.91,0.93X
002249,大洋电机,2026-08-06,7.46,-1.32%,趋势: 高于MA20,7.10,8.01,0.95X
002176,江特电机,2026-08-06,9.3,-1.80%,形态: 10日内有涨停 | 趋势: 高于MA20,8.24,10.26,1.04X
600667,太极实业,2026-07-15,20.81,-8.04%,"形态: 10日内有涨停 | 形态: 两连阴 (-10.02%, -0.44%)",25.15,16.97,0.75X
002271,东方雨虹,2026-08-06,11.67,-1.19%,趋势: 高于MA20,11.36,12.35,0.89X
002079,苏州固锝,2026-08-06,9.57,0.53%,动量: 突破转强 (阳线上穿5/10),9.70,11.98,0.92X
603291,联合水务,2026-08-06,8.84,1.38%,趋势: 高于MA20 | 动量: 突破转强 (阳线上穿5/10),8.12,9.18,0.89X
601229,上海银行,2026-08-06,9.3,0.22%,"趋势: 多头排列 (5>20>60) | 形态: 两连阴 (-1.67%, -1.49%) | 趋势: 高于MA20",9.23,9.13,0.62X
603949,雪龙集团,2026-08-06,13.97,0.87%,趋势: 高于MA20 | 动量: 突破转强 (阳线上穿5/10),13.80,15.80,1.02X
603153,上海建科,2026-08-06,13.34,0.00%,"形态: 两连阴 (-1.61%, -0.52%) | 趋势: 高于MA20",13.28,13.75,0.78X
000590,启迪药业,2026-08-06,8.63,1.29%,趋势: 高于MA20 | 动量: 突破转强 (阳线上穿5/10),8.19,9.30,1.00X
600641,万业企业,2026-08-06,28.44,7.00%,动量: 突破转强 (阳线上穿5/10),31.14,32.27,1.02X
603506,南都物业,2026-07-15,9.82,0.31%,动量: 突破转强 (阳线上穿5/10),9.83,11.39,0.80X
002202,金风科技,2026-08-06,20.76,2.98%,趋势: 高于MA20 | 动量: 突破转强 (阳线上穿5/10),18.73,21.71,1.28X
002715,登云股份,2026-08-06,13.66,1.41%,趋势: 高于MA20 | 动量: 突破转强 (阳线上穿5/10),13.17,14.51,0.84X
603648,畅联股份,2026-08-06,9.18,0.88%,"形态: 两连阴 (-0.44%, -0.11%) | 趋势: 高于MA20 | 动量: 突破转强 (阳线上穿5/10)",9.00,9.21,0.98X
600637,东方明珠,2026-08-06,8.19,-1.80%,趋势: 高于MA20,7.94,8.71,0.94X
000626,远大控股,2026-08-06,7.49,2.88%,趋势: 高于MA20 | 动量: 突破转强 (阳线上穿5/10),6.72,7.11,1.20X
002267,陕天然气,2026-08-06,7.16,-0.69%,"趋势: 多头排列 (5>20>60) | 形态: 两连阴 (-2.01%, -1.64%)",7.21,7.20,0.94X
603313,梦百合,2026-07-15,7.93,-7.68%,趋势: 多头排列 (5>20>60) | 形态: 10日内有涨停 | 趋势: 高于MA20,6.32,6.23,1.04X
002227,奥 特 迅,2026-08-06,6.25,0.32%,"形态: 两连阴 (-0.16%, -1.11%) | 趋势: 高于MA20 | 动量: 突破转强 (阳线上穿5/10)",6.02,7.08,0.93X
600257,大湖股份,2026-08-07,5.28,0.38%,趋势: 高于MA20 | 动量: 突破转强 (阳线上穿5/10),4.96,5.00,1.07X
000856,冀东装备,2026-08-06,7.87,0.77%,趋势: 高于MA20 | 动量: 突破转强 (阳线上穿5/10),7.32,8.11,0.78X
000920,沃顿科技,2026-08-06,11.55,0.87%,动量: 突破转强 (阳线上穿5/10),12.13,12.68,1.03X
600210,紫江企业,2026-08-06,6.15,-1.28%,"形态: 两连阴 (-1.72%, -0.64%)",6.30,6.44,1.16X
002685,华东重机,2026-08-06,5.35,-1.11%,趋势: 高于MA20,5.22,6.58,1.01X
000682,东方电子,2026-08-06,12.27,-2.00%,趋势: 高于MA20,11.94,12.72,0.83X
002106,莱宝高科,2026-08-06,10.44,-0.48%,趋势: 高于MA20,10.08,12.11,1.01X
600765,中航重机,2026-08-06,13.47,-0.59%,"形态: 两连阴 (-0.51%, -1.31%) | 趋势: 高于MA20",13.29,13.74,0.93X
002205,国统股份,2026-08-06,10.43,1.76%,趋势: 高于MA20 | 动量: 突破转强 (阳线上穿5/10),9.72,11.22,1.02X
603161,科华控股,2026-08-06,14.07,-2.29%,趋势: 高于MA20,13.69,13.95,1.06X
600273,嘉化能源,2026-08-06,6.89,-0.29%,"形态: 两连阴 (-1.84%, -0.58%) | 趋势: 高于MA20",6.77,7.00,1.02X
600732,爱旭股份,2026-08-06,12.36,-1.36%,趋势: 高于MA20,11.96,12.40,1.48X
600789,鲁抗医药,2026-08-06,7.36,0.27%,趋势: 高于MA20,7.29,7.39,1.21X
600918,中泰证券,2026-08-06,5.58,-1.24%,"趋势: 多头排列 (5>20>60) | 形态: 两连阴 (-0.70%, -0.35%)",5.61,5.51,0.85X
600822,上海物贸,2026-08-06,8.24,-0.12%,趋势: 高于MA20,8.09,8.40,0.92X
600199,金种子酒,2026-08-06,8.13,3.96%,"形态: 10日内有涨停 | 形态: 两连阴 (-0.63%, -0.38%) | 趋势: 高于MA20 | 动量: 突破转强 (阳线上穿5/10)",7.24,7.27,1.48X
600138,中青旅,2026-08-07,9.05,-0.55%,趋势: 多头排列 (5>20>60) | 趋势: 高于MA20,8.33,7.70,0.85X
000404,长虹华意,2026-08-06,7.67,-1.41%,趋势: 高于MA20,7.58,8.03,1.07X
600405,动力源,2026-08-06,4.56,4.11%,趋势: 高于MA20 | 动量: 突破转强 (阳线上穿5/10),4.15,4.44,1.40X
002632,道明光学,2026-07-15,8.75,1.63%,形态: 10日内有涨停,9.13,10.31,0.97X
605567,春雪食品,2026-08-06,8.81,1.03%,趋势: 高于MA20 | 动量: 突破转强 (阳线上穿5/10),8.26,8.89,0.66X
600999,招商证券,2026-08-06,18.0,0.33%,动量: 突破转强 (阳线上穿5/10),18.75,18.66,1.10X
603112,华翔股份,2026-08-07,15.04,-1.05%,趋势: 高于MA20,14.43,17.59,0.88X
600561,江西长运,2026-08-06,5.57,2.20%,"形态: 两连阴 (-0.90%, -0.55%) | 趋势: 高于MA20 | 动量: 突破转强 (阳线上穿5/10)",5.10,5.56,0.81X
600604,市北高新,2026-08-06,4.58,0.00%,趋势: 高于MA20,4.28,4.35,0.74X
000906,浙商中拓,2026-08-06,5.44,-0.91%,"形态: 两连阴 (-1.78%, -0.54%) | 趋势: 高于MA20",5.39,5.65,0.71X
002096,易普力,2026-07-15,9.24,4.64%,趋势: 高于MA20 | 动量: 突破转强 (阳线上穿5/10),9.07,10.25,1.34X
002439,启明星辰,2026-08-06,14.68,2.73%,趋势: 高于MA20 | 动量: 突破转强 (阳线上穿5/10),13.68,13.81,1.33X
000708,中信特钢,2026-08-06,14.1,-0.42%,"趋势: 多头排列 (5>20>60) | 形态: 两连阴 (-2.45%, -1.19%) | 趋势: 高于MA20",14.02,13.81,0.93X
603167,渤海轮渡,2026-08-06,8.72,-0.68%,"形态: 两连阴 (-0.45%, -0.34%) | 趋势: 高于MA20",8.62,8.89,0.70X
600973,宝胜股份,2026-08-06,6.16,-1.91%,趋势: 高于MA20,5.81,6.81,0.93X
601901,方正证券,2026-08-06,7.04,-1.26%,趋势: 多头排列 (5>20>60),7.09,7.00,1.01X
603598,引力传媒,2026-08-07,18.07,0.00%,"形态: 10日内有涨停 | 形态: 两连阴 (-2.81%, -1.26%) | 趋势: 高于MA20",16.18,18.73,0.68X
000819,岳阳兴长,2026-07-15,11.46,2.60%,动量: 突破转强 (阳线上穿5/10),11.86,14.32,0.86X
603488,展鹏科技,2026-08-06,8.56,1.18%,趋势: 高于MA20 | 动量: 突破转强 (阳线上穿5/10),7.80,10.08,0.80X
000700,模塑科技,2026-08-06,11.65,3.10%,动量: 突破转强 (阳线上穿5/10),11.71,14.05,0.97X
600422,昆药集团,2026-08-06,8.75,-0.79%,"趋势: 多头排列 (5>20>60) | 形态: 两连阴 (-1.20%, -2.65%)",8.95,8.61,1.14X
002030,达安基因,2026-08-06,5.57,0.36%,趋势: 高于MA20 | 动量: 突破转强 (阳线上穿5/10),5.33,5.66,1.41X
600633,浙数文化,2026-08-06,11.33,-0.61%,趋势: 高于MA20,10.64,11.20,1.07X
600106,重庆路桥,2026-08-06,4.53,-0.88%,"形态: 两连阴 (-1.72%, -0.22%) | 趋势: 高于MA20",4.35,4.86,0.84X
002651,利君股份,2026-08-06,7.82,-0.51%,"形态: 两连阴 (-0.63%, -1.01%) | 趋势: 高于MA20",7.48,7.89,0.99X
000757,浩物股份,2026-08-06,3.95,3.13%,趋势: 高于MA20 | 动量: 突破转强 (阳线上穿5/10),3.62,3.84,1.10X
000758,中色股份,2026-08-07,6.25,2.46%,趋势: 高于MA20 | 动量: 突破转强 (阳线上穿5/10),5.81,6.43,1.34X
000065,北方国际,2026-08-06,9.2,-0.97%,趋势: 高于MA20,9.05,10.59,1.01X
000559,万向钱潮,2026-08-06,11.8,-1.58%,趋势: 高于MA20,11.03,13.43,0.93X
002373,千方科技,2026-08-06,8.01,-1.72%,趋势: 高于MA20,7.54,7.69,0.93X
002763,汇洁股份,2026-08-06,7.25,-0.41%,"形态: 两连阴 (-1.75%, -0.41%) | 趋势: 高于MA20",6.98,7.47,0.80X
002677,浙江美大,2026-08-06,6.69,0.45%,趋势: 高于MA20 | 动量: 突破转强 (阳线上穿5/10),6.58,6.84,0.84X
002887,绿茵生态,2026-08-06,10.76,5.18%,量能: 放量 (1.70X) | 趋势: 高于MA20 | 动量: 突破转强 (阳线上穿5/10),9.80,11.49,1.70X
000828,东莞控股,2026-08-06,9.96,-0.99%,"趋势: 多头排列 (5>20>60) | 形态: 两连阴 (-0.88%, -0.30%) | 趋势: 高于MA20",9.92,9.89,1.06X
600097,开创国际,2026-08-06,8.34,1.58%,"形态: 两连阴 (-0.72%, -0.85%) | 趋势: 高于MA20 | 动量: 突破转强 (阳线上穿5/10)",7.98,8.51,0.94X
002276,万马股份,2026-08-06,10.49,-1.59%,趋势: 高于MA20,9.84,10.89,0.90X
003022,联泓新科,2026-08-06,19.9,0.35%,趋势: 高于MA20 | 动量: 突破转强 (阳线上穿5/10),19.08,23.15,0.91X
603331,百达精工,2026-08-06,12.33,3.09%,趋势: 高于MA20 | 动量: 突破转强 (阳线上穿5/10),11.05,11.92,1.08X
002951,金时科技,2026-08-06,13.97,1.01%,形态: 10日内有涨停 | 趋势: 高于MA20 | 动量: 突破转强 (阳线上穿5/10),12.68,15.34,1.04X
003003,天元股份,2026-08-06,10.62,1.53%,趋势: 高于MA20 | 动量: 突破转强 (阳线上穿5/10),9.95,10.98,0.78X
002251,步步高,2026-07-15,3.61,5.56%,趋势: 高于MA20 | 动量: 突破转强 (阳线上穿5/10),3.55,3.98,1.43X
002072,凯瑞德,2026-08-06,7.37,2.65%,趋势: 高于MA20 | 动量: 突破转强 (阳线上穿5/10),6.89,7.81,1.12X
000721,西安饮食,2026-08-06,6.62,0.91%,形态: 10日内有涨停 | 趋势: 高于MA20 | 动量: 突破转强 (阳线上穿5/10),6.05,6.10,0.68X
000968,蓝焰控股,2026-08-06,6.96,0.43%,趋势: 高于MA20,6.84,7.01,0.89X
600295,鄂尔多斯,2026-08-06,12.14,-0.25%,"形态: 两连阴 (-1.04%, -1.46%)",12.38,12.70,1.26X
600643,爱建集团,2026-08-06,4.07,-0.25%,"形态: 两连阴 (-1.44%, -0.73%) | 趋势: 高于MA20",3.95,4.10,0.90X
603536,惠发食品,2026-07-15,8.46,3.55%,趋势: 高于MA20 | 动量: 突破转强 (阳线上穿5/10),8.15,9.19,1.24X
605166,聚合顺,2026-08-06,8.69,1.16%,趋势: 高于MA20 | 动量: 突破转强 (阳线上穿5/10),8.21,9.53,1.27X
000017,深中华A,2026-07-15,5.89,1.55%,趋势: 高于MA20,5.71,5.80,0.57X
002225,濮耐股份,2026-08-06,3.74,-0.53%,趋势: 高于MA20,3.70,4.04,1.08X
603877,太平鸟,2026-08-06,12.96,0.23%,趋势: 高于MA20,12.89,12.98,0.80X
600538,国发股份,2026-08-06,4.98,1.43%,趋势: 高于MA20 | 动量: 突破转强 (阳线上穿5/10),4.77,5.70,0.81X
603136,天目湖,2026-08-06,8.94,0.45%,"形态: 两连阴 (-1.54%, -0.34%) | 趋势: 高于MA20",8.69,8.99,0.82X
002986,宇新股份,2026-08-06,12.43,1.64%,趋势: 高于MA20 | 动量: 突破转强 (阳线上穿5/10),11.85,12.03,1.11X
002999,天禾股份,2026-08-06,5.74,1.23%,"形态: 两连阴 (-0.87%, -0.70%) | 趋势: 高于MA20 | 动量: 突破转强 (阳线上穿5/10)",5.50,5.86,0.95X
000737,北方铜业,2026-08-06,14.14,-1.74%,趋势: 高于MA20,13.07,13.63,1.24X
600692,亚通股份,2026-08-07,5.93,-1.50%,趋势: 高于MA20,5.62,6.12,0.78X
600019,宝钢股份,2026-08-06,5.85,-0.17%,"趋势: 多头排列 (5>20>60) | 形态: 两连阴 (-2.78%, -1.35%)",5.87,5.82,0.83X
603569,长久物流,2026-08-06,5.81,-0.17%,"形态: 两连阴 (-1.35%, -0.17%) | 趋势: 高于MA20",5.69,5.79,1.00X
600730,中国高科,2026-08-06,11.58,6.24%,形态: 10日内有涨停 | 趋势: 高于MA20 | 动量: 突破转强 (阳线上穿5/10),9.34,11.43,1.04X
601600,中国铝业,2026-07-15,8.98,1.35%,趋势: 高于MA20 | 动量: 突破转强 (阳线上穿5/10),8.67,10.47,1.34X
603577,汇金通,2026-08-06,9.88,-1.30%,形态: 10日内有涨停 | 趋势: 高于MA20,9.41,9.79,0.97X
000983,山西焦煤,2026-08-06,6.67,3.25%,量能: 放量 (1.65X) | 趋势: 高于MA20 | 动量: 突破转强 (阳线上穿5/10),6.36,6.58,1.65X
002833,弘亚数控,2026-08-06,18.1,0.39%,形态: 10日内有涨停 | 趋势: 高于MA20 | 动量: 突破转强 (阳线上穿5/10),16.84,18.09,0.76X
000011,深物业A,2026-08-06,8.1,-0.37%,趋势: 多头排列 (5>20>60) | 形态: 10日内有涨停 | 趋势: 高于MA20,7.33,7.23,0.77X
600639,浦东金桥,2026-08-06,9.57,-0.21%,"形态: 两连阴 (-1.62%, -1.13%) | 趋势: 高于MA20",9.50,9.62,0.89X
002701,奥瑞金,2026-08-06,4.84,-1.43%,趋势: 多头排列 (5>20>60) | 趋势: 高于MA20,4.77,4.75,0.99X
001201,东瑞股份,2026-08-06,11.52,1.05%,趋势: 高于MA20 | 动量: 突破转强 (阳线上穿5/10),11.43,11.50,1.16X
002790,瑞尔特,2026-07-15,5.61,1.63%,趋势: 高于MA20 | 动量: 突破转强 (阳线上穿5/10),5.58,6.47,0.92X
002642,荣联科技,2026-08-06,7.45,-0.67%,形态: 10日内有涨停 | 趋势: 高于MA20,7.15,7.37,0.84X
600292,远达环保,2026-08-06,12.64,-2.17%,趋势: 高于MA20,12.47,13.32,1.00X
600062,华润双鹤,2026-08-06,16.0,-1.11%,"形态: 两连阴 (-0.06%, -0.74%)",16.72,16.77,0.91X
600848,上海临港,2026-08-06,8.7,-0.57%,"趋势: 多头排列 (5>20>60) | 形态: 两连阴 (-0.67%, -1.46%) | 趋势: 高于MA20",8.31,8.29,0.51X
601059,信达证券,2026-08-06,16.64,-1.07%,趋势: 多头排列 (5>20>60) | 趋势: 高于MA20,16.61,16.48,0.82X
000301,东方盛虹,2026-08-07,13.1,1.55%,趋势: 高于MA20 | 动量: 突破转强 (阳线上穿5/10),11.95,12.09,0.90X
000937,冀中能源,2026-08-06,4.74,2.82%,"形态: 两连阴 (-1.68%, -1.28%) | 趋势: 高于MA20 | 动量: 突破转强 (阳线上穿5/10)",4.63,4.87,1.28X
001324,长青科技,2026-08-06,19.24,1.80%,"形态: 两连阴 (-1.24%, -0.84%) | 趋势: 高于MA20 | 动量: 突破转强 (阳线上穿5/10)",18.63,18.96,1.06X
002085,万丰奥威,2026-08-06,10.65,-1.66%,趋势: 高于MA20,10.32,11.59,0.96X
600021,上海电力,2026-08-06,14.77,-1.07%,趋势: 高于MA20,14.62,16.46,0.98X
002327,富安娜,2026-08-06,6.49,-0.31%,"形态: 两连阴 (-1.51%, -0.15%) | 趋势: 高于MA20",6.41,6.63,0.85X
002643,万润股份,2026-08-06,13.82,0.29%,动量: 突破转强 (阳线上穿5/10),14.00,16.25,1.03X
002274,华昌化工,2026-08-06,5.6,1.08%,趋势: 多头排列 (5>20>60) | 趋势: 高于MA20 | 动量: 突破转强 (阳线上穿5/10),5.48,5.44,1.30X
000931,中 关 村,2026-08-06,4.09,0.49%,动量: 突破转强 (阳线上穿5/10),4.14,4.20,0.61X
603357,设计总院,2026-08-06,6.09,0.16%,"形态: 两连阴 (-0.81%, -0.16%) | 趋势: 高于MA20 | 动量: 突破转强 (阳线上穿5/10)",5.91,6.44,0.76X
600929,雪天盐业,2026-08-07,5.33,-2.91%,趋势: 高于MA20,5.20,5.22,0.95X
002068,黑猫股份,2026-08-07,8.06,-0.98%,趋势: 高于MA20,8.05,10.26,1.21X
600919,江苏银行,2026-08-06,11.75,1.29%,趋势: 多头排列 (5>20>60) | 趋势: 高于MA20 | 动量: 突破转强 (阳线上穿5/10),11.49,11.37,0.82X
600748,上实发展,2026-08-06,3.89,-1.02%,趋势: 高于MA20,3.62,4.07,1.25X
603168,莎普爱思,2026-08-06,5.35,0.75%,趋势: 高于MA20 | 动量: 突破转强 (阳线上穿5/10),5.07,5.34,0.89X
001299,美能能源,2026-08-06,9.97,1.12%,趋势: 高于MA20 | 动量: 突破转强 (阳线上穿5/10),9.67,10.78,0.96X
601083,锦江航运,2026-08-06,11.2,-1.06%,趋势: 高于MA20,10.85,11.01,0.89X
002077,大港股份,2026-08-06,12.59,0.72%,动量: 突破转强 (阳线上穿5/10),13.29,16.29,1.08X
002786,银宝山新,2026-08-06,7.73,0.00%,趋势: 高于MA20,7.48,8.00,0.97X
605337,李子园,2026-08-07,9.47,0.21%,形态: 10日内有涨停 | 趋势: 高于MA20,9.06,9.17,0.92X
601788,光大证券,2026-08-06,14.65,-1.15%,趋势: 多头排列 (5>20>60),14.76,14.63,0.99X
000027,深圳能源,2026-08-06,6.37,-1.09%,"形态: 两连阴 (-1.06%, -1.23%) | 趋势: 高于MA20",6.34,6.85,0.88X
002201,九鼎新材,2026-08-06,8.31,1.22%,趋势: 高于MA20 | 动量: 突破转强 (阳线上穿5/10),7.79,10.15,1.12X
000701,厦门信达,2026-08-06,4.99,1.42%,趋势: 高于MA20 | 动量: 突破转强 (阳线上穿5/10),4.68,5.04,1.28X
603927,中科软,2026-08-06,14.03,-1.34%,趋势: 高于MA20,13.40,14.13,0.99X
000159,国际实业,2026-07-15,5.6,1.63%,趋势: 高于MA20 | 动量: 突破转强 (阳线上穿5/10),5.55,6.23,1.01X
002099,海翔药业,2026-08-06,5.27,-2.59%,"形态: 两连阴 (-0.36%, -1.46%) | 趋势: 高于MA20",5.25,5.38,1.28X
002800,天顺股份,2026-08-06,13.29,0.83%,趋势: 高于MA20 | 动量: 突破转强 (阳线上穿5/10),12.36,14.40,0.88X
603709,中源家居,2026-08-07,11.08,0.09%,动量: 突破转强 (阳线上穿5/10),11.50,14.16,0.84X
603533,掌阅科技,2026-08-06,23.11,-2.61%,形态: 10日内有涨停 | 趋势: 高于MA20,20.04,21.63,0.74X
603848,好太太,2026-08-06,13.4,-0.15%,趋势: 高于MA20,13.10,14.04,0.75X
600744,华银电力,2026-08-06,7.16,-2.85%,趋势: 高于MA20,6.75,7.21,0.71X
600824,益民集团,2026-08-06,3.53,-0.56%,趋势: 高于MA20,3.48,3.59,1.09X
002334,英威腾,2026-08-06,6.7,-0.89%,趋势: 高于MA20,6.50,7.70,0.84X
003036,泰坦股份,2026-08-06,52.25,10.00%,形态: 10日内有涨停 | 动量: 突破转强 (阳线上穿5/10),55.05,69.01,0.93X
601827,三峰环境,2026-08-06,8.35,0.00%,"趋势: 多头排列 (5>20>60) | 形态: 两连阴 (-0.47%, -0.71%) | 趋势: 高于MA20",8.05,7.87,0.66X
002579,中京电子,2026-07-15,14.63,-10.02%,形态: 10日内有涨停,19.03,16.21,0.93X
002889,东方嘉盛,2026-08-06,12.23,-0.41%,形态: 10日内有涨停 | 趋势: 高于MA20,11.71,11.71,0.94X
603727,博迈科,2026-08-06,17.92,-1.27%,趋势: 多头排列 (5>20>60) | 趋势: 高于MA20,16.77,16.40,0.96X
600722,金牛化工,2026-08-06,10.75,-1.83%,形态: 10日内有涨停 | 趋势: 高于MA20,9.70,9.79,0.85X
600143,金发科技,2026-08-06,16.15,0.94%,趋势: 高于MA20 | 动量: 突破转强 (阳线上穿5/10),14.70,15.82,1.00X
603679,华体科技,2026-08-06,22.63,4.14%,形态: 10日内有涨停 | 趋势: 高于MA20 | 动量: 突破转强 (阳线上穿5/10),18.15,18.45,1.11X
603565,中谷物流,2026-08-06,10.49,-1.41%,趋势: 多头排列 (5>20>60) | 趋势: 高于MA20,10.39,10.31,0.88X
002451,摩恩电气,2026-08-06,7.34,0.27%,趋势: 高于MA20 | 动量: 突破转强 (阳线上穿5/10),6.80,7.63,0.68X
600302,标准股份,2026-08-06,6.62,6.60%,趋势: 高于MA20 | 动量: 突破转强 (阳线上穿5/10),6.25,8.35,1.16X
600326,西藏天路,2026-08-06,7.52,9.94%,"形态: 10日内有涨停 | 形态: 两连阴 (-1.86%, -0.44%) | 趋势: 高于MA20 | 动量: 突破转强 (阳线上穿5/10)",6.54,7.14,1.08X
002637,赞宇科技,2026-08-06,10.79,1.31%,趋势: 高于MA20 | 动量: 突破转强 (阳线上穿5/10),9.94,11.02,0.81X
601677,明泰铝业,2026-08-07,16.89,-0.24%,趋势: 高于MA20,16.25,16.98,1.00X
603086,先达股份,2026-08-06,5.56,0.72%,"形态: 两连阴 (-1.25%, -0.54%) | 趋势: 高于MA20 | 动量: 突破转强 (阳线上穿5/10)",5.33,5.76,0.78X
600158,中体产业,2026-08-06,7.08,-1.67%,趋势: 高于MA20,6.74,8.36,0.92X
603138,海量数据,2026-08-06,13.51,-0.22%,趋势: 高于MA20,12.39,14.95,0.78X
603137,恒尚节能,2026-08-06,25.0,-4.47%,形态: 10日内有涨停,27.15,18.45,0.75X
600131,国网信通,2026-08-06,15.85,-1.43%,趋势: 高于MA20,15.20,15.74,0.86X
002438,江苏神通,2026-08-06,14.44,-5.56%,形态: 10日内有涨停 | 趋势: 高于MA20,12.88,14.48,0.91X
002811,郑中设计,2026-08-06,10.39,0.78%,趋势: 高于MA20 | 动量: 突破转强 (阳线上穿5/10),9.99,11.29,0.69X
601019,山东出版,2026-08-06,7.15,-1.52%,"趋势: 多头排列 (5>20>60) | 形态: 两连阴 (-1.72%, -2.55%)",7.29,7.08,0.87X
002139,拓邦股份,2026-08-06,10.2,-2.21%,"形态: 两连阴 (-0.57%, -0.86%) | 趋势: 高于MA20",9.89,10.08,0.82X
603025,大豪科技,2026-08-06,13.52,-1.24%,趋势: 高于MA20,12.97,14.26,0.94X
600785,新华百货,2026-08-06,8.74,-0.23%,趋势: 高于MA20,8.38,12.32,0.66X
601898,中煤能源,2026-07-15,13.12,-0.98%,趋势: 高于MA20,13.03,15.42,1.05X
600237,铜峰电子,2026-08-06,8.48,-0.59%,趋势: 高于MA20,8.43,10.25,1.06X
002448,中原内配,2026-08-06,12.25,0.25%,形态: 10日内有涨停 | 趋势: 高于MA20 | 动量: 突破转强 (阳线上穿5/10),11.32,12.53,0.80X
600178,东安动力,2026-08-06,9.55,-1.04%,"形态: 10日内有涨停 | 形态: 两连阴 (-0.41%, -0.21%) | 趋势: 高于MA20",9.08,9.41,0.71X
600133,东湖高新,2026-08-06,8.4,0.72%,趋势: 高于MA20 | 动量: 突破转强 (阳线上穿5/10),7.87,8.24,1.33X
605336,帅丰电器,2026-07-15,10.07,1.82%,"形态: 两连阴 (-2.82%, -1.20%)",12.68,15.38,0.69X
600783,鲁信创投,2026-08-06,18.34,1.21%,趋势: 高于MA20 | 动量: 突破转强 (阳线上穿5/10),15.97,19.68,1.21X
603917,合力科技,2026-08-06,11.84,1.11%,形态: 10日内有涨停 | 趋势: 高于MA20 | 动量: 突破转强 (阳线上穿5/10),11.59,12.12,1.10X
002702,海欣食品,2026-08-06,4.76,-1.24%,形态: 10日内有涨停 | 趋势: 高于MA20,4.49,4.88,0.59X
601298,青岛港,2026-08-06,8.93,-0.67%,趋势: 高于MA20,8.70,8.70,0.72X
000716,黑芝麻,2026-08-07,4.7,-1.67%,趋势: 高于MA20,4.54,4.76,1.07X
001979,招商蛇口,2026-08-06,6.99,1.60%,趋势: 高于MA20 | 动量: 突破转强 (阳线上穿5/10),6.85,7.50,0.94X
002161,远 望 谷,2026-08-06,5.8,4.13%,趋势: 高于MA20 | 动量: 突破转强 (阳线上穿5/10),5.13,5.71,1.11X
002088,鲁阳节能,2026-08-06,7.6,0.26%,趋势: 高于MA20 | 动量: 突破转强 (阳线上穿5/10),7.32,8.14,0.78X
603132,金徽股份,2026-08-06,19.21,4.74%,量能: 放量 (1.81X) | 趋势: 高于MA20 | 动量: 突破转强 (阳线上穿5/10),15.64,16.58,1.81X
603155,新亚强,2026-08-06,13.6,3.26%,动量: 突破转强 (阳线上穿5/10),15.62,20.18,1.04X
603719,良品铺子,2026-08-06,9.94,-0.10%,形态: 10日内有涨停 | 趋势: 高于MA20,9.07,9.49,0.56X
603000,人民网,2026-08-06,17.29,-1.03%,趋势: 高于MA20,16.02,16.47,0.90X
002527,新时达,2026-08-06,11.72,-0.76%,趋势: 高于MA20,10.68,12.82,0.77X
000973,佛塑科技,2026-08-06,12.43,-0.48%,趋势: 高于MA20,12.00,13.75,1.07X
603166,福达股份,2026-08-06,11.59,-2.11%,趋势: 高于MA20,10.44,12.67,1.39X
002953,日丰股份,2026-08-06,9.71,0.00%,趋势: 高于MA20,9.31,9.74,0.76X
600778,友好集团,2026-07-15,5.21,2.36%,趋势: 高于MA20 | 动量: 突破转强 (阳线上穿5/10),5.11,5.94,1.07X
600050,中国联通,2026-08-06,4.38,-0.23%,"趋势: 多头排列 (5>20>60) | 形态: 两连阴 (-0.89%, -1.79%) | 趋势: 高于MA20",4.37,4.35,0.86X
002398,垒知集团,2026-08-06,4.08,1.24%,趋势: 高于MA20 | 动量: 突破转强 (阳线上穿5/10),3.84,4.11,0.81X
600101,明星电力,2026-08-06,8.23,-1.08%,"形态: 两连阴 (-0.59%, -0.48%)",8.25,8.88,1.03X
605555,德昌股份,2026-08-06,12.08,0.67%,趋势: 高于MA20 | 动量: 突破转强 (阳线上穿5/10),11.56,13.68,0.84X
000987,越秀资本,2026-08-06,7.74,-1.90%,趋势: 高于MA20,7.72,8.12,1.12X
603776,永安行,2026-08-06,21.45,2.83%,趋势: 高于MA20 | 动量: 突破转强 (阳线上穿5/10),19.16,20.30,1.46X
002928,华夏航空,2026-08-06,6.66,-1.62%,趋势: 高于MA20,6.33,6.95,1.17X
600955,维远股份,2026-08-06,12.83,0.55%,趋势: 高于MA20 | 动量: 突破转强 (阳线上穿5/10),12.63,14.95,0.88X
002966,苏州银行,2026-08-06,8.21,-0.48%,"趋势: 多头排列 (5>20>60) | 形态: 两连阴 (-2.58%, -0.60%) | 趋势: 高于MA20",8.09,7.96,0.85X
601665,齐鲁银行,2026-08-06,6.24,1.46%,"趋势: 多头排列 (5>20>60) | 形态: 两连阴 (-2.83%, -0.32%) | 趋势: 高于MA20",6.18,6.13,0.92X
601177,杭齿前进,2026-08-06,13.2,-0.45%,趋势: 高于MA20,12.68,14.16,0.83X
000016,深康佳Ａ,2026-08-07,2.56,-1.16%,趋势: 高于MA20,2.51,2.77,1.13X
002010,传化智联,2026-08-06,4.86,-2.21%,"形态: 两连阴 (-0.60%, -0.40%) | 趋势: 高于MA20",4.67,4.90,1.00X
600149,廊坊发展,2026-08-06,4.82,1.26%,"形态: 两连阴 (-0.21%, -0.83%) | 趋势: 高于MA20 | 动量: 突破转强 (阳线上穿5/10)",4.57,5.04,0.96X
002382,蓝帆医疗,2026-08-06,5.88,-0.84%,"形态: 两连阴 (-0.17%, -0.50%) | 趋势: 高于MA20",5.66,5.84,0.71X
000815,美利云,2026-08-06,18.31,-2.86%,形态: 10日内有涨停 | 趋势: 高于MA20,15.27,16.10,1.45X
002040,南 京 港,2026-08-06,8.12,-0.73%,趋势: 高于MA20,7.99,8.73,1.06X
601186,中国铁建,2026-08-06,6.2,-0.16%,"形态: 两连阴 (-2.50%, -0.64%)",6.36,6.32,0.71X
601825,沪农商行,2026-08-06,8.36,-0.12%,"形态: 两连阴 (-2.17%, -2.33%) | 趋势: 高于MA20",8.25,8.32,0.64X
603073,彩蝶实业,2026-08-06,15.94,-0.50%,趋势: 高于MA20,14.94,16.60,1.01X
002835,同为股份,2026-08-06,12.34,1.65%,趋势: 高于MA20 | 动量: 突破转强 (阳线上穿5/10),11.51,12.49,1.25X
600864,哈投股份,2026-08-06,5.42,-1.45%,"形态: 两连阴 (-0.36%, -0.18%) | 趋势: 高于MA20",5.38,5.42,1.04X
603500,祥和实业,2026-08-06,9.58,0.10%,趋势: 高于MA20 | 动量: 突破转强 (阳线上穿5/10),8.75,10.47,1.25X
002843,泰嘉股份,2026-08-06,16.36,0.55%,动量: 突破转强 (阳线上穿5/10),17.73,21.29,0.80X
000905,厦门港务,2026-08-06,8.61,-1.37%,趋势: 高于MA20,8.30,8.72,0.85X
600686,金龙汽车,2026-08-06,11.83,-1.74%,趋势: 高于MA20,11.15,12.33,0.84X
002120,韵达股份,2026-08-06,6.71,-1.47%,"形态: 两连阴 (-1.72%, -0.58%)",6.76,6.77,1.06X
002671,龙泉股份,2026-08-06,3.87,1.31%,"形态: 两连阴 (-1.29%, -0.26%) | 趋势: 高于MA20 | 动量: 突破转强 (阳线上穿5/10)",3.70,4.01,1.01X
600446,金证股份,2026-08-06,11.43,-2.31%,趋势: 高于MA20,10.47,11.57,1.28X
002673,西部证券,2026-08-06,6.72,-1.03%,"趋势: 多头排列 (5>20>60) | 形态: 两连阴 (-0.29%, -0.29%) | 趋势: 高于MA20",6.66,6.65,0.93X
600331,宏达股份,2026-08-06,13.19,-0.75%,趋势: 高于MA20,11.82,13.07,1.21X
000571,新大洲A,2026-07-15,6.51,9.97%,"形态: 10日内有涨停 | 形态: 两连阴 (-6.88%, -0.67%) | 趋势: 高于MA20",6.33,5.85,0.80X
002029,七 匹 狼,2026-08-06,8.92,1.71%,形态: 10日内有涨停 | 趋势: 高于MA20 | 动量: 突破转强 (阳线上穿5/10),8.03,8.42,1.01X
002674,兴业科技,2026-08-06,28.65,6.39%,趋势: 多头排列 (5>20>60) | 形态: 10日内有涨停 | 趋势: 高于MA20 | 动量: 突破转强 (阳线上穿5/10),24.81,21.17,1.25X
600742,富维股份,2026-08-06,7.7,1.45%,"形态: 两连阴 (-0.39%, -0.39%) | 趋势: 高于MA20 | 动量: 突破转强 (阳线上穿5/10)",7.34,7.72,1.01X
603113,金能科技,2026-08-06,4.55,1.34%,"形态: 两连阴 (-1.10%, -0.44%) | 趋势: 高于MA20 | 动量: 突破转强 (阳线上穿5/10)",4.32,4.66,0.96X
600246,万通发展,2026-08-06,12.31,5.12%,动量: 突破转强 (阳线上穿5/10),14.64,16.07,1.02X
600137,浪莎股份,2026-08-06,17.56,0.57%,趋势: 高于MA20 | 动量: 突破转强 (阳线上穿5/10),16.41,18.26,0.58X
002159,三特索道,2026-08-06,13.2,-0.53%,"形态: 两连阴 (-1.26%, -0.23%) | 趋势: 高于MA20",12.78,13.68,0.78X
002832,比音勒芬,2026-08-06,25.61,-1.08%,趋势: 多头排列 (5>20>60) | 趋势: 高于MA20,23.29,21.48,0.85X
600279,重庆港,2026-08-06,4.29,-0.23%,趋势: 高于MA20,4.17,4.38,0.83X
002343,慈文传媒,2026-08-06,5.17,-0.58%,趋势: 高于MA20,4.74,4.92,0.99X
600579,中化装备,2026-08-06,7.26,0.69%,趋势: 高于MA20 | 动量: 突破转强 (阳线上穿5/10),7.12,7.18,1.14X
600120,浙江东方,2026-08-06,5.12,-1.16%,"趋势: 多头排列 (5>20>60) | 形态: 两连阴 (-0.76%, -0.19%) | 趋势: 高于MA20",5.01,4.82,0.97X
601658,邮储银行,2026-08-06,4.97,0.20%,"形态: 两连阴 (-2.33%, -1.20%)",5.09,5.02,0.87X
603823,百合花,2026-08-06,66.8,10.00%,形态: 10日内有涨停 | 趋势: 高于MA20 | 动量: 突破转强 (阳线上穿5/10),65.52,49.03,0.70X
600250,南京商旅,2026-08-06,8.45,0.12%,趋势: 高于MA20 | 动量: 突破转强 (阳线上穿5/10),8.01,8.53,0.72X
002772,众兴菌业,2026-08-06,10.65,1.43%,趋势: 高于MA20 | 动量: 突破转强 (阳线上穿5/10),10.55,12.35,0.95X
002700,万憬能源,2026-08-06,6.04,2.37%,趋势: 高于MA20 | 动量: 突破转强 (阳线上穿5/10),5.61,6.84,1.00X
002320,海峡股份,2026-07-15,6.36,1.27%,动量: 突破转强 (阳线上穿5/10),6.46,7.41,1.01X
600481,双良节能,2026-08-07,4.34,0.46%,趋势: 高于MA20 | 动量: 突破转强 (阳线上穿5/10),4.06,4.93,0.91X
603738,泰晶科技,2026-08-06,36.47,10.02%,形态: 10日内有涨停 | 趋势: 高于MA20 | 动量: 突破转强 (阳线上穿5/10),34.19,46.19,1.46X
600039,四川路桥,2026-08-06,8.54,-0.81%,"趋势: 多头排列 (5>20>60) | 形态: 两连阴 (-1.36%, -1.03%)",8.73,8.43,1.07X
002802,洪汇新材,2026-08-06,11.27,1.71%,趋势: 高于MA20 | 动量: 突破转强 (阳线上穿5/10),10.56,11.69,0.82X
002039,黔源电力,2026-08-06,19.76,-0.85%,趋势: 高于MA20,19.66,20.21,1.28X
600125,铁龙物流,2026-08-06,5.51,0.00%,"形态: 两连阴 (-1.94%, -0.72%) | 趋势: 高于MA20",5.47,5.52,0.67X
002911,佛燃能源,2026-08-06,11.2,-0.97%,"趋势: 多头排列 (5>20>60) | 形态: 两连阴 (-2.05%, -1.48%) | 趋势: 高于MA20",10.93,10.83,0.83X
600104,上汽集团,2026-08-06,10.77,-0.83%,"形态: 两连阴 (-2.40%, -1.09%) | 趋势: 高于MA20",10.60,11.01,0.87X
603966,法兰泰克,2026-08-06,7.9,-0.38%,趋势: 高于MA20,7.75,9.15,1.18X
600241,时代万恒,2026-08-06,7.28,2.68%,趋势: 高于MA20 | 动量: 突破转强 (阳线上穿5/10),6.74,7.23,1.15X
600694,大商股份,2026-08-06,14.62,0.00%,"形态: 两连阴 (-2.00%, -0.41%) | 趋势: 高于MA20",14.47,14.93,0.73X
000009,中国宝安,2026-08-06,7.5,-1.83%,形态: 10日内有涨停 | 趋势: 高于MA20,6.62,6.88,0.53X
600879,航天电子,2026-08-06,16.05,0.94%,动量: 突破转强 (阳线上穿5/10),16.25,19.41,1.10X
002795,永和智控,2026-08-06,6.64,1.22%,形态: 10日内有涨停 | 趋势: 高于MA20 | 动量: 突破转强 (阳线上穿5/10),5.89,7.14,0.77X
000798,中水渔业,2026-08-06,8.15,1.62%,"形态: 两连阴 (-0.74%, -0.62%) | 趋势: 高于MA20 | 动量: 突破转强 (阳线上穿5/10)",7.73,7.88,1.14X
002697,红旗连锁,2026-07-15,4.66,1.97%,趋势: 高于MA20 | 动量: 突破转强 (阳线上穿5/10),4.36,4.73,1.37X
603585,苏利股份,2026-08-06,10.11,0.30%,趋势: 高于MA20 | 动量: 突破转强 (阳线上穿5/10),9.59,13.41,0.88X
603128,华贸物流,2026-08-06,5.3,-0.38%,"形态: 两连阴 (-1.47%, -0.56%)",5.32,5.32,1.02X
600987,航民股份,2026-08-06,6.67,1.21%,趋势: 多头排列 (5>20>60) | 趋势: 高于MA20 | 动量: 突破转强 (阳线上穿5/10),6.56,6.53,1.33X
600081,东风科技,2026-08-06,9.87,-0.80%,趋势: 高于MA20,9.61,10.19,0.80X
600682,南京新百,2026-08-06,5.55,-1.07%,"形态: 两连阴 (-0.70%, -0.71%) | 趋势: 高于MA20",5.51,5.66,0.91X
002765,蓝黛科技,2026-08-07,7.1,-0.14%,趋势: 高于MA20,6.63,7.60,1.23X
600877,电科芯片,2026-08-06,12.91,-0.77%,趋势: 高于MA20,12.77,14.49,0.93X
002059,云南旅游,2026-08-06,4.5,0.00%,趋势: 高于MA20,4.34,4.40,0.90X
002644,佛慈制药,2026-07-15,7.86,2.21%,趋势: 高于MA20 | 动量: 突破转强 (阳线上穿5/10),7.30,7.69,1.48X
002769,普路通,2026-07-15,6.53,2.19%,动量: 突破转强 (阳线上穿5/10),6.73,8.18,1.18X
603201,XD常润股,2026-08-06,17.3,-1.70%,量能: 放量 (2.07X) | 形态: 10日内有涨停 | 趋势: 高于MA20,15.69,16.32,2.07X
601988,中国银行,2026-08-06,5.79,1.05%,"形态: 两连阴 (-3.48%, -1.55%)",5.94,5.91,0.78X
002423,中粮资本,2026-08-06,9.21,0.22%,"形态: 两连阴 (-1.07%, -0.76%) | 趋势: 高于MA20",9.07,9.30,1.09X
600388,龙净环保,2026-08-06,17.75,0.62%,趋势: 高于MA20 | 动量: 突破转强 (阳线上穿5/10),16.87,16.98,1.01X
600207,安彩高科,2026-08-06,4.41,-0.23%,趋势: 高于MA20,4.18,5.59,0.84X
002051,中工国际,2026-08-06,9.19,-3.06%,形态: 10日内有涨停 | 趋势: 高于MA20,8.77,10.49,1.06X
603042,华脉科技,2026-08-06,13.0,3.34%,趋势: 高于MA20 | 动量: 突破转强 (阳线上穿5/10),11.54,15.99,1.13X
000890,法尔胜,2026-07-15,7.06,0.14%,形态: 10日内有涨停,7.95,11.01,0.69X
603276,恒兴新材,2026-08-06,15.17,0.00%,趋势: 高于MA20,14.58,15.89,1.10X
002925,盈趣科技,2026-08-06,23.14,-1.45%,形态: 10日内有涨停 | 趋势: 高于MA20,21.66,21.88,1.05X
002293,罗莱生活,2026-08-06,11.16,-0.45%,趋势: 多头排列 (5>20>60) | 趋势: 高于MA20,11.07,10.54,0.73X
002476,宝莫股份,2026-08-06,4.55,0.89%,趋势: 高于MA20 | 动量: 突破转强 (阳线上穿5/10),4.34,4.94,0.93X
001376,百通能源,2026-08-06,11.27,-1.14%,形态: 10日内有涨停 | 趋势: 高于MA20,10.44,11.80,0.91X
002312,川发龙蟒,2026-08-06,8.49,-1.05%,趋势: 高于MA20,8.23,8.90,0.99X
600602,云赛智联,2026-08-06,18.14,-2.21%,形态: 10日内有涨停 | 趋势: 高于MA20,17.89,18.19,0.86X
000710,贝瑞基因,2026-08-06,8.91,-3.05%,形态: 10日内有涨停 | 趋势: 高于MA20,8.12,8.37,0.98X
000783,长江证券,2026-08-06,8.93,-0.33%,趋势: 多头排列 (5>20>60) | 趋势: 高于MA20,8.70,8.60,0.93X
603001,奥康国际,2026-08-06,7.27,3.71%,趋势: 高于MA20 | 动量: 突破转强 (阳线上穿5/10),6.52,9.14,1.18X
000719,中原传媒,2026-08-06,12.38,-0.80%,"形态: 两连阴 (-1.62%, -1.89%) | 趋势: 高于MA20",12.24,12.44,0.92X
600784,鲁银投资,2026-08-06,7.7,0.39%,趋势: 高于MA20 | 动量: 突破转强 (阳线上穿5/10),7.23,7.34,1.16X
600189,泉阳泉,2026-08-07,7.39,0.68%,趋势: 高于MA20 | 动量: 突破转强 (阳线上穿5/10),7.23,7.66,1.30X
000970,中科三环,2026-08-06,13.46,1.82%,动量: 突破转强 (阳线上穿5/10),13.53,13.46,1.12X
601169,北京银行,2026-08-06,5.03,0.00%,"形态: 两连阴 (-2.49%, -1.37%)",5.07,5.09,0.67X
000948,南天信息,2026-08-06,15.01,-3.10%,趋势: 多头排列 (5>20>60) | 形态: 10日内有涨停 | 趋势: 高于MA20,14.28,13.45,0.66X
601012,隆基绿能,2026-08-06,12.74,-1.77%,"形态: 两连阴 (-1.58%, -0.77%) | 趋势: 高于MA20",12.45,13.18,0.95X
601330,绿色动力,2026-08-06,7.18,-1.24%,"形态: 两连阴 (-1.35%, -0.27%) | 趋势: 高于MA20",7.14,7.87,0.82X
600099,林海股份,2026-08-06,8.61,1.53%,"形态: 两连阴 (-0.12%, -0.93%) | 趋势: 高于MA20 | 动量: 突破转强 (阳线上穿5/10)",8.15,9.08,0.84X
000852,石化机械,2026-08-06,5.31,-1.12%,"形态: 两连阴 (-0.37%, -0.74%) | 趋势: 高于MA20",5.16,5.53,0.77X
000936,华西股份,2026-08-06,5.24,-0.76%,趋势: 高于MA20,5.00,5.76,1.01X
603359,东珠生态,2026-08-06,2.27,0.44%,"形态: 两连阴 (-1.30%, -0.44%) | 趋势: 高于MA20 | 动量: 突破转强 (阳线上穿5/10)",2.21,2.51,0.94X
002053,云南能投,2026-08-06,9.56,-1.85%,趋势: 高于MA20,9.50,10.29,0.96X
001258,立新能源,2026-08-06,12.19,-9.90%,趋势: 多头排列 (5>20>60) | 形态: 10日内有涨停 | 趋势: 高于MA20,10.65,9.29,0.98X
600004,白云机场,2026-08-06,7.66,-0.78%,"形态: 两连阴 (-2.13%, -1.28%)",7.78,7.89,0.68X
000599,青岛双星,2026-08-06,4.99,0.81%,趋势: 高于MA20 | 动量: 突破转强 (阳线上穿5/10),4.56,4.79,0.74X
600841,动力新科,2026-08-06,5.86,-2.17%,趋势: 高于MA20,5.73,6.60,0.84X
000860,顺鑫农业,2026-08-06,10.86,-0.37%,"趋势: 多头排列 (5>20>60) | 形态: 两连阴 (-1.86%, -1.62%) | 趋势: 高于MA20",10.80,10.72,0.92X
002516,旷达科技,2026-08-06,5.4,-2.00%,趋势: 高于MA20,5.26,5.70,1.25X
600479,千金药业,2026-08-06,9.71,-0.21%,"形态: 两连阴 (-0.61%, -0.71%)",9.73,9.85,0.89X
002533,金杯电工,2026-08-06,11.49,-2.21%,"形态: 两连阴 (-1.09%, -0.25%) | 趋势: 高于MA20",10.90,11.55,0.80X
000060,中金岭南,2026-08-07,6.81,3.34%,趋势: 高于MA20 | 动量: 突破转强 (阳线上穿5/10),6.31,7.12,1.04X
603408,建霖家居,2026-08-06,10.54,1.25%,趋势: 高于MA20 | 动量: 突破转强 (阳线上穿5/10),10.12,10.30,1.00X
600658,电子城,2026-08-06,4.09,1.49%,趋势: 高于MA20 | 动量: 突破转强 (阳线上穿5/10),3.87,4.25,1.15X
002537,海联金汇,2026-08-06,5.92,0.34%,趋势: 高于MA20 | 动量: 突破转强 (阳线上穿5/10),5.57,6.04,1.42X
002861,瀛通通讯,2026-08-06,16.51,2.23%,趋势: 高于MA20 | 动量: 突破转强 (阳线上穿5/10),16.31,18.46,0.92X
002559,亚威股份,2026-08-06,9.53,0.74%,动量: 突破转强 (阳线上穿5/10),9.57,10.61,1.05X
600678,四川金顶,2026-08-06,5.69,2.34%,趋势: 高于MA20 | 动量: 突破转强 (阳线上穿5/10),5.52,6.18,1.02X
000610,西安旅游,2026-08-06,5.72,0.00%,趋势: 高于MA20,5.45,6.31,0.91X
600587,新华医疗,2026-08-06,12.72,-1.40%,"趋势: 多头排列 (5>20>60) | 形态: 两连阴 (-1.14%, -0.46%)",12.77,12.73,1.04X
002488,金固股份,2026-08-06,9.07,-1.20%,趋势: 高于MA20,8.78,9.69,0.67X
000885,城发环境,2026-08-06,12.85,-0.62%,"形态: 两连阴 (-1.36%, -1.00%) | 趋势: 高于MA20",12.67,12.82,0.86X
002963,豪尔赛,2026-08-06,19.35,10.01%,量能: 放量 (2.38X) | 形态: 10日内有涨停 | 趋势: 高于MA20 | 动量: 突破转强 (阳线上穿5/10),15.12,17.82,2.38X
600917,重庆燃气,2026-08-06,4.84,-0.41%,"形态: 两连阴 (-0.61%, -0.82%)",4.85,4.98,1.13X
000592,平潭发展,2026-08-06,6.66,0.76%,趋势: 高于MA20 | 动量: 突破转强 (阳线上穿5/10),5.83,7.32,1.01X
002234,民和股份,2026-08-06,7.26,1.11%,趋势: 高于MA20 | 动量: 突破转强 (阳线上穿5/10),7.05,7.19,0.96X
003018,金富科技,2026-08-06,39.4,3.03%,量能: 放量 (1.73X) | 形态: 10日内有涨停 | 动量: 突破转强 (阳线上穿5/10),41.74,56.29,1.73X
601179,中国西电,2026-08-06,14.03,-2.64%,趋势: 高于MA20,13.12,14.71,0.85X
002746,仙坛股份,2026-08-06,6.17,0.82%,"趋势: 多头排列 (5>20>60) | 形态: 两连阴 (-1.13%, -0.49%) | 趋势: 高于MA20 | 动量: 突破转强 (阳线上穿5/10)",5.97,5.76,0.66X
603915,国茂股份,2026-08-06,13.57,-1.31%,趋势: 高于MA20,13.02,14.74,0.89X
603855,华荣股份,2026-08-06,16.57,-0.96%,趋势: 高于MA20,16.26,17.30,1.04X
600177,雅戈尔,2026-08-06,7.63,0.79%,"形态: 两连阴 (-1.16%, -1.56%)",7.76,7.60,0.96X
002345,潮宏基,2026-07-15,10.29,6.08%,趋势: 高于MA20 | 动量: 突破转强 (阳线上穿5/10),9.71,9.81,1.34X
002968,新大正,2026-08-06,8.9,0.34%,趋势: 高于MA20 | 动量: 突破转强 (阳线上穿5/10),8.41,9.18,0.89X
002873,新天药业,2026-08-06,7.9,1.28%,趋势: 高于MA20 | 动量: 突破转强 (阳线上穿5/10),7.70,8.12,1.05X
603515,欧普照明,2026-08-06,17.11,-0.58%,"形态: 两连阴 (-1.29%, -1.88%)",17.18,17.99,0.67X
600713,南京医药,2026-08-06,5.09,0.59%,"形态: 两连阴 (-0.20%, -0.98%)",5.10,5.08,1.14X
002609,捷顺科技,2026-08-06,7.88,0.64%,趋势: 高于MA20 | 动量: 突破转强 (阳线上穿5/10),7.45,7.67,0.90X
600115,中国东航,2026-08-06,3.74,-1.06%,趋势: 高于MA20,3.64,3.89,0.78X
601699,潞安环能,2026-08-06,16.24,10.03%,量能: 放量 (1.97X) | 形态: 10日内有涨停 | 趋势: 高于MA20 | 动量: 突破转强 (阳线上穿5/10),15.11,15.80,1.97X
600728,佳都科技,2026-08-06,4.85,-2.22%,趋势: 高于MA20,4.52,4.81,1.02X
001205,盛航股份,2026-08-06,13.6,-0.44%,趋势: 高于MA20,13.03,13.78,0.48X
002043,兔 宝 宝,2026-08-06,12.65,-1.33%,"形态: 两连阴 (-4.31%, -0.47%) | 趋势: 高于MA20",12.37,12.39,1.32X
603801,志邦家居,2026-08-06,5.91,1.03%,"形态: 10日内有涨停 | 形态: 两连阴 (-1.68%, -0.34%) | 趋势: 高于MA20 | 动量: 突破转强 (阳线上穿5/10)",5.60,6.39,0.81X
600483,福能股份,2026-08-06,10.66,-0.84%,"形态: 两连阴 (-1.90%, -1.01%)",10.87,11.02,1.03X
002591,恒大高新,2026-08-06,6.2,1.64%,趋势: 高于MA20 | 动量: 突破转强 (阳线上穿5/10),5.79,7.04,0.89X
600843,上工申贝,2026-08-06,7.12,0.56%,趋势: 高于MA20 | 动量: 突破转强 (阳线上穿5/10),6.72,7.73,1.00X
002082,万邦德,2026-08-06,10.2,-0.58%,形态: 10日内有涨停,10.38,12.61,0.72X
605066,天正电气,2026-08-06,6.72,0.30%,趋势: 高于MA20 | 动量: 突破转强 (阳线上穿5/10),6.40,6.86,0.90X
601963,重庆银行,2026-08-06,10.95,-0.09%,"形态: 两连阴 (-2.88%, -1.62%) | 趋势: 高于MA20",10.89,11.04,0.80X
601798,蓝科高新,2026-08-06,7.53,0.13%,"形态: 两连阴 (-0.13%, -0.79%) | 趋势: 高于MA20",7.20,7.57,0.95X
601328,交通银行,2026-08-06,6.94,0.14%,"趋势: 多头排列 (5>20>60) | 形态: 两连阴 (-2.90%, -1.56%)",6.96,6.79,0.66X
600539,狮头股份,2026-08-06,14.59,1.81%,形态: 10日内有涨停,15.75,15.58,0.79X
002824,和胜股份,2026-08-06,22.93,4.23%,趋势: 高于MA20 | 动量: 突破转强 (阳线上穿5/10),22.82,27.51,1.02X
002034,旺能环境,2026-08-06,14.09,-1.95%,"形态: 两连阴 (-0.76%, -0.48%) | 趋势: 高于MA20",14.07,16.90,1.16X
603333,尚纬股份,2026-08-06,9.17,6.01%,量能: 放量 (2.10X) | 趋势: 高于MA20 | 动量: 突破转强 (阳线上穿5/10),8.26,8.45,2.10X
000930,中粮科技,2026-08-06,4.74,-0.21%,"形态: 两连阴 (-1.24%, -0.63%) | 趋势: 高于MA20",4.63,4.80,1.24X
002562,兄弟科技,2026-08-06,4.53,-0.88%,趋势: 高于MA20,4.37,4.74,0.90X
603390,通达电气,2026-08-06,10.09,0.70%,趋势: 高于MA20 | 动量: 突破转强 (阳线上穿5/10),9.49,11.27,0.98X
600638,新黄浦,2026-08-06,4.98,-0.20%,趋势: 高于MA20,4.64,5.03,0.78X
002510,天汽模,2026-08-06,5.67,-1.56%,趋势: 高于MA20,5.42,6.03,1.11X
002419,天虹股份,2026-08-06,4.56,-0.22%,"形态: 两连阴 (-1.07%, -0.87%) | 趋势: 高于MA20",4.45,4.60,0.83X
603282,亚光股份,2026-08-06,14.57,0.69%,趋势: 高于MA20 | 动量: 突破转强 (阳线上穿5/10),13.77,15.09,0.72X
002521,齐峰新材,2026-08-06,6.9,-0.86%,趋势: 高于MA20,6.74,7.12,0.91X
603889,新澳股份,2026-08-06,5.62,-0.53%,趋势: 高于MA20,5.53,5.89,1.01X
600054,黄山旅游,2026-08-07,11.24,0.81%,"趋势: 多头排列 (5>20>60) | 形态: 两连阴 (-0.27%, -0.80%) | 趋势: 高于MA20",11.07,11.01,0.78X
002686,亿利达,2026-08-06,6.57,10.05%,形态: 10日内有涨停 | 趋势: 高于MA20 | 动量: 突破转强 (阳线上穿5/10),5.54,5.94,0.83X
603135,中重科技,2026-08-06,9.55,2.03%,趋势: 高于MA20 | 动量: 突破转强 (阳线上穿5/10),9.44,11.49,0.96X
600736,苏州高新,2026-08-06,6.71,-0.89%,趋势: 高于MA20,6.45,7.03,1.00X
600866,星湖科技,2026-08-06,4.43,-1.34%,"形态: 两连阴 (-1.53%, -0.66%)",4.70,4.84,1.35X
002512,达华智能,2026-08-06,3.7,-3.14%,形态: 10日内有涨停 | 趋势: 高于MA20,3.45,3.92,0.91X
002531,天顺风能,2026-08-06,6.65,-3.62%,趋势: 高于MA20,6.58,8.78,1.04X
601700,风范股份,2026-08-06,7.16,9.98%,趋势: 多头排列 (5>20>60) | 量能: 放量 (1.90X) | 形态: 10日内有涨停 | 趋势: 高于MA20 | 动量: 突破转强 (阳线上穿5/10),4.99,4.98,1.90X
603055,台华新材,2026-08-06,8.35,-0.71%,"趋势: 多头排列 (5>20>60) | 形态: 两连阴 (-1.73%, -1.29%)",8.49,8.42,1.12X
600258,首旅酒店,2026-07-15,11.58,4.70%,趋势: 高于MA20 | 动量: 突破转强 (阳线上穿5/10),11.46,13.09,1.33X
603601,再升科技,2026-08-06,9.7,5.90%,量能: 放量 (1.79X) | 趋势: 高于MA20 | 动量: 突破转强 (阳线上穿5/10),8.61,13.06,1.79X
600676,交运股份,2026-08-06,6.98,-5.55%,趋势: 多头排列 (5>20>60) | 趋势: 高于MA20,6.79,6.78,1.19X
600650,锦江在线,2026-08-06,11.15,0.27%,量能: 放量 (2.11X) | 趋势: 高于MA20 | 动量: 突破转强 (阳线上穿5/10),10.15,10.64,2.11X
002474,榕基软件,2026-08-06,6.66,3.42%,趋势: 高于MA20 | 动量: 突破转强 (阳线上穿5/10),5.90,6.73,1.32X
000006,深振业Ａ,2026-08-06,6.83,0.59%,趋势: 高于MA20 | 动量: 突破转强 (阳线上穿5/10),6.41,7.80,1.08X
002405,四维图新,2026-08-07,6.64,-1.34%,"形态: 两连阴 (-0.43%, -2.18%) | 趋势: 高于MA20",6.41,7.30,1.03X
002883,中设股份,2026-08-06,8.67,1.40%,"形态: 两连阴 (-0.69%, -0.47%) | 趋势: 高于MA20 | 动量: 突破转强 (阳线上穿5/10)",8.46,8.93,1.07X
600461,洪城环境,2026-08-06,8.93,-0.22%,"形态: 两连阴 (-1.95%, -1.21%)",9.20,9.50,0.79X
002454,松芝股份,2026-08-06,5.05,0.20%,趋势: 高于MA20 | 动量: 突破转强 (阳线上穿5/10),4.78,5.64,0.82X
600348,华阳股份,2026-08-06,8.55,1.18%,量能: 放量 (1.79X) | 趋势: 高于MA20 | 动量: 突破转强 (阳线上穿5/10),8.52,8.73,1.79X
600521,华海药业,2026-08-06,16.46,-1.20%,趋势: 多头排列 (5>20>60),16.66,15.80,0.89X
605069,正和生态,2026-08-06,10.87,2.07%,形态: 10日内有涨停 | 趋势: 高于MA20 | 动量: 突破转强 (阳线上穿5/10),10.41,12.41,0.58X
601636,旗滨集团,2026-08-06,6.03,0.67%,趋势: 高于MA20 | 动量: 突破转强 (阳线上穿5/10),6.01,6.97,0.84X
600328,中盐化工,2026-08-06,6.34,-0.78%,"形态: 两连阴 (-1.38%, -0.78%) | 趋势: 高于MA20",6.21,6.57,1.05X
002507,涪陵榨菜,2026-08-06,11.53,-1.87%,"趋势: 多头排列 (5>20>60) | 形态: 两连阴 (-1.98%, -1.34%)",11.63,11.54,1.10X
002117,东港股份,2026-08-06,8.31,1.09%,趋势: 高于MA20 | 动量: 突破转强 (阳线上穿5/10),7.86,8.59,1.30X
600704,物产中大,2026-08-06,5.02,0.60%,趋势: 多头排列 (5>20>60) | 趋势: 高于MA20,4.94,4.89,1.08X
600167,联美控股,2026-08-06,5.87,-0.84%,"形态: 两连阴 (-0.50%, -1.17%) | 趋势: 高于MA20",5.82,6.05,0.92X
603936,博敏电子,2026-08-06,14.48,4.17%,形态: 10日内有涨停 | 趋势: 高于MA20 | 动量: 突破转强 (阳线上穿5/10),14.39,20.45,1.12X
600889,南京化纤,2026-08-06,13.66,0.15%,动量: 突破转强 (阳线上穿5/10),14.12,15.23,0.80X
600376,首开股份,2026-08-06,4.09,-3.54%,形态: 10日内有涨停 | 趋势: 高于MA20,3.60,3.77,0.70X
000565,渝三峡Ａ,2026-08-06,5.9,0.51%,"形态: 两连阴 (-1.17%, -0.68%) | 趋势: 高于MA20 | 动量: 突破转强 (阳线上穿5/10)",5.61,6.30,0.68X
603310,巍华新材,2026-08-06,14.9,1.29%,趋势: 高于MA20 | 动量: 突破转强 (阳线上穿5/10),14.53,15.47,1.21X
600556,天下秀,2026-08-06,5.21,-5.96%,量能: 放量 (1.64X) | 形态: 10日内有涨停 | 趋势: 高于MA20,4.47,4.82,1.64X
002067,景兴纸业,2026-08-06,4.5,-1.53%,趋势: 高于MA20,4.18,4.36,0.61X
002564,天沃科技,2026-08-06,4.48,0.90%,趋势: 高于MA20 | 动量: 突破转强 (阳线上穿5/10),4.24,4.72,1.18X
002075,沙钢股份,2026-08-06,4.1,0.00%,趋势: 高于MA20,3.62,3.70,0.73X
600780,通宝能源,2026-08-06,6.01,-0.99%,"形态: 两连阴 (-0.97%, -1.30%)",6.04,6.47,0.84X
600833,第一医药,2026-08-06,10.01,2.46%,"量能: 放量 (1.88X) | 形态: 两连阴 (-1.10%, -0.91%) | 趋势: 高于MA20 | 动量: 突破转强 (阳线上穿5/10)",9.70,10.05,1.88X
002232,启明信息,2026-08-06,14.88,-0.53%,趋势: 高于MA20,13.95,14.99,0.94X
002136,安 纳 达,2026-08-06,12.23,-0.57%,趋势: 高于MA20,11.78,12.85,0.98X
600352,浙江龙盛,2026-08-06,13.1,-1.21%,趋势: 多头排列 (5>20>60) | 趋势: 高于MA20,12.82,12.07,0.92X
000722,湖南发展,2026-08-06,13.48,0.15%,趋势: 高于MA20 | 动量: 突破转强 (阳线上穿5/10),12.96,13.49,0.67X
601279,英利汽车,2026-07-15,3.11,1.63%,趋势: 高于MA20 | 动量: 突破转强 (阳线上穿5/10),3.10,3.52,0.87X
600543,莫高股份,2026-08-06,3.89,0.00%,趋势: 高于MA20,3.71,4.12,0.80X
002367,康力电梯,2026-08-06,5.42,0.18%,趋势: 高于MA20 | 动量: 突破转强 (阳线上穿5/10),5.38,5.80,0.88X
002836,新宏泽,2026-08-06,9.78,3.71%,趋势: 高于MA20 | 动量: 突破转强 (阳线上穿5/10),8.87,10.13,1.40X
002066,瑞泰科技,2026-08-06,20.82,0.39%,趋势: 高于MA20 | 动量: 突破转强 (阳线上穿5/10),20.15,22.20,1.13X
002100,天康生物,2026-08-06,7.03,-0.28%,趋势: 多头排列 (5>20>60) | 趋势: 高于MA20,6.99,6.68,1.06X
605162,新中港,2026-08-06,8.52,-0.58%,形态: 10日内有涨停 | 趋势: 高于MA20,7.99,9.04,0.73X
000576,甘化科工,2026-08-06,7.15,1.85%,趋势: 高于MA20 | 动量: 突破转强 (阳线上穿5/10),6.63,7.18,0.97X
603038,华立股份,2026-08-06,13.72,1.86%,趋势: 高于MA20 | 动量: 突破转强 (阳线上穿5/10),13.01,14.87,0.84X
601065,江盐集团,2026-08-06,6.88,-0.15%,趋势: 高于MA20,6.80,7.20,0.81X
600582,天地科技,2026-08-06,4.83,-0.21%,"形态: 两连阴 (-1.21%, -1.43%)",4.84,5.04,0.81X
603638,艾迪精密,2026-08-06,19.99,-1.19%,趋势: 高于MA20,19.90,22.40,0.87X
000166,申万宏源,2026-08-06,4.54,-2.16%,"趋势: 多头排列 (5>20>60) | 形态: 两连阴 (-0.21%, -0.64%)",4.64,4.54,1.37X
603976,正川股份,2026-08-06,28.65,6.27%,趋势: 多头排列 (5>20>60) | 形态: 10日内有涨停 | 趋势: 高于MA20 | 动量: 突破转强 (阳线上穿5/10),25.12,24.84,1.16X
000157,中联重科,2026-08-06,7.27,-0.27%,"趋势: 多头排列 (5>20>60) | 形态: 两连阴 (-2.65%, -0.68%)",7.38,7.36,0.83X
600509,天富能源,2026-08-06,7.69,-1.91%,趋势: 高于MA20,7.53,8.42,1.15X
002057,中钢天源,2026-08-06,8.54,1.30%,趋势: 高于MA20 | 动量: 突破转强 (阳线上穿5/10),8.09,9.91,1.02X
603018,华设集团,2026-07-15,5.35,2.29%,动量: 突破转强 (阳线上穿5/10),5.72,6.75,1.27X
603269,海鸥股份,2026-08-06,13.6,8.28%,形态: 10日内有涨停 | 趋势: 高于MA20 | 动量: 突破转强 (阳线上穿5/10),12.68,18.33,1.39X
605158,华达新材,2026-08-06,6.82,1.19%,"形态: 两连阴 (-1.31%, -0.44%) | 趋势: 高于MA20 | 动量: 突破转强 (阳线上穿5/10)",6.47,6.76,0.92X
000558,天府文旅,2026-08-06,3.44,-0.58%,趋势: 高于MA20,3.27,3.48,0.82X
002023,海特高新,2026-08-06,10.42,0.87%,趋势: 高于MA20 | 动量: 突破转强 (阳线上穿5/10),9.47,11.35,1.14X
603041,美思德,2026-08-06,10.74,1.99%,趋势: 高于MA20 | 动量: 突破转强 (阳线上穿5/10),10.14,11.37,0.69X
603505,金石资源,2026-08-06,17.02,2.04%,趋势: 高于MA20 | 动量: 突破转强 (阳线上穿5/10),15.99,18.52,1.48X
603700,宁水集团,2026-08-06,11.27,-2.42%,趋势: 高于MA20,11.18,11.36,0.87X
002277,友阿股份,2026-07-15,5.74,5.32%,"形态: 两连阴 (-5.98%, -0.91%)",5.99,6.26,1.32X
605183,确成股份,2026-08-06,14.5,-0.68%,趋势: 高于MA20,14.15,14.99,1.47X
603386,骏亚科技,2026-08-06,12.77,3.32%,趋势: 高于MA20 | 动量: 突破转强 (阳线上穿5/10),12.28,15.57,0.83X
000600,建投能源,2026-08-06,8.72,-1.47%,趋势: 高于MA20,8.55,9.61,1.02X
002212,天融信,2026-08-06,7.36,10.01%,形态: 10日内有涨停 | 趋势: 高于MA20 | 动量: 突破转强 (阳线上穿5/10),5.95,6.23,0.86X
600933,爱柯迪,2026-08-06,13.79,-1.50%,趋势: 高于MA20,13.45,15.15,0.88X
600719,大连热电,2026-08-06,7.62,0.40%,趋势: 高于MA20 | 动量: 突破转强 (阳线上穿5/10),7.21,8.23,0.76X
601858,中国科传,2026-08-06,26.28,3.63%,形态: 10日内有涨停 | 趋势: 高于MA20 | 动量: 突破转强 (阳线上穿5/10),19.21,21.13,1.12X
600048,保利发展,2026-08-06,5.27,2.33%,趋势: 高于MA20 | 动量: 突破转强 (阳线上穿5/10),5.05,5.20,1.35X
600771,广誉远,2026-08-06,14.14,-1.60%,"形态: 两连阴 (-1.22%, -1.44%)",14.72,14.47,1.17X
002708,光洋股份,2026-08-06,10.45,-1.42%,趋势: 高于MA20,9.96,12.80,0.94X
002114,罗平锌电,2026-08-06,7.14,0.56%,趋势: 高于MA20 | 动量: 突破转强 (阳线上穿5/10),6.42,7.32,1.38X
002787,华源控股,2026-08-06,21.24,1.97%,动量: 突破转强 (阳线上穿5/10),21.76,25.72,0.74X
600379,宝光股份,2026-08-06,13.15,4.37%,形态: 10日内有涨停 | 趋势: 高于MA20 | 动量: 突破转强 (阳线上穿5/10),11.89,13.36,1.01X
600188,兖矿能源,2026-07-15,20.23,5.20%,趋势: 高于MA20 | 动量: 突破转强 (阳线上穿5/10),18.59,20.80,1.16X
001965,招商公路,2026-08-06,9.52,-0.63%,"形态: 两连阴 (-2.59%, -2.04%)",10.03,9.84,0.63X
601668,中国建筑,2026-08-06,4.57,-0.22%,"形态: 两连阴 (-2.52%, -1.29%)",4.64,4.67,0.72X
002648,卫星化学,2026-08-06,25.37,0.44%,趋势: 高于MA20 | 动量: 突破转强 (阳线上穿5/10),24.28,24.28,0.99X
603078,江化微,2026-08-06,34.19,10.01%,形态: 10日内有涨停 | 趋势: 高于MA20 | 动量: 突破转强 (阳线上穿5/10),33.92,39.45,1.38X
002608,江苏国信,2026-08-06,7.32,-1.08%,"形态: 两连阴 (-1.06%, -0.67%) | 趋势: 高于MA20",7.19,7.93,0.86X
601222,林洋能源,2026-08-06,5.65,-1.74%,"形态: 两连阴 (-1.02%, -1.20%) | 趋势: 高于MA20",5.60,5.87,1.09X
002036,联创电子,2026-07-15,6.1,0.00%,"形态: 两连阴 (-8.43%, -1.45%)",7.26,8.33,0.93X
002462,嘉事堂,2026-08-07,11.89,0.17%,趋势: 高于MA20,11.65,12.39,0.91X
600508,上海能源,2026-08-06,8.72,2.71%,"量能: 放量 (1.85X) | 形态: 两连阴 (-1.50%, -0.35%) | 趋势: 高于MA20 | 动量: 突破转强 (阳线上穿5/10)",8.47,10.36,1.85X
603600,永艺股份,2026-08-06,9.56,-0.10%,"形态: 两连阴 (-1.63%, -0.62%) | 趋势: 高于MA20",9.33,9.89,0.65X
002446,盛路通信,2026-08-06,8.87,7.26%,量能: 放量 (1.88X) | 趋势: 高于MA20 | 动量: 突破转强 (阳线上穿5/10),8.06,9.74,1.88X
000672,上峰水泥,2026-08-06,13.87,0.87%,动量: 突破转强 (阳线上穿5/10),15.13,17.53,0.82X
002849,威星智能,2026-08-06,16.09,4.14%,量能: 放量 (1.73X) | 趋势: 高于MA20 | 动量: 突破转强 (阳线上穿5/10),14.11,15.91,1.73X
002116,中国海诚,2026-08-06,7.07,-0.28%,"形态: 两连阴 (-0.97%, -0.42%) | 趋势: 高于MA20",6.96,7.88,0.95X
002182,宝武镁业,2026-08-06,12.77,-2.67%,量能: 放量 (1.89X) | 形态: 10日内有涨停 | 趋势: 高于MA20,11.72,13.46,1.89X
600032,浙江新能,2026-08-06,7.36,-1.21%,"形态: 两连阴 (-0.79%, -0.67%) | 趋势: 高于MA20",7.22,8.33,0.92X
002413,雷科防务,2026-08-06,8.69,2.84%,量能: 放量 (2.00X) | 趋势: 高于MA20 | 动量: 突破转强 (阳线上穿5/10),8.07,9.65,2.00X
002093,国脉科技,2026-08-06,7.07,-1.12%,趋势: 高于MA20,6.59,6.94,0.92X
603779,威龙股份,2026-08-06,7.84,2.75%,形态: 10日内有涨停 | 趋势: 高于MA20 | 动量: 突破转强 (阳线上穿5/10),7.63,8.68,0.80X
600475,华光环能,2026-08-06,14.95,-4.90%,形态: 10日内有涨停 | 趋势: 高于MA20,13.77,14.79,0.85X
603176,汇通集团,2026-08-06,4.58,1.10%,趋势: 高于MA20 | 动量: 突破转强 (阳线上穿5/10),4.23,4.67,1.04X
002372,伟星新材,2026-08-06,8.61,-0.46%,"形态: 两连阴 (-2.96%, -2.15%) | 趋势: 高于MA20",8.26,8.86,0.79X
600551,时代出版,2026-08-06,6.97,-0.71%,"形态: 两连阴 (-0.99%, -0.14%) | 趋势: 高于MA20",6.82,7.14,0.79X
002221,东华能源,2026-08-06,5.64,-1.23%,"形态: 两连阴 (-1.38%, -0.35%) | 趋势: 高于MA20",5.47,6.07,0.85X
600992,贵绳股份,2026-08-06,10.16,2.63%,趋势: 高于MA20 | 动量: 突破转强 (阳线上穿5/10),10.07,10.55,0.98X
601128,常熟银行,2026-08-06,6.21,-0.16%,"形态: 两连阴 (-2.63%, -1.11%)",6.26,6.48,0.85X
600874,创业环保,2026-08-06,5.53,-0.36%,"形态: 两连阴 (-1.24%, -0.54%) | 趋势: 高于MA20",5.52,5.65,0.80X
600829,人民同泰,2026-08-06,10.35,9.99%,趋势: 多头排列 (5>20>60) | 形态: 10日内有涨停 | 趋势: 高于MA20 | 动量: 突破转强 (阳线上穿5/10),9.21,8.73,1.16X
600756,浪潮软件,2026-08-06,15.85,-4.92%,趋势: 多头排列 (5>20>60) | 形态: 10日内有涨停 | 趋势: 高于MA20,14.96,14.25,0.72X
002645,华宏科技,2026-08-06,18.55,2.88%,趋势: 高于MA20 | 动量: 突破转强 (阳线上穿5/10),17.97,25.77,1.36X
002097,山河智能,2026-08-06,7.35,-0.27%,"形态: 两连阴 (-1.07%, -0.14%) | 趋势: 高于MA20",7.03,7.85,1.08X
002465,海格通信,2026-08-06,10.7,0.66%,趋势: 高于MA20 | 动量: 突破转强 (阳线上穿5/10),10.38,13.08,1.06X
000520,凤凰航运,2026-08-06,3.96,0.51%,趋势: 高于MA20 | 动量: 突破转强 (阳线上穿5/10),3.85,4.04,0.92X
002354,天娱数科,2026-08-06,8.1,2.27%,形态: 10日内有涨停 | 趋势: 高于MA20 | 动量: 突破转强 (阳线上穿5/10),7.04,7.48,1.23X
002440,闰土股份,2026-08-06,13.04,-0.08%,趋势: 多头排列 (5>20>60) | 形态: 10日内有涨停 | 趋势: 高于MA20,12.10,10.62,0.86X
603223,恒通股份,2026-08-06,11.04,1.19%,趋势: 高于MA20 | 动量: 突破转强 (阳线上穿5/10),10.96,10.82,0.75X
002012,凯恩股份,2026-08-06,6.54,1.55%,形态: 10日内有涨停 | 趋势: 高于MA20 | 动量: 突破转强 (阳线上穿5/10),5.72,6.72,0.76X
002534,西子洁能,2026-08-06,16.0,5.12%,形态: 10日内有涨停 | 趋势: 高于MA20 | 动量: 突破转强 (阳线上穿5/10),14.50,17.66,0.79X
601968,宝钢包装,2026-08-06,4.55,-0.66%,趋势: 高于MA20,4.35,4.37,1.00X
000422,湖北宜化,2026-08-06,13.31,-1.19%,趋势: 高于MA20,13.03,13.66,1.32X
601187,厦门银行,2026-08-07,7.25,-1.63%,"趋势: 多头排列 (5>20>60) | 形态: 两连阴 (-1.72%, -0.81%)",7.48,7.34,1.03X
002615,哈尔斯,2026-08-06,6.61,-0.90%,趋势: 高于MA20,6.56,7.27,0.77X
002661,克明食品,2026-08-06,7.53,0.00%,"形态: 两连阴 (-1.17%, -0.66%) | 趋势: 高于MA20",7.31,7.55,0.89X
000967,盈峰环境,2026-08-06,9.37,-1.06%,形态: 10日内有涨停 | 趋势: 高于MA20,7.92,9.94,1.02X
000570,苏常柴Ａ,2026-08-06,5.0,0.00%,"形态: 两连阴 (-0.79%, -0.20%) | 趋势: 高于MA20",4.87,5.21,0.94X
002332,仙琚制药,2026-08-06,8.46,-1.63%,趋势: 多头排列 (5>20>60),8.49,8.43,1.00X
603558,健盛集团,2026-08-06,12.89,1.02%,趋势: 多头排列 (5>20>60) | 趋势: 高于MA20 | 动量: 突破转强 (阳线上穿5/10),12.29,11.94,1.03X
003037,三和管桩,2026-08-06,5.7,1.06%,趋势: 高于MA20 | 动量: 突破转强 (阳线上穿5/10),5.52,6.15,0.77X
002863,今飞凯达,2026-08-06,4.47,1.59%,"量能: 放量 (2.02X) | 形态: 两连阴 (-1.12%, -0.45%) | 趋势: 高于MA20 | 动量: 突破转强 (阳线上穿5/10)",4.27,4.89,2.02X
002243,力合科创,2026-08-06,7.31,-1.62%,趋势: 高于MA20,6.89,7.52,0.61X
002481,双塔食品,2026-08-06,4.15,-0.24%,"趋势: 多头排列 (5>20>60) | 形态: 两连阴 (-1.18%, -0.48%) | 趋势: 高于MA20",4.13,4.08,1.02X
601878,浙商证券,2026-08-06,9.44,-1.26%,"形态: 两连阴 (-0.31%, -0.21%)",9.55,9.49,1.05X
600366,宁波韵升,2026-08-06,11.95,0.42%,趋势: 高于MA20 | 动量: 突破转强 (阳线上穿5/10),11.83,13.16,1.07X
002181,粤 传 媒,2026-08-06,9.37,-5.07%,趋势: 高于MA20,8.39,12.11,1.37X
601026,道生天合,2026-08-06,15.02,-2.09%,趋势: 高于MA20,14.58,15.51,0.95X
600182,S佳通,2026-08-06,13.08,-0.15%,趋势: 高于MA20,13.01,13.57,1.00X
002160,常铝股份,2026-08-06,3.88,-0.51%,趋势: 高于MA20,3.69,4.12,1.09X
002458,益生股份,2026-08-06,9.01,0.67%,趋势: 多头排列 (5>20>60) | 趋势: 高于MA20 | 动量: 突破转强 (阳线上穿5/10),8.70,8.50,0.92X
600497,驰宏锌锗,2026-07-15,9.44,-3.58%,形态: 10日内有涨停,10.87,9.96,1.00X
002166,莱茵生物,2026-07-15,6.96,7.74%,量能: 放量 (2.53X) | 趋势: 高于MA20 | 动量: 突破转强 (阳线上穿5/10),6.56,7.81,2.53X
603768,常青股份,2026-08-06,11.19,1.18%,"形态: 两连阴 (-1.15%, -1.07%) | 趋势: 高于MA20 | 动量: 突破转强 (阳线上穿5/10)",10.29,10.52,1.12X
003012,东鹏控股,2026-08-06,4.73,0.42%,"形态: 两连阴 (-1.86%, -1.05%) | 趋势: 高于MA20",4.64,4.80,0.81X
000881,中广核技,2026-08-06,6.46,-1.22%,"形态: 两连阴 (-0.15%, -0.91%) | 趋势: 高于MA20",6.29,6.85,0.76X
600558,大西洋,2026-08-06,4.82,-2.63%,趋势: 高于MA20,4.72,5.69,0.77X
000655,金岭矿业,2026-08-07,6.93,0.14%,趋势: 高于MA20 | 动量: 突破转强 (阳线上穿5/10),6.62,6.88,0.91X
002519,银河电子,2026-08-06,5.53,-0.18%,趋势: 高于MA20,5.19,6.07,1.08X
601789,宁波建工,2026-08-06,4.41,-1.12%,形态: 10日内有涨停 | 趋势: 高于MA20,4.19,4.94,0.83X
002376,新北洋,2026-08-06,6.99,10.08%,"量能: 放量 (2.51X) | 形态: 10日内有涨停 | 形态: 两连阴 (-0.47%, -0.16%) | 趋势: 高于MA20 | 动量: 突破转强 (阳线上穿5/10)",6.20,6.29,2.51X
002429,兆驰股份,2026-08-06,8.01,0.25%,动量: 突破转强 (阳线上穿5/10),8.17,10.43,0.95X
002014,永新股份,2026-08-06,10.97,0.00%,趋势: 多头排列 (5>20>60) | 趋势: 高于MA20,10.88,10.82,0.91X
603027,千禾味业,2026-08-06,7.54,-1.31%,"形态: 两连阴 (-2.39%, -1.55%) | 趋势: 高于MA20",7.47,7.57,0.85X
600697,欧亚集团,2026-08-07,10.38,-1.14%,趋势: 高于MA20,9.94,10.55,0.71X
000544,中原环保,2026-08-06,7.37,-0.54%,"形态: 两连阴 (-1.07%, -0.27%) | 趋势: 高于MA20",7.32,7.57,0.69X
600380,健康元,2026-08-06,10.01,-0.99%,"形态: 两连阴 (-0.68%, -0.79%)",10.25,10.07,0.81X
000837,秦川机床,2026-08-06,9.96,0.61%,趋势: 高于MA20 | 动量: 突破转强 (阳线上穿5/10),9.35,11.06,1.00X
002600,领益智造,2026-07-15,12.71,-2.00%,"形态: 两连阴 (-10.03%, -4.91%)",16.04,15.37,0.65X
603066,音飞储存,2026-08-06,9.02,0.33%,"形态: 两连阴 (-0.22%, -0.11%) | 趋势: 高于MA20 | 动量: 突破转强 (阳线上穿5/10)",8.99,10.16,0.94X
603466,风语筑,2026-08-06,11.4,0.18%,形态: 10日内有涨停 | 趋势: 高于MA20 | 动量: 突破转强 (阳线上穿5/10),10.85,10.87,0.69X
000623,吉林敖东,2026-08-06,18.08,-1.20%,趋势: 多头排列 (5>20>60),18.17,17.83,1.12X
603098,森特股份,2026-08-06,10.18,-0.10%,趋势: 高于MA20,9.77,11.11,1.00X
603511,爱慕股份,2026-08-06,11.9,0.51%,"形态: 两连阴 (-0.75%, -1.00%) | 趋势: 高于MA20",11.68,12.51,0.82X
601390,中国中铁,2026-08-06,4.49,0.00%,"形态: 两连阴 (-2.38%, -0.66%)",4.50,4.55,0.93X
600233,圆通速递,2026-08-06,18.7,-2.60%,趋势: 多头排列 (5>20>60) | 趋势: 高于MA20,17.91,17.63,1.09X
603729,龙韵股份,2026-08-06,11.08,0.45%,趋势: 高于MA20 | 动量: 突破转强 (阳线上穿5/10),10.42,11.66,0.88X
002296,辉煌科技,2026-08-06,9.08,0.44%,趋势: 高于MA20 | 动量: 突破转强 (阳线上穿5/10),8.78,9.50,0.88X
601198,东兴证券,2026-08-06,13.84,-1.28%,趋势: 多头排列 (5>20>60) | 趋势: 高于MA20,13.81,13.43,0.86X
000989,九芝堂,2026-08-06,9.05,-0.44%,趋势: 多头排列 (5>20>60),9.10,8.45,1.05X
600628,新世界,2026-08-06,6.07,0.33%,"形态: 两连阴 (-0.98%, -0.66%) | 趋势: 高于MA20",5.98,6.09,0.83X
603693,江苏新能,2026-08-06,12.18,-1.77%,"形态: 两连阴 (-0.80%, -0.08%) | 趋势: 高于MA20",12.03,13.93,1.18X
605018,长华集团,2026-08-06,12.63,-0.94%,趋势: 高于MA20,11.80,13.64,1.04X
002238,天威视讯,2026-08-06,6.14,0.16%,趋势: 高于MA20 | 动量: 突破转强 (阳线上穿5/10),5.76,6.07,1.18X
600449,宁夏建材,2026-08-06,14.09,2.25%,量能: 放量 (1.76X) | 形态: 10日内有涨停 | 趋势: 高于MA20 | 动量: 突破转强 (阳线上穿5/10),12.30,13.01,1.76X
603909,建发合诚,2026-08-07,9.11,0.11%,趋势: 高于MA20 | 动量: 突破转强 (阳线上穿5/10),8.60,9.43,0.69X
002252,上海莱士,2026-08-06,4.9,-3.16%,"趋势: 多头排列 (5>20>60) | 形态: 两连阴 (-0.57%, -3.07%)",5.05,4.97,1.21X
605577,龙版传媒,2026-08-06,9.6,-0.41%,"形态: 两连阴 (-0.81%, -1.13%) | 趋势: 高于MA20",9.38,9.75,1.03X
605218,伟时电子,2026-08-06,13.71,1.11%,趋势: 高于MA20 | 动量: 突破转强 (阳线上穿5/10),12.95,15.88,0.78X
000707,双环科技,2026-08-06,4.51,0.45%,"形态: 两连阴 (-1.09%, -0.66%) | 趋势: 高于MA20 | 动量: 突破转强 (阳线上穿5/10)",4.33,4.64,1.07X
600268,国电南自,2026-08-06,11.29,-2.50%,趋势: 高于MA20,10.89,12.19,0.92X
002884,凌霄泵业,2026-08-06,16.23,-0.12%,趋势: 高于MA20,16.13,16.24,0.76X
001300,三柏硕,2026-08-06,10.56,-0.66%,趋势: 高于MA20,10.41,13.17,1.04X
000533,顺钠股份,2026-08-06,12.12,-4.57%,形态: 10日内有涨停 | 趋势: 高于MA20,9.83,10.65,0.90X
600126,杭钢股份,2026-08-06,6.6,-1.49%,趋势: 高于MA20,6.23,6.86,1.00X
002695,煌上煌,2026-08-07,10.79,6.83%,形态: 10日内有涨停 | 趋势: 高于MA20 | 动量: 突破转强 (阳线上穿5/10),9.54,10.73,0.89X
600814,杭州解百,2026-08-06,6.64,0.15%,"形态: 两连阴 (-0.89%, -0.75%) | 趋势: 高于MA20",6.50,6.72,0.72X
600975,新五丰,2026-08-06,4.97,0.00%,趋势: 高于MA20,4.96,4.90,0.98X
000503,国新健康,2026-08-06,7.56,-1.05%,形态: 10日内有涨停 | 趋势: 高于MA20,6.86,6.90,0.73X
603987,康德莱,2026-08-06,7.32,-0.41%,"形态: 两连阴 (-0.41%, -0.27%) | 趋势: 高于MA20",7.30,7.35,0.99X
000066,中国长城,2026-08-06,14.73,0.07%,动量: 突破转强 (阳线上穿5/10),15.18,17.39,1.15X
600873,梅花生物,2026-08-06,7.9,-0.38%,"形态: 两连阴 (-2.20%, -0.88%)",8.31,8.61,0.89X
000715,中兴商业,2026-07-15,4.92,1.23%,趋势: 高于MA20 | 动量: 突破转强 (阳线上穿5/10),4.76,5.26,1.50X
000952,广济药业,2026-08-06,5.88,0.17%,趋势: 高于MA20 | 动量: 突破转强 (阳线上穿5/10),5.57,6.08,0.77X
002945,华林证券,2026-08-06,14.77,-1.73%,形态: 10日内有涨停 | 趋势: 高于MA20,13.69,14.04,0.65X
600382,广东明珠,2026-08-06,6.34,-0.47%,趋势: 高于MA20,6.08,7.30,0.80X
600185,珠免集团,2026-07-15,4.57,2.93%,动量: 突破转强 (阳线上穿5/10),4.57,5.24,1.18X
002392,北京利尔,2026-08-06,7.37,-0.81%,趋势: 高于MA20,7.09,8.00,1.19X
002078,太阳纸业,2026-08-06,13.9,-1.49%,"趋势: 多头排列 (5>20>60) | 形态: 两连阴 (-1.87%, -0.56%)",14.09,13.43,1.38X
603053,成都燃气,2026-08-06,8.92,0.11%,"形态: 两连阴 (-0.44%, -1.22%) | 趋势: 高于MA20",8.78,9.01,0.63X
603057,紫燕食品,2026-08-06,22.31,-2.19%,形态: 10日内有涨停 | 趋势: 高于MA20,21.23,23.58,0.82X
605377,华旺科技,2026-08-06,9.12,0.77%,动量: 突破转强 (阳线上穿5/10),9.29,9.06,0.85X
002194,武汉凡谷,2026-08-06,10.09,10.03%,量能: 放量 (2.07X) | 形态: 10日内有涨停 | 趋势: 高于MA20 | 动量: 突破转强 (阳线上穿5/10),8.60,10.33,2.07X
000801,四川九洲,2026-08-06,11.48,-1.37%,"形态: 两连阴 (-0.51%, -0.26%) | 趋势: 高于MA20",11.21,12.02,1.08X
603189,网达软件,2026-08-07,9.65,-3.02%,趋势: 高于MA20,8.91,10.70,1.12X
603182,嘉华股份,2026-08-06,12.18,1.00%,趋势: 高于MA20 | 动量: 突破转强 (阳线上穿5/10),11.62,12.46,1.03X
002404,嘉欣丝绸,2026-08-06,5.94,0.85%,趋势: 高于MA20 | 动量: 突破转强 (阳线上穿5/10),5.72,6.13,1.23X
002007,华兰生物,2026-08-06,13.12,-1.35%,"形态: 两连阴 (-1.39%, -1.41%)",13.21,13.23,0.91X
002414,高德红外,2026-07-15,13.32,-2.06%,"形态: 10日内有涨停 | 形态: 两连阴 (-4.44%, -2.79%) | 趋势: 高于MA20",13.29,13.58,0.76X
002019,亿帆医药,2026-08-06,10.04,-1.76%,"趋势: 多头排列 (5>20>60) | 形态: 两连阴 (-0.10%, -1.26%)",10.21,10.12,1.29X
603439,贵州三力,2026-08-06,11.09,2.69%,趋势: 高于MA20 | 动量: 突破转强 (阳线上穿5/10),10.65,13.09,0.97X
600802,福建水泥,2026-07-15,4.25,0.71%,动量: 突破转强 (阳线上穿5/10),4.28,4.99,0.83X
603227,雪峰科技,2026-08-07,7.71,0.65%,"量能: 放量 (1.55X) | 形态: 两连阴 (-1.03%, -0.13%) | 趋势: 高于MA20",7.37,7.78,1.55X
002900,哈三联,2026-08-06,12.25,-3.62%,趋势: 多头排列 (5>20>60) | 形态: 10日内有涨停 | 趋势: 高于MA20,11.37,10.56,1.20X
600172,黄河旋风,2026-08-07,12.18,3.75%,形态: 10日内有涨停 | 趋势: 高于MA20 | 动量: 突破转强 (阳线上穿5/10),11.63,13.46,1.28X
600515,海南机场,2026-07-15,2.79,2.57%,趋势: 高于MA20 | 动量: 突破转强 (阳线上穿5/10),2.78,3.12,1.21X
002443,金洲管道,2026-08-06,8.48,0.95%,趋势: 高于MA20 | 动量: 突破转强 (阳线上穿5/10),8.33,10.27,1.00X
002103,广博股份,2026-08-07,6.64,0.91%,"形态: 两连阴 (-1.90%, -2.23%) | 趋势: 高于MA20",6.28,6.48,0.82X
603429,集友股份,2026-07-15,8.13,10.01%,形态: 10日内有涨停 | 动量: 突破转强 (阳线上穿5/10),8.71,9.28,1.23X
601360,三六零,2026-08-06,9.86,0.41%,趋势: 高于MA20 | 动量: 突破转强 (阳线上穿5/10),9.04,9.45,0.85X
600399,抚顺特钢,2026-08-06,4.27,-0.93%,趋势: 高于MA20,4.03,4.38,0.84X
601598,中国外运,2026-08-06,6.46,1.57%,"趋势: 多头排列 (5>20>60) | 形态: 两连阴 (-3.33%, -0.31%) | 趋势: 高于MA20",6.01,6.00,0.93X
600603,广汇物流,2026-08-06,4.56,-1.72%,趋势: 高于MA20,4.37,4.66,0.95X
002434,万里扬,2026-08-06,5.78,-2.03%,趋势: 高于MA20,5.58,6.44,1.11X
002461,珠江啤酒,2026-08-06,8.81,-0.34%,"形态: 两连阴 (-2.61%, -1.34%) | 趋势: 高于MA20",8.51,8.75,0.66X
600184,光电股份,2026-08-06,17.89,0.90%,趋势: 高于MA20 | 动量: 突破转强 (阳线上穿5/10),17.54,23.74,1.04X
600230,沧州大化,2026-08-06,14.23,0.78%,趋势: 高于MA20 | 动量: 突破转强 (阳线上穿5/10),13.11,14.25,0.83X
002649,博彦科技,2026-08-06,11.29,10.04%,量能: 放量 (2.16X) | 形态: 10日内有涨停 | 趋势: 高于MA20 | 动量: 突破转强 (阳线上穿5/10),8.88,9.08,2.16X
605268,王力安防,2026-08-06,9.22,0.00%,趋势: 高于MA20,9.02,9.74,0.95X
600969,郴电国际,2026-08-06,8.26,0.36%,"形态: 两连阴 (-0.12%, -1.08%) | 趋势: 高于MA20",8.05,9.02,1.13X
002148,北纬科技,2026-08-06,6.47,1.41%,趋势: 高于MA20 | 动量: 突破转强 (阳线上穿5/10),6.07,6.39,1.00X
000925,众合科技,2026-08-06,7.56,-0.40%,趋势: 高于MA20,7.20,8.17,0.88X
603238,诺邦股份,2026-08-07,11.9,-0.25%,趋势: 高于MA20,11.42,12.26,0.83X
601519,大智慧,2026-08-06,8.42,-1.98%,趋势: 高于MA20,7.97,8.95,0.90X
002301,齐心集团,2026-08-06,7.07,2.17%,动量: 突破转强 (阳线上穿5/10),7.23,7.65,0.88X
002209,达 意 隆,2026-08-06,10.8,0.37%,趋势: 高于MA20 | 动量: 突破转强 (阳线上穿5/10),10.28,11.29,0.86X
603332,苏州龙杰,2026-08-06,11.0,1.38%,趋势: 高于MA20 | 动量: 突破转强 (阳线上穿5/10),10.40,11.32,0.86X
601933,永辉超市,2026-07-15,3.2,3.23%,趋势: 高于MA20 | 动量: 突破转强 (阳线上穿5/10),3.06,3.44,1.46X
002572,索菲亚,2026-08-06,8.33,-1.65%,"形态: 两连阴 (-1.96%, -0.59%) | 趋势: 高于MA20",8.19,8.63,0.88X
002577,雷柏科技,2026-08-06,18.97,1.44%,形态: 10日内有涨停 | 趋势: 高于MA20 | 动量: 突破转强 (阳线上穿5/10),17.58,18.23,0.82X
002541,鸿路钢构,2026-07-15,20.96,6.83%,趋势: 高于MA20 | 动量: 突破转强 (阳线上穿5/10),18.06,18.65,1.27X
000036,华联控股,2026-08-06,4.16,-0.48%,趋势: 高于MA20,4.14,4.71,0.86X
002679,福建金森,2026-08-06,8.78,1.15%,"形态: 两连阴 (-0.57%, -0.46%) | 趋势: 高于MA20 | 动量: 突破转强 (阳线上穿5/10)",8.21,8.74,0.97X
002242,九阳股份,2026-08-06,9.0,-1.42%,"形态: 10日内有涨停 | 形态: 两连阴 (-0.87%, -0.22%) | 趋势: 高于MA20",8.62,8.74,0.93X
002688,金河生物,2026-08-06,5.17,1.97%,量能: 放量 (2.00X) | 趋势: 高于MA20 | 动量: 突破转强 (阳线上穿5/10),5.00,5.14,2.00X
601611,中国核建,2026-08-06,11.98,-5.67%,形态: 10日内有涨停 | 趋势: 高于MA20,10.53,11.09,1.03X
001356,富岭股份,2026-08-06,8.62,-1.15%,"形态: 两连阴 (-0.91%, -0.34%) | 趋势: 高于MA20",8.54,9.22,0.72X
603096,新经典,2026-08-06,14.77,1.03%,趋势: 高于MA20 | 动量: 突破转强 (阳线上穿5/10),13.94,14.99,0.85X
600192,长城电工,2026-08-06,7.34,-5.78%,形态: 10日内有涨停 | 趋势: 高于MA20,6.52,7.08,0.90X
600051,宁波联合,2026-08-06,6.07,1.00%,"形态: 两连阴 (-0.17%, -0.66%) | 趋势: 高于MA20 | 动量: 突破转强 (阳线上穿5/10)",5.84,6.24,0.75X
603995,甬金股份,2026-08-06,22.84,1.65%,量能: 放量 (1.54X) | 形态: 10日内有涨停 | 趋势: 高于MA20 | 动量: 突破转强 (阳线上穿5/10),20.60,20.84,1.54X
002867,周大生,2026-08-06,12.76,-0.08%,趋势: 多头排列 (5>20>60) | 趋势: 高于MA20,12.43,12.22,0.81X
601077,渝农商行,2026-08-06,6.48,0.31%,"形态: 两连阴 (-3.57%, -0.46%)",6.62,6.62,0.76X
600073,光明肉业,2026-08-06,5.13,-0.39%,"趋势: 多头排列 (5>20>60) | 形态: 两连阴 (-1.89%, -0.58%)",5.14,5.11,1.00X
600989,宝丰能源,2026-08-06,23.47,1.43%,趋势: 高于MA20 | 动量: 突破转强 (阳线上穿5/10),22.70,23.16,1.09X
600775,南京熊猫,2026-08-06,9.96,-1.09%,形态: 10日内有涨停 | 趋势: 高于MA20,9.21,10.21,0.70X
601233,桐昆股份,2026-08-06,23.35,1.57%,趋势: 多头排列 (5>20>60) | 趋势: 高于MA20 | 动量: 突破转强 (阳线上穿5/10),21.54,21.44,1.09X
603968,醋化股份,2026-08-06,10.05,1.41%,"形态: 两连阴 (-0.70%, -0.80%) | 趋势: 高于MA20 | 动量: 突破转强 (阳线上穿5/10)",9.41,10.27,0.62X
603085,天成自控,2026-08-06,10.2,2.62%,量能: 放量 (1.61X) | 趋势: 高于MA20 | 动量: 突破转强 (阳线上穿5/10),9.72,11.48,1.61X
603065,宿迁联盛,2026-08-06,15.77,1.68%,动量: 突破转强 (阳线上穿5/10),16.24,14.20,0.95X
600795,国电电力,2026-08-06,5.02,0.40%,"形态: 两连阴 (-1.17%, -0.99%) | 趋势: 高于MA20",4.90,4.90,0.83X
002246,北化股份,2026-08-06,19.94,-1.58%,趋势: 高于MA20,18.99,19.57,0.77X
603637,镇海股份,2026-08-06,12.92,0.54%,形态: 10日内有涨停 | 趋势: 高于MA20 | 动量: 突破转强 (阳线上穿5/10),11.85,15.71,0.78X
603826,坤彩科技,2026-08-06,17.22,-0.81%,量能: 放量 (2.50X) | 形态: 10日内有涨停 | 趋势: 高于MA20,16.23,25.46,2.50X
002383,合众思壮,2026-08-06,7.07,0.86%,趋势: 高于MA20 | 动量: 突破转强 (阳线上穿5/10),6.69,7.29,1.20X
600312,平高电气,2026-08-06,20.46,-2.29%,趋势: 高于MA20,18.91,19.22,0.72X
000548,湖南投资,2026-08-06,4.39,0.46%,"形态: 两连阴 (-1.13%, -0.23%) | 趋势: 高于MA20 | 动量: 突破转强 (阳线上穿5/10)",4.22,4.48,0.70X
002633,申科股份,2026-08-06,14.76,0.27%,趋势: 高于MA20 | 动量: 突破转强 (阳线上穿5/10),13.69,15.93,0.75X
000957,中通客车,2026-07-15,9.8,6.18%,量能: 放量 (1.67X) | 趋势: 高于MA20 | 动量: 突破转强 (阳线上穿5/10),9.63,10.68,1.67X
603010,万盛股份,2026-08-06,10.79,1.70%,动量: 突破转强 (阳线上穿5/10),11.10,13.67,0.85X
605222,起帆电缆,2026-08-06,19.78,0.10%,趋势: 高于MA20 | 动量: 突破转强 (阳线上穿5/10),18.65,24.73,0.84X
600398,海澜之家,2026-08-06,6.06,-0.16%,"趋势: 多头排列 (5>20>60) | 形态: 两连阴 (-3.31%, -0.98%) | 趋势: 高于MA20",6.00,5.81,0.76X
603626,科森科技,2026-08-07,15.73,0.32%,形态: 10日内有涨停 | 趋势: 高于MA20 | 动量: 突破转强 (阳线上穿5/10),13.94,19.42,1.02X
600372,中航机载,2026-08-06,11.4,-1.30%,趋势: 多头排列 (5>20>60) | 趋势: 高于MA20,11.28,11.27,0.98X
605300,佳禾食品,2026-07-15,9.21,2.56%,趋势: 高于MA20 | 动量: 突破转强 (阳线上穿5/10),9.07,9.95,1.21X
603900,莱绅通灵,2026-07-15,5.6,-2.61%,量能: 放量 (1.58X),5.82,6.71,1.58X
603103,横店影视,2026-08-06,15.11,-0.66%,趋势: 高于MA20,14.07,17.00,0.92X
601900,南方传媒,2026-08-06,11.79,-0.42%,趋势: 多头排列 (5>20>60) | 趋势: 高于MA20,11.69,11.68,1.09X
000037,深南电A,2026-08-06,10.07,-0.40%,形态: 10日内有涨停 | 趋势: 高于MA20,9.29,9.93,0.69X
002852,道道全,2026-08-06,7.77,0.65%,"形态: 两连阴 (-0.89%, -1.03%) | 趋势: 高于MA20",7.54,7.73,1.01X
002395,双象股份,2026-08-06,12.35,0.16%,趋势: 高于MA20 | 动量: 突破转强 (阳线上穿5/10),11.89,13.45,0.78X
000096,广聚能源,2026-08-06,7.76,0.52%,"形态: 两连阴 (-1.64%, -1.28%) | 趋势: 高于MA20",7.61,7.80,0.93X
000713,国投丰乐,2026-08-06,5.88,1.73%,"量能: 放量 (2.02X) | 形态: 两连阴 (-0.85%, -0.34%) | 趋势: 高于MA20 | 动量: 突破转强 (阳线上穿5/10)",5.67,5.73,2.02X
002152,广电运通,2026-08-06,10.38,0.19%,趋势: 高于MA20 | 动量: 突破转强 (阳线上穿5/10),10.08,10.21,1.16X
002532,天山铝业,2026-08-06,13.4,-0.45%,趋势: 高于MA20,12.62,13.15,1.11X
601098,中南传媒,2026-08-06,10.57,-1.67%,"形态: 两连阴 (-1.44%, -1.92%) | 趋势: 高于MA20",10.33,10.58,0.73X
600858,银座股份,2026-07-15,4.76,1.71%,趋势: 高于MA20 | 动量: 突破转强 (阳线上穿5/10),4.58,5.10,1.11X
600797,浙大网新,2026-08-06,7.33,-1.21%,趋势: 高于MA20,6.81,7.23,0.93X
000670,盈方微,2026-08-06,6.9,-2.54%,形态: 10日内有涨停 | 趋势: 高于MA20,6.44,7.78,0.75X
603181,皇马科技,2026-08-06,13.23,0.00%,趋势: 高于MA20,12.74,14.32,0.90X
000048,京基智农,2026-08-06,21.6,2.03%,趋势: 多头排列 (5>20>60) | 形态: 10日内有涨停 | 趋势: 高于MA20 | 动量: 突破转强 (阳线上穿5/10),19.78,18.23,0.84X
601965,中国汽研,2026-08-06,14.01,-3.04%,趋势: 高于MA20,13.72,14.11,1.47X
002858,力盛体育,2026-07-15,10.7,2.39%,动量: 突破转强 (阳线上穿5/10),11.15,13.51,0.94X
600679,上海凤凰,2026-08-07,9.39,-1.26%,趋势: 高于MA20,9.27,9.50,0.88X
001219,青岛食品,2026-08-06,12.37,0.32%,"形态: 两连阴 (-0.96%, -0.80%) | 趋势: 高于MA20",12.14,12.67,0.75X
000541,佛山照明,2026-08-06,4.97,-0.60%,趋势: 高于MA20,4.94,5.03,1.05X
000821,京山轻机,2026-08-06,7.33,-1.48%,趋势: 高于MA20,7.10,8.25,1.11X
603970,中农立华,2026-08-06,10.3,0.19%,"形态: 两连阴 (-1.15%, -0.58%) | 趋势: 高于MA20",10.09,10.71,1.10X
003013,地铁设计,2026-08-06,18.18,-0.11%,趋势: 多头排列 (5>20>60) | 趋势: 高于MA20,16.26,15.45,0.91X
601218,吉鑫科技,2026-08-06,4.57,-1.08%,"形态: 10日内有涨停 | 形态: 两连阴 (-0.64%, -0.65%) | 趋势: 高于MA20",4.31,4.78,0.89X
603990,麦迪科技,2026-08-06,20.7,8.26%,形态: 10日内有涨停 | 趋势: 高于MA20 | 动量: 突破转强 (阳线上穿5/10),18.33,19.74,1.03X
603022,新通联,2026-08-06,8.45,0.96%,趋势: 高于MA20 | 动量: 突破转强 (阳线上穿5/10),7.88,8.97,0.78X
002552,宝鼎科技,2026-08-06,43.27,9.99%,形态: 10日内有涨停 | 动量: 突破转强 (阳线上穿5/10),43.37,52.62,1.04X
000061,农 产 品,2026-08-06,5.87,-0.84%,"形态: 两连阴 (-0.98%, -2.15%) | 趋势: 高于MA20",5.77,5.98,1.09X
002845,同兴达,2026-08-07,13.0,2.04%,趋势: 高于MA20 | 动量: 突破转强 (阳线上穿5/10),12.81,14.68,1.10X
603101,汇嘉时代,2026-07-15,7.11,3.34%,趋势: 高于MA20 | 动量: 突破转强 (阳线上穿5/10),6.67,7.86,0.90X
002758,浙农股份,2026-08-06,7.86,-0.25%,"形态: 两连阴 (-1.25%, -0.38%) | 趋势: 高于MA20",7.78,8.09,1.22X
002584,西陇科学,2026-08-06,7.98,2.44%,趋势: 高于MA20 | 动量: 突破转强 (阳线上穿5/10),7.53,8.28,1.10X
002095,生 意 宝,2026-08-06,14.51,0.21%,趋势: 高于MA20 | 动量: 突破转强 (阳线上穿5/10),13.54,13.71,0.94X
002606,大连电瓷,2026-08-06,14.46,-1.57%,趋势: 高于MA20,13.80,14.29,0.73X
603677,奇精机械,2026-08-06,13.31,0.30%,趋势: 高于MA20 | 动量: 突破转强 (阳线上穿5/10),13.21,14.50,0.78X
603037,凯众股份,2026-08-06,10.29,-0.10%,趋势: 高于MA20,9.54,11.32,0.88X
603162,海通发展,2026-07-15,11.24,4.66%,形态: 10日内有涨停 | 趋势: 高于MA20 | 动量: 突破转强 (阳线上穿5/10),9.64,12.37,0.90X
002453,华软科技,2026-08-06,4.4,1.62%,趋势: 高于MA20 | 动量: 突破转强 (阳线上穿5/10),4.04,4.91,1.04X
600098,广州发展,2026-08-06,6.28,-1.10%,"形态: 两连阴 (-1.37%, -1.70%)",6.29,6.75,0.92X
002669,康达新材,2026-08-06,12.22,0.41%,趋势: 高于MA20 | 动量: 突破转强 (阳线上穿5/10),11.63,14.66,0.96X
603708,家家悦,2026-08-06,9.43,-0.21%,"形态: 两连阴 (-1.44%, -1.25%) | 趋势: 高于MA20",9.33,9.40,0.75X
600860,京城股份,2026-08-06,8.35,1.21%,趋势: 高于MA20 | 动量: 突破转强 (阳线上穿5/10),7.85,8.70,0.93X
603519,立霸股份,2026-08-06,15.21,-2.87%,趋势: 多头排列 (5>20>60) | 趋势: 高于MA20,15.08,14.27,0.77X
600737,中粮糖业,2026-08-06,12.82,-1.16%,趋势: 高于MA20,12.21,12.86,1.17X
600470,六国化工,2026-08-06,5.71,-0.52%,趋势: 高于MA20,5.54,5.79,1.17X
000822,山东海化,2026-08-06,4.31,0.47%,趋势: 高于MA20 | 动量: 突破转强 (阳线上穿5/10),4.14,4.46,0.75X
000712,锦龙股份,2026-08-06,9.51,-3.06%,量能: 放量 (1.62X) | 形态: 10日内有涨停 | 趋势: 高于MA20,8.63,9.30,1.62X
603778,国晟科技,2026-08-06,10.81,1.60%,形态: 10日内有涨停 | 趋势: 高于MA20 | 动量: 突破转强 (阳线上穿5/10),9.45,14.51,0.90X
600812,华北制药,2026-08-06,4.76,0.00%,趋势: 多头排列 (5>20>60),4.81,4.63,1.25X
002121,科陆电子,2026-08-06,5.2,-2.07%,趋势: 高于MA20,4.95,5.95,0.83X
000953,河化股份,2026-08-06,5.62,0.72%,趋势: 高于MA20 | 动量: 突破转强 (阳线上穿5/10),5.36,5.80,0.83X
002031,巨轮智能,2026-08-06,5.3,-1.49%,趋势: 高于MA20,4.94,5.89,0.78X
600058,五矿发展,2026-08-06,10.45,2.96%,量能: 放量 (1.55X) | 趋势: 高于MA20 | 动量: 突破转强 (阳线上穿5/10),9.28,10.16,1.55X
001202,炬申股份,2026-08-06,13.2,0.84%,动量: 突破转强 (阳线上穿5/10),13.40,14.43,0.80X
600516,方大炭素,2026-08-06,5.21,-0.95%,趋势: 高于MA20,5.13,5.47,1.03X
000759,中百集团,2026-07-15,6.87,1.78%,趋势: 多头排列 (5>20>60) | 量能: 放量 (1.55X) | 形态: 10日内有涨停 | 趋势: 高于MA20 | 动量: 突破转强 (阳线上穿5/10),6.36,5.81,1.55X
603050,科林电气,2026-08-06,18.35,-1.56%,趋势: 高于MA20,18.28,20.14,0.99X
002313,日海智能,2026-08-06,8.41,2.81%,趋势: 高于MA20 | 动量: 突破转强 (阳线上穿5/10),7.81,8.36,1.24X
000550,江铃汽车,2026-08-06,16.4,-1.97%,"形态: 两连阴 (-1.64%, -0.24%)",16.48,16.89,1.03X
600996,贵广网络,2026-08-06,7.14,0.00%,趋势: 高于MA20,6.57,7.83,0.89X
600458,时代新材,2026-08-06,11.55,-1.53%,趋势: 高于MA20,11.13,13.41,0.89X
600727,鲁北化工,2026-08-06,7.64,1.46%,量能: 放量 (2.11X) | 趋势: 高于MA20 | 动量: 突破转强 (阳线上穿5/10),7.14,7.53,2.11X
603587,地素时尚,2026-08-06,11.48,-0.43%,"形态: 两连阴 (-1.44%, -1.03%)",11.60,12.00,0.99X
600409,三友化工,2026-08-06,6.51,-0.61%,"形态: 两连阴 (-3.07%, -1.21%) | 趋势: 高于MA20",6.18,6.38,0.84X
601009,南京银行,2026-08-06,11.28,0.45%,"趋势: 多头排列 (5>20>60) | 形态: 两连阴 (-2.32%, -1.23%) | 趋势: 高于MA20",11.26,11.02,0.79X
002298,中电鑫龙,2026-08-06,8.56,-2.51%,形态: 10日内有涨停 | 趋势: 高于MA20,7.75,8.47,0.79X
600119,长江投资,2026-08-06,4.53,0.89%,趋势: 高于MA20 | 动量: 突破转强 (阳线上穿5/10),4.34,4.88,1.02X
600236,桂冠电力,2026-08-06,10.97,-1.44%,趋势: 多头排列 (5>20>60) | 形态: 10日内有涨停 | 趋势: 高于MA20,10.68,10.34,0.86X
002962,五方光电,2026-08-06,13.15,1.39%,趋势: 高于MA20 | 动量: 突破转强 (阳线上穿5/10),12.39,16.68,1.10X
600026,中远海能,2026-08-06,17.46,-2.29%,趋势: 高于MA20,15.94,18.12,1.00X
002732,燕塘乳业,2026-07-15,13.02,1.72%,趋势: 高于MA20 | 动量: 突破转强 (阳线上穿5/10),12.89,14.48,1.08X
002566,益盛药业,2026-08-06,6.47,0.31%,趋势: 高于MA20,6.37,6.70,0.74X
603689,皖天然气,2026-08-06,7.46,0.00%,"形态: 两连阴 (-1.96%, -0.53%) | 趋势: 高于MA20",7.46,7.67,0.92X
600985,淮北矿业,2026-08-06,16.5,10.00%,趋势: 多头排列 (5>20>60) | 量能: 放量 (1.59X) | 形态: 10日内有涨停 | 趋势: 高于MA20 | 动量: 突破转强 (阳线上穿5/10),14.94,14.92,1.59X
600229,城市传媒,2026-08-06,5.07,-0.20%,"形态: 两连阴 (-0.19%, -0.78%) | 趋势: 高于MA20",4.87,5.23,0.82X
000702,正虹科技,2026-08-06,5.35,0.94%,趋势: 高于MA20 | 动量: 突破转强 (阳线上穿5/10),5.01,5.51,0.81X
603879,永悦科技,2026-08-06,5.04,-0.20%,趋势: 高于MA20,4.50,4.78,0.86X
603969,银龙股份,2026-08-07,7.47,-0.27%,趋势: 高于MA20,7.30,7.79,0.76X
600215,派斯林,2026-08-06,6.24,0.16%,趋势: 高于MA20 | 动量: 突破转强 (阳线上穿5/10),5.76,6.21,0.69X
601766,中国中车,2026-08-06,5.93,-0.34%,"趋势: 多头排列 (5>20>60) | 形态: 两连阴 (-3.05%, -1.33%) | 趋势: 高于MA20",5.90,5.71,0.81X
600012,皖通高速,2026-08-06,16.04,-1.66%,"形态: 两连阴 (-1.94%, -1.98%)",17.46,16.67,1.05X
600796,钱江生化,2026-08-06,5.03,0.60%,趋势: 高于MA20 | 动量: 突破转强 (阳线上穿5/10),4.86,5.05,0.77X
605368,蓝天燃气,2026-08-06,6.73,0.00%,"形态: 两连阴 (-1.31%, -0.74%) | 趋势: 高于MA20",6.69,6.81,0.80X
000001,平安银行,2026-08-06,11.27,0.18%,"趋势: 多头排列 (5>20>60) | 形态: 两连阴 (-1.55%, -1.66%) | 趋势: 高于MA20",11.07,10.85,0.76X
002494,华斯股份,2026-08-06,4.66,1.53%,趋势: 高于MA20 | 动量: 突破转强 (阳线上穿5/10),4.42,5.22,0.89X
603456,九洲药业,2026-08-06,15.18,-1.81%,趋势: 多头排列 (5>20>60) | 趋势: 高于MA20,14.91,13.71,0.93X
600123,兰花科创,2026-08-06,6.99,0.87%,趋势: 多头排列 (5>20>60) | 趋势: 高于MA20 | 动量: 突破转强 (阳线上穿5/10),6.51,6.42,1.28X
600403,大有能源,2026-08-06,6.41,9.95%,形态: 10日内有涨停 | 趋势: 高于MA20 | 动量: 突破转强 (阳线上穿5/10),5.48,5.80,1.25X
001914,招商积余,2026-08-07,8.71,0.00%,"形态: 两连阴 (-1.79%, -0.91%)",8.89,9.08,1.19X
002319,乐通股份,2026-08-06,11.35,5.78%,量能: 放量 (1.90X) | 趋势: 高于MA20 | 动量: 突破转强 (阳线上穿5/10),10.53,11.14,1.90X
002187,广百股份,2026-08-06,5.31,-0.56%,"形态: 两连阴 (-0.37%, -0.56%) | 趋势: 高于MA20",5.01,5.19,0.89X
002011,盾安环境,2026-08-07,10.35,-0.58%,趋势: 高于MA20,10.31,11.00,0.96X
002705,新宝股份,2026-08-06,12.31,5.85%,量能: 放量 (2.39X) | 趋势: 高于MA20 | 动量: 突破转强 (阳线上穿5/10),11.49,11.92,2.39X
600415,小商品城,2026-08-07,12.11,-0.98%,趋势: 高于MA20,11.56,11.60,0.91X
000863,三湘印象,2026-07-15,4.12,0.98%,"形态: 两连阴 (-3.52%, -0.73%)",4.22,4.78,0.74X
603628,清源股份,2026-08-06,9.5,0.00%,"形态: 两连阴 (-1.65%, -0.21%) | 趋势: 高于MA20",9.17,10.03,0.84X
002410,广联达,2026-08-06,9.6,-1.44%,趋势: 高于MA20,8.94,9.10,0.85X
603151,邦基科技,2026-08-06,12.61,1.45%,趋势: 高于MA20 | 动量: 突破转强 (阳线上穿5/10),11.93,12.45,0.94X
603885,吉祥航空,2026-08-06,11.19,-0.18%,趋势: 高于MA20,10.67,10.88,0.91X
001318,阳光乳业,2026-07-15,10.34,1.08%,趋势: 高于MA20 | 动量: 突破转强 (阳线上穿5/10),10.29,11.76,1.34X
002540,亚太科技,2026-08-06,5.15,-0.19%,"形态: 两连阴 (-0.19%, -1.15%) | 趋势: 高于MA20",4.85,5.10,0.98X
000728,国元证券,2026-08-06,7.25,-1.09%,"趋势: 多头排列 (5>20>60) | 形态: 两连阴 (-0.27%, -0.27%)",7.30,7.26,0.95X
600739,辽宁成大,2026-08-06,10.72,-1.56%,"趋势: 多头排列 (5>20>60) | 形态: 两连阴 (-0.27%, -0.09%) | 趋势: 高于MA20",10.71,10.61,1.14X
001289,龙源电力,2026-08-06,16.05,-1.71%,"形态: 两连阴 (-0.54%, -0.79%)",16.26,16.93,1.29X
603616,韩建河山,2026-08-06,5.28,2.52%,趋势: 高于MA20 | 动量: 突破转强 (阳线上穿5/10),4.95,5.82,1.13X
601107,四川成渝,2026-08-06,5.64,-0.88%,"形态: 两连阴 (-2.52%, -1.90%) | 趋势: 高于MA20",5.59,5.71,0.77X
000557,西部创业,2026-08-06,3.7,-0.80%,趋势: 高于MA20,3.64,3.85,0.89X
601006,大秦铁路,2026-08-06,4.84,0.62%,"形态: 两连阴 (-2.20%, -1.64%) | 趋势: 高于MA20",4.83,4.97,0.91X
601928,凤凰传媒,2026-08-06,9.39,-1.88%,"趋势: 多头排列 (5>20>60) | 形态: 两连阴 (-1.51%, -1.95%)",9.55,9.20,0.77X
002840,华统股份,2026-08-06,8.26,-0.84%,趋势: 高于MA20,7.68,8.25,0.89X
600353,旭光电子,2026-07-15,37.15,-10.00%,形态: 10日内有涨停,43.30,29.08,0.90X
000156,华数传媒,2026-08-06,6.91,-2.26%,"形态: 两连阴 (-0.14%, -1.26%) | 趋势: 高于MA20",6.74,6.78,0.87X
600055,万东医疗,2026-08-06,11.51,-2.21%,趋势: 高于MA20,10.95,11.59,0.87X
002483,润邦股份,2026-08-06,5.18,-1.52%,趋势: 高于MA20,5.07,5.36,1.15X
600282,南钢股份,2026-08-06,4.96,1.64%,趋势: 多头排列 (5>20>60) | 趋势: 高于MA20,4.84,4.83,1.36X
002003,伟星股份,2026-08-06,10.41,0.00%,趋势: 多头排列 (5>20>60) | 趋势: 高于MA20,9.91,9.29,0.81X
002668,TCL智家,2026-08-06,10.84,2.55%,趋势: 多头排列 (5>20>60) | 趋势: 高于MA20 | 动量: 突破转强 (阳线上穿5/10),10.35,10.07,1.22X
002174,游族网络,2026-08-06,11.78,-3.60%,形态: 10日内有涨停 | 趋势: 高于MA20,11.59,11.68,1.04X
600894,广日股份,2026-08-06,7.84,-0.51%,趋势: 高于MA20,7.72,8.12,0.82X
002719,麦趣尔,2026-08-06,5.95,1.19%,"形态: 两连阴 (-3.92%, -0.17%) | 趋势: 高于MA20",5.72,6.55,0.59X
001338,永顺泰,2026-07-15,8.73,2.11%,动量: 突破转强 (阳线上穿5/10),8.78,10.77,1.03X
600888,新疆众和,2026-08-07,10.07,2.03%,趋势: 高于MA20 | 动量: 突破转强 (阳线上穿5/10),9.54,11.28,0.99X
601956,东贝集团,2026-08-06,4.88,0.00%,趋势: 高于MA20,4.65,4.96,0.64X
600156,华升股份,2026-08-07,8.4,-4.98%,量能: 放量 (2.15X) | 形态: 10日内有涨停 | 趋势: 高于MA20,7.47,9.09,2.15X
603123,翠微股份,2026-08-06,10.07,10.05%,形态: 10日内有涨停 | 趋势: 高于MA20 | 动量: 突破转强 (阳线上穿5/10),8.66,9.18,1.37X
603335,迪生力,2026-08-06,6.84,2.24%,量能: 放量 (1.54X) | 形态: 10日内有涨停 | 趋势: 高于MA20 | 动量: 突破转强 (阳线上穿5/10),6.00,7.20,1.54X
002418,康盛股份,2026-08-06,3.75,1.63%,趋势: 高于MA20 | 动量: 突破转强 (阳线上穿5/10),3.41,4.20,1.17X
003040,楚天龙,2026-08-06,12.46,9.97%,形态: 10日内有涨停 | 趋势: 高于MA20 | 动量: 突破转强 (阳线上穿5/10),10.62,11.73,1.01X
002556,辉隆股份,2026-08-06,4.98,0.61%,趋势: 高于MA20 | 动量: 突破转强 (阳线上穿5/10),4.76,5.32,0.90X
603788,宁波高发,2026-08-06,14.2,1.65%,趋势: 高于MA20 | 动量: 突破转强 (阳线上穿5/10),13.57,14.70,1.16X
001366,播恩集团,2026-08-06,11.58,1.05%,趋势: 高于MA20 | 动量: 突破转强 (阳线上穿5/10),10.91,12.60,0.81X
002583,海能达,2026-08-06,8.53,-1.27%,趋势: 高于MA20,8.09,8.46,0.85X
601958,金钼股份,2026-08-06,22.87,-0.65%,趋势: 高于MA20,21.43,23.48,1.23X
605399,晨光新材,2026-08-06,10.84,4.03%,趋势: 高于MA20 | 动量: 突破转强 (阳线上穿5/10),10.36,12.89,1.38X
601366,利群股份,2026-08-07,3.48,-1.42%,趋势: 高于MA20,3.47,3.55,1.16X
603918,金桥信息,2026-08-06,11.3,0.71%,形态: 10日内有涨停 | 趋势: 高于MA20 | 动量: 突破转强 (阳线上穿5/10),10.10,10.66,0.70X
002188,中天服务,2026-07-15,4.91,1.87%,动量: 突破转强 (阳线上穿5/10),5.02,5.96,0.88X
600072,中船科技,2026-08-06,8.94,-0.78%,"形态: 两连阴 (-1.94%, -0.77%) | 趋势: 高于MA20",8.60,9.74,0.96X
601002,晋亿实业,2026-08-06,5.42,1.12%,趋势: 高于MA20 | 动量: 突破转强 (阳线上穿5/10),4.88,4.88,0.90X
002054,德美化工,2026-08-06,7.21,0.70%,趋势: 高于MA20 | 动量: 突破转强 (阳线上穿5/10),6.82,7.30,0.81X
002712,思美传媒,2026-08-06,4.83,0.21%,趋势: 高于MA20 | 动量: 突破转强 (阳线上穿5/10),4.38,4.67,0.67X
603321,梅轮电梯,2026-07-15,5.92,1.72%,动量: 突破转强 (阳线上穿5/10),5.95,6.94,0.86X
600234,科新发展,2026-08-06,19.91,3.05%,趋势: 高于MA20 | 动量: 突破转强 (阳线上穿5/10),19.13,23.90,0.90X
601288,农业银行,2026-07-15,6.37,0.00%,趋势: 高于MA20,6.23,6.54,0.89X
600078,澄星股份,2026-08-06,10.82,-1.90%,形态: 10日内有涨停 | 趋势: 高于MA20,9.81,12.31,1.44X
600354,敦煌种业,2026-08-06,6.42,8.08%,"趋势: 多头排列 (5>20>60) | 量能: 放量 (2.23X) | 形态: 两连阴 (-2.29%, -0.50%) | 趋势: 高于MA20 | 动量: 突破转强 (阳线上穿5/10)",5.70,5.43,2.23X
603012,创力集团,2026-08-06,8.7,0.35%,趋势: 高于MA20 | 动量: 突破转强 (阳线上穿5/10),8.22,8.46,1.07X
000617,中油资本,2026-08-06,7.18,0.56%,"量能: 放量 (1.58X) | 形态: 两连阴 (-0.83%, -0.14%) | 趋势: 高于MA20 | 动量: 突破转强 (阳线上穿5/10)",6.95,7.30,1.58X
600390,五矿资本,2026-08-06,4.92,-1.40%,趋势: 多头排列 (5>20>60) | 趋势: 高于MA20,4.91,4.82,1.04X
000521,长虹美菱,2026-08-06,4.96,-0.40%,"形态: 两连阴 (-0.40%, -0.60%)",5.01,5.41,0.95X
002522,浙江众成,2026-08-06,5.02,-0.40%,形态: 10日内有涨停 | 趋势: 高于MA20,4.78,6.18,0.97X
000859,国风新材,2026-08-06,8.91,3.24%,形态: 10日内有涨停 | 趋势: 高于MA20 | 动量: 突破转强 (阳线上穿5/10),7.95,9.59,1.25X
603110,东方材料,2026-08-06,24.88,3.28%,形态: 10日内有涨停 | 趋势: 高于MA20 | 动量: 突破转强 (阳线上穿5/10),21.71,22.24,1.09X
002666,德联集团,2026-07-15,3.99,1.27%,动量: 突破转强 (阳线上穿5/10),4.02,4.58,0.88X
601886,江河集团,2026-08-06,8.4,0.24%,趋势: 高于MA20,8.28,8.58,0.82X
000582,北部湾港,2026-08-06,12.52,-3.02%,趋势: 高于MA20,11.84,11.98,0.87X
002387,维信诺,2026-08-06,7.18,0.84%,形态: 10日内有涨停 | 趋势: 高于MA20 | 动量: 突破转强 (阳线上穿5/10),6.82,7.90,1.07X
603578,三星新材,2026-08-06,11.9,0.42%,趋势: 高于MA20 | 动量: 突破转强 (阳线上穿5/10),11.65,13.11,1.27X
600272,开开实业,2026-08-06,11.79,9.98%,量能: 放量 (2.80X) | 形态: 10日内有涨停 | 趋势: 高于MA20 | 动量: 突破转强 (阳线上穿5/10),10.75,11.02,2.80X
600152,维科技术,2026-08-06,8.07,0.62%,趋势: 高于MA20 | 动量: 突破转强 (阳线上穿5/10),7.62,9.99,0.94X
603323,苏农银行,2026-08-07,4.21,-1.64%,"形态: 两连阴 (-1.61%, -0.23%)",4.27,4.41,1.03X
601990,南京证券,2026-08-06,6.77,-1.31%,"趋势: 多头排列 (5>20>60) | 形态: 两连阴 (-0.72%, -0.29%)",6.82,6.76,0.98X
002676,顺威股份,2026-08-06,5.03,-0.20%,趋势: 高于MA20,4.80,5.27,0.81X
002601,龙佰集团,2026-08-06,16.58,-0.72%,趋势: 多头排列 (5>20>60) | 趋势: 高于MA20,16.30,15.99,1.21X
002514,宝馨科技,2026-08-06,2.03,-2.87%,形态: 10日内有涨停 | 趋势: 高于MA20,1.82,2.85,0.77X
002480,新筑股份,2026-08-06,5.52,-1.78%,趋势: 高于MA20,5.27,5.57,0.84X
002235,安妮股份,2026-08-06,8.37,0.24%,形态: 10日内有涨停 | 趋势: 高于MA20 | 动量: 突破转强 (阳线上穿5/10),8.05,9.09,0.78X
002877,智能自控,2026-08-06,7.23,0.56%,趋势: 高于MA20 | 动量: 突破转强 (阳线上穿5/10),6.92,7.62,1.07X
003042,中农联合,2026-08-06,13.07,1.95%,"形态: 两连阴 (-0.54%, -0.16%) | 趋势: 高于MA20 | 动量: 突破转强 (阳线上穿5/10)",12.22,13.47,1.29X
603861,白云电器,2026-08-06,12.33,-1.36%,趋势: 高于MA20,11.86,14.21,0.82X
601966,玲珑轮胎,2026-08-06,11.27,-1.14%,"形态: 两连阴 (-2.54%, -1.13%) | 趋势: 高于MA20",11.15,11.40,0.82X
002599,盛通股份,2026-08-06,6.27,-1.26%,趋势: 高于MA20,5.88,5.94,0.76X
600787,中储股份,2026-08-06,4.64,-0.64%,"趋势: 多头排列 (5>20>60) | 形态: 两连阴 (-1.87%, -0.85%) | 趋势: 高于MA20",4.60,4.59,0.97X
605033,美邦股份,2026-08-06,18.14,-0.38%,形态: 10日内有涨停 | 趋势: 高于MA20,17.38,18.68,0.71X
000735,罗 牛 山,2026-07-15,5.03,1.82%,趋势: 高于MA20 | 动量: 突破转强 (阳线上穿5/10),4.95,5.66,1.10X
002631,德尔未来,2026-08-06,7.89,6.19%,趋势: 高于MA20 | 动量: 突破转强 (阳线上穿5/10),7.18,8.08,1.07X
002250,联化科技,2026-08-06,16.02,-1.72%,趋势: 多头排列 (5>20>60) | 趋势: 高于MA20,15.65,14.85,0.88X
601777,千里科技,2026-08-06,8.63,-1.82%,趋势: 高于MA20,7.82,9.24,1.03X
002846,英联股份,2026-08-06,10.61,-0.75%,形态: 10日内有涨停 | 趋势: 高于MA20,9.83,11.40,0.58X
600757,长江传媒,2026-08-06,7.77,-2.26%,"形态: 两连阴 (-1.09%, -2.33%)",7.81,7.83,1.13X
002115,三维通信,2026-08-06,11.79,-0.08%,形态: 10日内有涨停 | 趋势: 高于MA20,11.09,11.60,0.87X
000676,智度股份,2026-08-06,7.5,-4.46%,趋势: 多头排列 (5>20>60) | 形态: 10日内有涨停 | 趋势: 高于MA20,6.72,6.11,0.77X
002112,三变科技,2026-08-06,16.34,-4.56%,形态: 10日内有涨停 | 趋势: 高于MA20,15.18,16.88,0.86X
601033,永兴股份,2026-08-06,14.46,-1.36%,趋势: 多头排列 (5>20>60) | 趋势: 高于MA20,14.24,14.21,1.04X
603368,柳药集团,2026-08-06,15.51,0.39%,"形态: 两连阴 (-1.52%, -0.90%)",15.53,15.74,1.03X
002400,省广集团,2026-08-06,6.93,-2.81%,趋势: 高于MA20,6.24,6.98,0.80X
601666,平煤股份,2026-08-06,8.92,9.99%,量能: 放量 (1.58X) | 形态: 10日内有涨停 | 趋势: 高于MA20 | 动量: 突破转强 (阳线上穿5/10),7.91,8.09,1.58X
600629,华建集团,2026-08-06,15.59,0.13%,形态: 10日内有涨停 | 趋势: 高于MA20 | 动量: 突破转强 (阳线上穿5/10),13.37,15.07,1.46X
000507,珠海港,2026-08-06,4.98,-0.20%,趋势: 高于MA20,4.94,4.96,0.83X
000705,浙江震元,2026-08-06,6.6,0.76%,趋势: 高于MA20,6.41,6.61,1.08X
600313,农发种业,2026-08-07,5.76,-3.19%,趋势: 高于MA20,5.51,5.71,1.38X
600135,乐凯胶片,2026-08-06,7.39,1.09%,趋势: 高于MA20 | 动量: 突破转强 (阳线上穿5/10),6.99,8.41,1.01X
603237,五芳斋,2026-08-06,14.15,-1.74%,趋势: 高于MA20,13.77,14.24,0.99X
000802,北京文化,2026-07-15,3.7,3.93%,动量: 突破转强 (阳线上穿5/10),3.70,4.39,0.88X
000019,深粮控股,2026-08-06,6.29,3.28%,"量能: 放量 (2.36X) | 形态: 两连阴 (-1.13%, -0.33%) | 趋势: 高于MA20 | 动量: 突破转强 (阳线上穿5/10)",6.04,6.24,2.36X
601311,骆驼股份,2026-08-06,7.9,-0.88%,"形态: 两连阴 (-1.11%, -0.38%) | 趋势: 高于MA20",7.85,8.21,1.04X
605388,均瑶健康,2026-07-15,5.13,3.22%,趋势: 高于MA20 | 动量: 突破转强 (阳线上穿5/10),5.01,6.06,1.11X
600476,湘邮科技,2026-08-06,9.3,4.03%,趋势: 高于MA20 | 动量: 突破转强 (阳线上穿5/10),8.53,9.85,1.24X
002941,新疆交建,2026-08-06,10.91,-0.18%,"形态: 两连阴 (-0.18%, -0.64%) | 趋势: 高于MA20",10.04,10.87,1.06X
600523,贵航股份,2026-08-06,11.38,-0.44%,趋势: 高于MA20,11.33,11.54,0.99X
000886,海南高速,2026-07-15,4.42,5.24%,量能: 放量 (1.67X) | 趋势: 高于MA20 | 动量: 突破转强 (阳线上穿5/10),4.20,4.79,1.67X
