code,name,Strategy_Type,Close,TurnoverRate,RSI6,KDJ_J,Breakout_Pattern,Limit_Up_Today,Final_Score,Strategy_Rank
002870,香山股份,C_New_Strategy (最高共振),39.69,9.35,78.95212364692023,83.0222222222222,True,True,1181.1237697579265,0
002025,航天电器,A_Strong_Pullback (中风险接力),47.87,9.82,63.395317187752205,58.125605627914695,False,False,8.863896820352732,1
603895,天永智能,B_Low_Position_Start (低风险埋伏),29.3,4.08,65.74135604998929,59.918051792097984,False,False,268.2247326839563,2
601098,中南传媒,B_Low_Position_Start (低风险埋伏),11.26,1.34,66.8151557667147,38.761929778478304,False,False,89.53230872739769,2
002361,神剑股份,E_Leader_Restart (二次启动),14.34,47.14,78.66942482195456,88.30397082316384,False,True,6304.410366381795,3
603332,苏州龙杰,E_Leader_Restart (二次启动),13.88,9.9,72.41120443614948,93.33339641188616,True,False,1218.6805706603957,3
605090,九丰能源,E_Leader_Restart (二次启动),40.74,8.4,75.78154983501607,88.15823512609893,True,False,1082.1605316440293,3
