code,name,Strategy_Type,Close,TurnoverRate,RSI6,KDJ_J,Breakout_Pattern,Limit_Up_Today,Final_Score,Strategy_Rank
002870,香山股份,C_New_Strategy (最高共振),39.69,9.35,78.95212364692023,83.0222222222222,True,True,1181.1237697579265,0
002579,中京电子,A_Strong_Pullback (中风险接力),12.25,11.03,64.19681268174607,66.53606581525653,False,False,11.256574911487297,1
002025,航天电器,A_Strong_Pullback (中风险接力),47.87,9.82,63.395317187752205,58.125605627914695,False,False,8.863896820352732,1
603895,天永智能,B_Low_Position_Start (低风险埋伏),29.3,4.08,65.74135604998929,59.918051792097984,False,False,268.2247326839563,2
000913,钱江摩托,B_Low_Position_Start (低风险埋伏),15.73,2.24,67.21787454083731,83.40817978738293,False,False,150.5680389714756,2
002560,通达股份,E_Leader_Restart (二次启动),10.33,25.58,67.93390264630014,86.14566719829887,False,False,2954.1736904770073,3
002201,九鼎新材,E_Leader_Restart (二次启动),11.21,25.66,67.44898641843912,76.40632264063225,False,False,2942.259685545151,3
605090,九丰能源,E_Leader_Restart (二次启动),40.74,8.4,75.78154983501607,88.15823512609893,True,False,1082.1605316440293,3
