Code,Name,Latest_Date,Latest_Close,Daily_Change_Pct,Matched_Conditions,MA20,MA60,Volume_Ratio
603617,君禾股份,2026-08-06,7.02,2.03%,形态: 10日内有涨停 | 趋势: 高于MA20 | 动量: 突破转强 (阳线上穿5/10),6.33,6.97,0.82X
603717,天域生物,2026-08-06,6.07,2.88%,趋势: 高于MA20 | 动量: 突破转强 (阳线上穿5/10),5.64,6.32,1.06X
002590,万安科技,2026-08-14,9.44,-0.11%,趋势: 高于MA20,9.26,10.28,0.94X
002206,海 利 得,2026-08-06,5.42,1.12%,趋势: 高于MA20 | 动量: 突破转强 (阳线上穿5/10),5.25,5.37,1.33X
000625,长安汽车,2026-08-06,7.38,-2.38%,"形态: 两连阴 (-2.43%, -0.79%) | 趋势: 高于MA20",7.34,7.60,0.97X
000532,华金资本,2026-08-14,10.83,0.19%,趋势: 高于MA20,10.52,11.22,0.93X
605138,盛泰集团,2026-08-06,5.69,1.43%,"形态: 两连阴 (-1.05%, -0.71%) | 趋势: 高于MA20 | 动量: 突破转强 (阳线上穿5/10)",5.49,6.22,0.75X
600610,中毅达,2026-08-06,7.05,-0.70%,趋势: 高于MA20,6.57,7.36,0.77X
002855,捷荣技术,2026-08-06,9.91,1.02%,趋势: 高于MA20 | 动量: 突破转强 (阳线上穿5/10),9.20,10.33,0.81X
603060,国检集团,2026-08-06,5.58,1.09%,量能: 放量 (1.63X) | 趋势: 高于MA20 | 动量: 突破转强 (阳线上穿5/10),5.36,6.22,1.63X
603105,芯能科技,2026-08-28,7.62,-3.30%,趋势: 多头排列 (5>20>60) | 形态: 10日内有涨停 | 趋势: 高于MA20,7.33,7.21,0.63X
600598,北大荒,2026-08-06,12.2,0.25%,"形态: 两连阴 (-1.21%, -0.90%) | 趋势: 高于MA20",11.93,13.01,1.26X
000812,陕西金叶,2026-08-14,3.57,-1.11%,趋势: 多头排列 (5>20>60) | 趋势: 高于MA20,3.43,3.42,0.57X
600015,华夏银行,2026-08-06,6.81,0.44%,"形态: 两连阴 (-1.85%, -1.60%)",6.94,6.80,0.77X
002905,金逸影视,2026-08-06,7.67,0.92%,趋势: 高于MA20 | 动量: 突破转强 (阳线上穿5/10),7.30,7.60,0.99X
002576,通达动力,2026-08-14,14.29,-1.92%,趋势: 高于MA20,14.05,14.83,1.28X
600926,杭州银行,2026-08-06,16.18,0.19%,趋势: 多头排列 (5>20>60) | 趋势: 高于MA20,15.88,15.83,0.84X
002982,湘佳股份,2026-08-06,11.93,0.34%,趋势: 高于MA20 | 动量: 突破转强 (阳线上穿5/10),11.71,12.26,1.11X
002399,海普瑞,2026-08-06,9.69,-0.21%,趋势: 多头排列 (5>20>60),9.72,9.61,1.15X
002722,物产金轮,2026-08-06,12.68,-0.78%,趋势: 高于MA20,12.11,12.87,0.77X
603839,安正时尚,2026-08-06,6.76,-0.44%,趋势: 高于MA20,6.26,6.54,0.66X
002803,吉宏股份,2026-08-06,19.98,2.04%,形态: 10日内有涨停 | 趋势: 高于MA20 | 动量: 突破转强 (阳线上穿5/10),19.51,21.80,0.82X
002731,萃华珠宝,2026-08-28,0.85,-9.57%,"形态: 10日内有涨停 | 形态: 两连阴 (-9.57%, -9.62%)",1.50,2.76,0.15X
002752,昇兴股份,2026-08-28,6.06,1.17%,趋势: 高于MA20 | 动量: 突破转强 (阳线上穿5/10),5.97,5.99,1.32X
600718,东软集团,2026-08-06,8.43,-1.52%,趋势: 多头排列 (5>20>60) | 趋势: 高于MA20,8.12,8.03,1.05X
605500,森林包装,2026-08-14,6.9,-0.58%,趋势: 高于MA20,6.61,7.06,0.77X
600163,中闽能源,2026-08-28,5.25,3.55%,量能: 放量 (1.93X) | 趋势: 高于MA20 | 动量: 突破转强 (阳线上穿5/10),5.14,5.26,1.93X
603896,寿仙谷,2026-08-06,14.59,-0.41%,"形态: 两连阴 (-0.67%, -1.35%)",14.67,14.94,0.81X
600333,长春燃气,2026-08-14,6.21,0.00%,趋势: 多头排列 (5>20>60) | 趋势: 高于MA20,5.86,5.62,0.80X
603739,蔚蓝生物,2026-08-06,11.63,1.04%,趋势: 高于MA20 | 动量: 突破转强 (阳线上穿5/10),11.50,12.33,0.99X
002745,木林森,2026-08-06,10.98,2.71%,趋势: 高于MA20 | 动量: 突破转强 (阳线上穿5/10),10.90,10.86,1.08X
002995,天地在线,2026-08-06,18.13,-0.82%,形态: 10日内有涨停 | 趋势: 高于MA20,16.28,19.12,0.69X
601607,上海医药,2026-08-06,16.43,-0.18%,"趋势: 多头排列 (5>20>60) | 形态: 两连阴 (-1.07%, -1.02%)",16.62,16.34,0.82X
601369,陕鼓动力,2026-08-06,9.68,2.22%,"趋势: 多头排列 (5>20>60) | 形态: 两连阴 (-0.62%, -0.94%) | 趋势: 高于MA20 | 动量: 突破转强 (阳线上穿5/10)",9.32,9.13,1.28X
000902,新洋丰,2026-08-06,13.5,-1.68%,趋势: 多头排列 (5>20>60) | 趋势: 高于MA20,13.34,13.00,1.26X
000070,特发信息,2026-08-28,15.91,-3.58%,形态: 10日内有涨停 | 趋势: 高于MA20,14.85,16.71,1.02X
000818,航锦科技,2026-08-06,13.54,-1.10%,趋势: 高于MA20,12.86,13.84,0.70X
000993,闽东电力,2026-08-28,9.92,0.10%,动量: 突破转强 (阳线上穿5/10),10.06,10.37,0.82X
601139,深圳燃气,2026-08-06,6.41,-0.62%,"趋势: 多头排列 (5>20>60) | 形态: 两连阴 (-2.26%, -0.62%) | 趋势: 高于MA20",6.36,6.26,0.87X
002471,中超控股,2026-08-14,5.74,-0.35%,趋势: 高于MA20,5.41,6.18,0.85X
603759,海天股份,2026-08-06,7.26,0.55%,"形态: 两连阴 (-0.68%, -1.10%) | 趋势: 高于MA20",7.01,7.52,0.83X
605167,利柏特,2026-08-14,14.39,0.63%,"形态: 10日内有涨停 | 形态: 两连阴 (-0.73%, -4.79%) | 趋势: 高于MA20",13.99,14.84,0.63X
601727,上海电气,2026-08-06,6.88,-1.99%,趋势: 高于MA20,6.72,7.38,0.98X
000519,中兵红箭,2026-08-06,14.57,-1.55%,趋势: 高于MA20,14.42,17.75,1.06X
603070,万控智造,2026-08-14,11.59,-0.94%,趋势: 高于MA20,11.22,13.22,1.00X
603272,联翔股份,2026-08-28,15.02,7.90%,量能: 放量 (1.79X) | 动量: 突破转强 (阳线上穿5/10),15.22,21.10,1.79X
002692,远程股份,2026-08-06,4.07,0.49%,趋势: 高于MA20 | 动量: 突破转强 (阳线上穿5/10),3.75,4.18,0.68X
002823,凯中精密,2026-08-06,13.32,-0.22%,趋势: 高于MA20,12.79,15.39,0.89X
600956,新天绿能,2026-08-06,7.3,-1.75%,"形态: 两连阴 (-0.92%, -1.72%) | 趋势: 高于MA20",7.27,7.84,1.09X
600006,东风股份,2026-08-06,5.46,-2.33%,"形态: 两连阴 (-2.43%, -0.36%) | 趋势: 高于MA20",5.42,5.70,0.97X
002292,奥飞娱乐,2026-08-06,8.16,-1.81%,"趋势: 多头排列 (5>20>60) | 形态: 10日内有涨停 | 形态: 两连阴 (-0.24%, -0.36%) | 趋势: 高于MA20",7.81,7.41,0.80X
600064,南京高科,2026-08-06,7.71,-1.03%,"趋势: 多头排列 (5>20>60) | 形态: 两连阴 (-2.13%, -0.13%) | 趋势: 高于MA20",7.61,7.49,1.05X
603320,迪贝电气,2026-08-06,16.77,1.39%,趋势: 高于MA20 | 动量: 突破转强 (阳线上穿5/10),15.97,19.44,0.78X
605303,园林股份,2026-08-28,23.43,0.51%,形态: 10日内有涨停 | 趋势: 高于MA20 | 动量: 突破转强 (阳线上穿5/10),21.54,22.84,0.89X
002866,传艺科技,2026-08-06,15.42,-0.90%,趋势: 高于MA20,14.51,17.31,0.88X
002027,分众传媒,2026-08-06,5.14,-2.65%,"形态: 两连阴 (-0.37%, -0.75%)",5.17,5.24,0.89X
603387,基蛋生物,2026-08-06,8.97,0.79%,趋势: 多头排列 (5>20>60) | 趋势: 高于MA20 | 动量: 突破转强 (阳线上穿5/10),8.75,8.58,0.87X
002468,申通快递,2026-08-06,13.92,-0.64%,"形态: 两连阴 (-0.35%, -2.16%)",14.37,14.67,1.37X
002268,电科网安,2026-08-14,14.17,0.00%,"趋势: 多头排列 (5>20>60) | 形态: 两连阴 (-1.50%, -1.94%)",14.35,14.02,0.82X
001286,陕西能源,2026-08-06,10.43,1.36%,趋势: 高于MA20 | 动量: 突破转强 (阳线上穿5/10),10.37,11.15,0.92X
600908,无锡银行,2026-08-06,5.46,-1.09%,"趋势: 多头排列 (5>20>60) | 形态: 两连阴 (-2.95%, -1.25%)",5.46,5.43,1.17X
600057,厦门象屿,2026-08-28,6.61,3.12%,趋势: 多头排列 (5>20>60) | 趋势: 高于MA20 | 动量: 突破转强 (阳线上穿5/10),6.33,6.10,1.09X
603535,嘉诚国际,2026-08-28,6.45,3.04%,趋势: 高于MA20 | 动量: 突破转强 (阳线上穿5/10),6.40,6.31,0.91X
002736,国信证券,2026-08-06,10.14,-1.55%,"形态: 两连阴 (-0.48%, -0.10%)",10.20,10.21,1.18X
601058,赛轮轮胎,2026-08-28,14.39,2.86%,趋势: 多头排列 (5>20>60) | 量能: 放量 (2.07X) | 趋势: 高于MA20 | 动量: 突破转强 (阳线上穿5/10),13.83,13.07,2.07X
000498,山东路桥,2026-08-14,4.92,-0.40%,"形态: 两连阴 (-0.20%, -0.60%)",5.01,5.02,0.70X
601399,国机重装,2026-08-28,3.24,1.57%,动量: 突破转强 (阳线上穿5/10),3.24,3.33,1.17X
600410,华胜天成,2026-08-06,15.97,-1.11%,形态: 10日内有涨停 | 趋势: 高于MA20,14.22,16.97,1.19X
002167,东方锆业,2026-08-06,17.06,2.96%,趋势: 高于MA20 | 动量: 突破转强 (阳线上穿5/10),16.44,16.43,1.43X
002667,威领股份,2026-08-28,19.0,-1.91%,趋势: 多头排列 (5>20>60) | 形态: 10日内有涨停 | 趋势: 高于MA20,15.79,13.77,0.58X
603880,南卫股份,2026-08-06,7.24,-2.03%,趋势: 高于MA20,6.50,7.41,1.45X
002302,西部建设,2026-08-14,4.73,-1.05%,"形态: 10日内有涨停 | 形态: 两连阴 (-0.81%, -2.65%) | 趋势: 高于MA20",4.67,4.70,0.51X
603172,万丰股份,2026-08-28,19.5,5.98%,趋势: 多头排列 (5>20>60) | 量能: 放量 (2.96X) | 趋势: 高于MA20 | 动量: 突破转强 (阳线上穿5/10),17.51,17.10,2.96X
002616,长青集团,2026-08-06,4.74,-0.42%,"形态: 两连阴 (-0.62%, -0.42%) | 趋势: 高于MA20",4.71,5.00,0.92X
600588,用友网络,2026-08-14,11.65,0.00%,"趋势: 多头排列 (5>20>60) | 形态: 两连阴 (-1.26%, -1.02%) | 趋势: 高于MA20",10.66,10.15,1.12X
002500,山西证券,2026-08-06,5.36,-1.11%,"趋势: 多头排列 (5>20>60) | 形态: 两连阴 (-0.91%, -0.18%)",5.36,5.27,0.79X
600927,永安期货,2026-08-06,13.2,-2.29%,趋势: 高于MA20,12.95,13.22,0.97X
002324,普利特,2026-08-14,9.29,0.11%,趋势: 高于MA20,9.05,10.94,0.90X
603209,兴通股份,2026-08-14,13.43,-0.67%,趋势: 高于MA20,13.36,13.46,0.75X
603876,鼎胜新材,2026-08-28,23.57,1.33%,趋势: 高于MA20 | 动量: 突破转强 (阳线上穿5/10),22.32,23.16,0.87X
002890,弘宇股份,2026-08-06,14.1,4.91%,量能: 放量 (1.50X) | 趋势: 高于MA20 | 动量: 突破转强 (阳线上穿5/10),13.16,14.59,1.50X
002749,国光股份,2026-08-14,8.63,0.35%,"趋势: 多头排列 (5>20>60) | 形态: 两连阴 (-1.24%, -1.49%)",8.68,8.54,0.57X
001210,金房能源,2026-08-14,24.04,3.93%,形态: 10日内有涨停 | 趋势: 高于MA20 | 动量: 突破转强 (阳线上穿5/10),19.55,22.94,1.47X
002184,海得控制,2026-08-14,10.03,-0.10%,趋势: 高于MA20,9.61,10.23,0.80X
002706,良信股份,2026-08-14,10.01,0.20%,量能: 放量 (1.91X) | 形态: 10日内有涨停 | 趋势: 高于MA20 | 动量: 突破转强 (阳线上穿5/10),9.11,10.85,1.91X
002401,中远海科,2026-08-14,12.29,-0.32%,趋势: 高于MA20,12.02,12.29,0.79X
002177,御银股份,2026-08-14,5.64,-0.88%,趋势: 高于MA20,5.62,5.95,0.90X
600288,大恒科技,2026-08-14,13.22,9.98%,形态: 10日内有涨停 | 趋势: 高于MA20 | 动量: 突破转强 (阳线上穿5/10),10.71,12.49,1.39X
603766,隆鑫通用,2026-08-14,13.09,-1.43%,"形态: 两连阴 (-0.66%, -1.48%)",13.94,13.04,1.04X
002170,芭田股份,2026-08-06,11.53,-1.20%,趋势: 高于MA20,11.14,11.39,0.92X
002254,泰和新材,2026-08-14,12.75,2.33%,趋势: 高于MA20 | 动量: 突破转强 (阳线上穿5/10),11.85,14.18,1.12X
002681,奋达科技,2026-08-06,4.68,-1.47%,形态: 10日内有涨停 | 趋势: 高于MA20,4.57,4.90,0.65X
605055,迎丰股份,2026-08-14,9.61,-2.54%,趋势: 高于MA20,8.78,10.50,0.86X
600059,古越龙山,2026-08-06,8.04,-1.11%,"形态: 两连阴 (-1.21%, -0.37%) | 趋势: 高于MA20",7.91,7.94,0.89X
000731,四川美丰,2026-08-06,5.81,0.52%,"趋势: 多头排列 (5>20>60) | 形态: 两连阴 (-1.68%, -1.20%)",5.84,5.83,0.95X
000572,海马汽车,2026-08-28,3.94,0.51%,趋势: 高于MA20 | 动量: 突破转强 (阳线上穿5/10),3.87,3.82,0.80X
002355,兴民智通,2026-08-06,5.04,2.02%,量能: 放量 (3.45X) | 形态: 10日内有涨停 | 趋势: 高于MA20 | 动量: 突破转强 (阳线上穿5/10),4.31,4.86,3.45X
600720,中交设计,2026-08-06,5.28,-1.49%,趋势: 高于MA20,5.20,5.48,1.15X
600689,上海三毛,2026-08-06,10.24,0.69%,趋势: 高于MA20 | 动量: 突破转强 (阳线上穿5/10),9.66,10.71,0.93X
603043,广州酒家,2026-08-06,13.66,-1.16%,"形态: 两连阴 (-1.90%, -1.07%) | 趋势: 高于MA20",13.56,13.71,1.17X
000593,德龙汇能,2026-08-14,25.02,-10.00%,形态: 10日内有涨停 | 趋势: 高于MA20,20.74,21.68,1.09X
000665,湖北广电,2026-08-06,3.99,-0.50%,趋势: 高于MA20,3.81,4.04,0.81X
600601,方正科技,2026-08-28,12.33,-0.80%,趋势: 高于MA20,12.05,12.28,1.00X
002412,汉森制药,2026-08-06,7.0,0.00%,趋势: 多头排列 (5>20>60) | 趋势: 高于MA20,6.71,6.46,0.94X
002105,信隆健康,2026-08-14,5.8,1.58%,趋势: 高于MA20 | 动量: 突破转强 (阳线上穿5/10),5.30,5.41,1.40X
600916,中国黄金,2026-08-06,7.73,-2.52%,量能: 放量 (1.67X) | 趋势: 高于MA20,7.41,7.58,1.67X
600203,福日电子,2026-08-28,10.71,0.47%,趋势: 高于MA20 | 动量: 突破转强 (阳线上穿5/10),10.22,11.07,0.88X
000779,甘咨询,2026-08-06,14.28,5.86%,趋势: 多头排列 (5>20>60) | 形态: 10日内有涨停 | 趋势: 高于MA20 | 动量: 突破转强 (阳线上穿5/10),11.48,9.08,0.95X
600818,中路股份,2026-08-06,7.42,3.92%,趋势: 多头排列 (5>20>60) | 形态: 10日内有涨停 | 趋势: 高于MA20 | 动量: 突破转强 (阳线上穿5/10),6.05,5.92,1.17X
601921,浙版传媒,2026-08-06,7.2,-0.69%,"形态: 两连阴 (-1.34%, -1.49%) | 趋势: 高于MA20",7.12,7.22,0.95X
603711,香飘飘,2026-08-28,12.15,5.93%,"量能: 放量 (2.26X) | 形态: 两连阴 (-0.26%, -0.61%) | 趋势: 高于MA20 | 动量: 突破转强 (阳线上穿5/10)",11.61,11.62,2.26X
600202,哈空调,2026-08-06,4.86,1.46%,趋势: 高于MA20 | 动量: 突破转强 (阳线上穿5/10),4.53,4.99,0.97X
601801,皖新传媒,2026-08-06,5.55,-0.72%,趋势: 高于MA20,5.37,5.38,0.88X
600966,博汇纸业,2026-08-14,4.88,-0.20%,"形态: 两连阴 (-0.20%, -2.98%) | 趋势: 高于MA20",4.80,5.14,0.45X
603888,新华网,2026-08-06,17.09,-1.16%,趋势: 高于MA20,16.75,17.86,0.78X
002467,二六三,2026-08-06,4.86,-0.41%,趋势: 高于MA20,4.51,5.12,0.85X
603856,东宏股份,2026-08-14,11.24,0.27%,"形态: 两连阴 (-0.35%, -1.15%) | 趋势: 高于MA20",11.20,12.12,0.65X
000726,鲁  泰Ａ,2026-08-06,5.95,0.34%,"形态: 两连阴 (-1.32%, -0.67%) | 趋势: 高于MA20",5.84,5.85,0.84X
603258,电魂网络,2026-08-06,13.33,-0.82%,"形态: 10日内有涨停 | 形态: 两连阴 (-0.74%, -0.15%) | 趋势: 高于MA20",12.00,12.97,0.56X
603980,吉华集团,2026-08-06,6.77,0.45%,趋势: 多头排列 (5>20>60) | 形态: 10日内有涨停 | 趋势: 高于MA20 | 动量: 突破转强 (阳线上穿5/10),6.27,6.13,0.66X
000650,仁和药业,2026-08-06,5.33,-1.11%,"趋势: 多头排列 (5>20>60) | 形态: 两连阴 (-0.18%, -1.64%)",5.42,5.34,0.85X
600909,华安证券,2026-08-14,8.28,0.36%,趋势: 高于MA20 | 动量: 突破转强 (阳线上穿5/10),8.15,8.68,0.85X
000829,天音控股,2026-08-28,8.76,0.57%,趋势: 多头排列 (5>20>60) | 趋势: 高于MA20 | 动量: 突破转强 (阳线上穿5/10),8.45,8.31,1.19X
603758,秦安股份,2026-08-14,13.82,-9.97%,趋势: 多头排列 (5>20>60) | 量能: 放量 (1.84X) | 形态: 10日内有涨停 | 趋势: 高于MA20,10.21,10.09,1.84X
002817,黄山胶囊,2026-08-06,6.28,0.64%,"形态: 两连阴 (-0.32%, -0.79%) | 趋势: 高于MA20 | 动量: 突破转强 (阳线上穿5/10)",6.04,6.47,0.94X
600854,春兰股份,2026-08-14,4.48,0.00%,趋势: 高于MA20,4.31,4.42,0.72X
603187,海容冷链,2026-08-28,11.19,0.36%,动量: 突破转强 (阳线上穿5/10),11.74,11.96,0.94X
002195,岩山科技,2026-08-06,6.91,-3.36%,形态: 10日内有涨停 | 趋势: 高于MA20,6.34,6.98,0.98X
600825,新华传媒,2026-08-06,5.09,-0.97%,趋势: 高于MA20,4.85,4.98,0.87X
601615,明阳智能,2026-08-14,11.65,-3.88%,趋势: 高于MA20,11.40,12.37,1.11X
000059,华锦股份,2026-08-06,4.58,1.10%,"趋势: 多头排列 (5>20>60) | 形态: 两连阴 (-1.73%, -0.44%) | 趋势: 高于MA20",4.49,4.41,0.98X
002530,金财互联,2026-08-06,7.5,-2.34%,趋势: 高于MA20,6.87,7.39,1.35X
600859,王府井,2026-08-28,10.11,1.51%,趋势: 高于MA20 | 动量: 突破转强 (阳线上穿5/10),10.05,9.91,1.05X
003025,思进智能,2026-08-14,12.49,-0.64%,趋势: 高于MA20,11.76,13.63,0.65X
601999,出版传媒,2026-08-06,6.02,0.33%,"形态: 两连阴 (-0.33%, -0.50%) | 趋势: 高于MA20 | 动量: 突破转强 (阳线上穿5/10)",5.85,5.93,0.92X
603938,三孚股份,2026-08-06,41.33,3.84%,形态: 10日内有涨停 | 动量: 突破转强 (阳线上穿5/10),41.88,50.80,1.11X
600018,上港集团,2026-08-06,5.2,0.58%,"趋势: 多头排列 (5>20>60) | 形态: 两连阴 (-1.89%, -0.39%) | 趋势: 高于MA20",5.19,5.06,0.86X
000756,新华制药,2026-08-06,14.29,4.54%,量能: 放量 (2.14X) | 趋势: 高于MA20 | 动量: 突破转强 (阳线上穿5/10),13.90,13.59,2.14X
002455,百川股份,2026-08-06,7.05,1.59%,趋势: 高于MA20 | 动量: 突破转强 (阳线上穿5/10),6.39,7.68,1.09X
600531,豫光金铅,2026-08-28,14.17,1.58%,趋势: 多头排列 (5>20>60) | 趋势: 高于MA20 | 动量: 突破转强 (阳线上穿5/10),13.34,13.18,0.94X
603108,润达医疗,2026-08-06,10.47,-0.19%,趋势: 高于MA20,9.63,10.80,1.22X
601156,东航物流,2026-08-14,17.71,-1.12%,趋势: 多头排列 (5>20>60) | 趋势: 高于MA20,17.08,16.63,0.53X
000951,中国重汽,2026-08-06,22.04,0.09%,趋势: 多头排列 (5>20>60) | 趋势: 高于MA20,21.93,21.71,0.76X
600571,信雅达,2026-08-14,10.44,-0.76%,趋势: 高于MA20,10.26,10.32,0.86X
603551,奥普科技,2026-08-06,9.43,-0.11%,趋势: 高于MA20,9.26,9.84,0.62X
000567,海德股份,2026-08-28,7.01,10.05%,趋势: 多头排列 (5>20>60) | 量能: 放量 (2.49X) | 形态: 10日内有涨停 | 趋势: 高于MA20 | 动量: 突破转强 (阳线上穿5/10),6.19,5.95,2.49X
000811,冰轮环境,2026-08-14,40.99,0.24%,形态: 10日内有涨停 | 趋势: 高于MA20,40.03,40.80,0.95X
002932,明德生物,2026-08-06,14.88,-0.07%,趋势: 高于MA20,14.43,15.04,1.05X
603926,铁流股份,2026-08-06,15.96,0.25%,趋势: 高于MA20 | 动量: 突破转强 (阳线上穿5/10),15.33,18.75,0.77X
000409,云鼎科技,2026-08-06,8.93,-0.45%,"形态: 两连阴 (-0.11%, -0.33%) | 趋势: 高于MA20",8.43,8.91,0.77X
605180,华生科技,2026-08-06,11.94,1.79%,趋势: 高于MA20 | 动量: 突破转强 (阳线上穿5/10),11.11,12.80,1.12X
600155,华创云信,2026-08-06,5.93,-1.33%,"趋势: 多头排列 (5>20>60) | 形态: 两连阴 (-0.82%, -0.33%) | 趋势: 高于MA20",5.74,5.67,0.86X
601555,东吴证券,2026-08-06,8.22,-0.12%,趋势: 多头排列 (5>20>60) | 趋势: 高于MA20,8.05,7.95,0.91X
002777,久远银海,2026-08-06,13.44,0.30%,趋势: 高于MA20 | 动量: 突破转强 (阳线上穿5/10),12.60,13.40,0.88X
000035,中国天楹,2026-08-06,4.96,-4.06%,趋势: 高于MA20,4.72,5.16,1.40X
000151,中成股份,2026-08-06,10.09,1.10%,趋势: 高于MA20 | 动量: 突破转强 (阳线上穿5/10),9.37,11.26,0.92X
002226,江南化工,2026-08-06,5.02,-1.38%,"形态: 两连阴 (-0.97%, -0.78%) | 趋势: 高于MA20",4.76,4.97,0.78X
603703,盛洋科技,2026-08-14,9.75,3.39%,量能: 放量 (2.08X) | 趋势: 高于MA20 | 动量: 突破转强 (阳线上穿5/10),8.82,10.58,2.08X
600967,内蒙一机,2026-08-06,11.42,-1.72%,趋势: 高于MA20,11.02,11.73,0.98X
605599,菜百股份,2026-08-06,16.57,2.47%,趋势: 多头排列 (5>20>60) | 趋势: 高于MA20 | 动量: 突破转强 (阳线上穿5/10),15.28,15.24,1.41X
000014,沙河股份,2026-08-06,10.1,-0.30%,趋势: 高于MA20,9.45,10.05,0.82X
605155,西大门,2026-08-14,14.76,1.10%,趋势: 高于MA20 | 动量: 突破转强 (阳线上穿5/10),13.49,13.59,0.97X
000892,欢瑞世纪,2026-08-14,4.0,-1.96%,形态: 10日内有涨停 | 趋势: 高于MA20,3.71,3.76,0.79X
000782,恒申新材,2026-08-06,7.56,1.20%,趋势: 高于MA20 | 动量: 突破转强 (阳线上穿5/10),6.74,7.40,0.96X
002950,奥美医疗,2026-08-06,9.26,-0.64%,趋势: 高于MA20,9.02,9.52,0.96X
600998,九州通,2026-08-06,4.95,0.81%,"形态: 两连阴 (-1.75%, -2.96%)",5.09,4.92,0.97X
600847,万里股份,2026-08-06,12.22,-0.08%,形态: 10日内有涨停 | 趋势: 高于MA20,11.33,13.64,0.82X
600201,生物股份,2026-08-06,13.09,-0.83%,趋势: 高于MA20,11.97,12.23,0.65X
600706,曲江文旅,2026-08-14,7.71,-1.15%,趋势: 高于MA20,7.35,7.44,0.91X
002828,贝肯能源,2026-08-06,11.97,-3.47%,趋势: 多头排列 (5>20>60),12.09,10.79,0.66X
002022,科华生物,2026-08-06,5.22,0.77%,趋势: 高于MA20 | 动量: 突破转强 (阳线上穿5/10),5.05,5.14,0.72X
002125,湘潭电化,2026-08-28,13.03,-1.14%,趋势: 高于MA20,12.79,13.75,0.60X
002949,华阳国际,2026-08-14,10.51,0.57%,趋势: 高于MA20,10.00,10.72,0.89X
600375,汉马科技,2026-08-06,4.02,-1.47%,"形态: 两连阴 (-0.49%, -0.24%) | 趋势: 高于MA20",3.92,4.08,0.75X
603819,神力股份,2026-08-14,14.2,0.50%,趋势: 多头排列 (5>20>60) | 趋势: 高于MA20,12.77,12.60,0.88X
600971,恒源煤电,2026-08-06,8.26,4.56%,"趋势: 多头排列 (5>20>60) | 量能: 放量 (1.66X) | 形态: 两连阴 (-1.12%, -0.13%) | 趋势: 高于MA20 | 动量: 突破转强 (阳线上穿5/10)",7.74,7.62,1.66X
603883,老百姓,2026-08-06,12.39,-1.35%,"趋势: 多头排列 (5>20>60) | 形态: 两连阴 (-2.16%, -0.87%) | 趋势: 高于MA20",12.32,12.07,1.03X
002111,威海广泰,2026-08-14,9.62,1.91%,趋势: 高于MA20 | 动量: 突破转强 (阳线上穿5/10),9.47,9.56,1.31X
000419,通程控股,2026-08-06,4.9,0.20%,"形态: 两连阴 (-1.21%, -0.20%) | 趋势: 高于MA20",4.76,4.90,0.88X
002459,晶澳科技,2026-08-14,7.56,-0.79%,趋势: 高于MA20,7.51,8.18,0.84X
002550,千红制药,2026-08-06,6.87,-0.72%,趋势: 多头排列 (5>20>60) | 趋势: 高于MA20,6.85,6.50,0.96X
600615,鑫源智造,2026-08-06,9.18,0.55%,趋势: 高于MA20 | 动量: 突破转强 (阳线上穿5/10),8.69,9.69,0.96X
603115,海星股份,2026-08-06,79.93,3.03%,量能: 放量 (1.61X) | 形态: 10日内有涨停 | 趋势: 高于MA20 | 动量: 突破转强 (阳线上穿5/10),74.34,94.68,1.61X
002255,海陆重工,2026-08-14,8.43,0.36%,趋势: 高于MA20,8.30,8.94,0.88X
600618,氯碱化工,2026-08-28,10.66,2.30%,趋势: 多头排列 (5>20>60) | 趋势: 高于MA20 | 动量: 突破转强 (阳线上穿5/10),10.33,10.30,1.41X
600420,国药现代,2026-08-06,8.58,-1.27%,"形态: 两连阴 (-1.68%, -0.91%)",8.79,8.77,1.00X
600023,浙能电力,2026-08-06,4.96,0.40%,"形态: 两连阴 (-1.00%, -0.60%)",5.22,5.65,0.58X
603958,哈森股份,2026-08-14,15.25,3.81%,量能: 放量 (1.66X) | 趋势: 高于MA20 | 动量: 突破转强 (阳线上穿5/10),13.90,17.16,1.66X
002328,新朋股份,2026-08-06,7.06,2.02%,量能: 放量 (1.72X) | 趋势: 高于MA20 | 动量: 突破转强 (阳线上穿5/10),6.67,7.97,1.72X
603081,大丰实业,2026-08-06,9.56,5.64%,量能: 放量 (2.22X) | 趋势: 高于MA20 | 动量: 突破转强 (阳线上穿5/10),8.62,9.53,2.22X
002346,柘中股份,2026-08-14,22.33,3.33%,形态: 10日内有涨停 | 趋势: 高于MA20 | 动量: 突破转强 (阳线上穿5/10),18.58,19.32,0.98X
601800,中国交建,2026-08-06,6.12,-0.33%,"形态: 两连阴 (-2.36%, -0.97%)",6.15,6.18,0.91X
002229,鸿博股份,2026-08-06,10.81,-1.82%,趋势: 高于MA20,9.91,12.04,0.72X
001217,华尔泰,2026-08-28,10.43,2.25%,趋势: 多头排列 (5>20>60) | 趋势: 高于MA20 | 动量: 突破转强 (阳线上穿5/10),9.97,9.34,1.18X
601200,上海环境,2026-08-06,7.04,-0.71%,"形态: 两连阴 (-1.38%, -0.84%) | 趋势: 高于MA20",7.03,7.20,1.00X
600478,科力远,2026-08-06,5.0,-1.77%,"形态: 两连阴 (-0.96%, -0.97%) | 趋势: 高于MA20",4.82,5.44,1.09X
600109,国金证券,2026-08-06,8.7,-1.02%,趋势: 高于MA20,8.61,8.63,0.92X
000680,山推股份,2026-08-06,11.16,-0.45%,趋势: 高于MA20,10.64,10.71,0.78X
002198,嘉应制药,2026-08-14,3.44,0.29%,趋势: 高于MA20 | 动量: 突破转强 (阳线上穿5/10),3.25,3.43,1.06X
603305,旭升集团,2026-08-14,11.67,-0.93%,趋势: 高于MA20,11.40,12.80,1.03X
600828,茂业商业,2026-08-28,4.09,1.74%,趋势: 多头排列 (5>20>60) | 趋势: 高于MA20 | 动量: 突破转强 (阳线上穿5/10),3.97,3.83,1.04X
603278,大业股份,2026-08-14,9.53,-0.42%,趋势: 高于MA20,8.94,10.75,0.75X
002207,准油股份,2026-08-06,6.01,0.50%,趋势: 高于MA20 | 动量: 突破转强 (阳线上穿5/10),5.62,7.10,0.72X
002279,久其软件,2026-08-14,7.27,3.71%,趋势: 多头排列 (5>20>60) | 量能: 放量 (1.64X) | 趋势: 高于MA20 | 动量: 突破转强 (阳线上穿5/10),6.62,6.45,1.64X
600773,西藏城投,2026-08-28,11.27,4.45%,趋势: 高于MA20 | 动量: 突破转强 (阳线上穿5/10),10.99,12.12,1.19X
600530,交大昂立,2026-08-28,3.9,3.45%,量能: 放量 (1.68X) | 动量: 突破转强 (阳线上穿5/10),3.91,4.94,1.68X
002098,浔兴股份,2026-08-14,7.09,1.00%,趋势: 高于MA20 | 动量: 突破转强 (阳线上穿5/10),6.62,6.83,1.42X
002560,通达股份,2026-08-14,6.4,-0.93%,趋势: 高于MA20,6.16,7.33,0.89X
002612,朗姿股份,2026-08-06,15.26,2.42%,形态: 10日内有涨停 | 趋势: 高于MA20 | 动量: 突破转强 (阳线上穿5/10),12.90,12.99,0.80X
601163,三角轮胎,2026-08-06,13.31,0.38%,"形态: 两连阴 (-1.26%, -0.45%) | 趋势: 高于MA20",12.91,13.42,1.02X
600025,华能水电,2026-08-06,9.75,0.00%,"形态: 两连阴 (-1.78%, -1.91%)",9.95,9.64,0.79X
600589,大位科技,2026-08-14,8.37,2.20%,趋势: 高于MA20 | 动量: 突破转强 (阳线上穿5/10),7.68,9.21,1.20X
600226,亨通股份,2026-08-14,6.31,3.61%,趋势: 高于MA20 | 动量: 突破转强 (阳线上穿5/10),5.66,7.28,1.23X
600596,新安股份,2026-08-14,10.76,0.56%,趋势: 高于MA20,10.46,12.84,0.75X
600249,两面针,2026-08-06,5.11,0.39%,趋势: 高于MA20 | 动量: 突破转强 (阳线上穿5/10),4.90,5.04,1.09X
002635,安洁科技,2026-08-06,14.85,1.37%,趋势: 高于MA20 | 动量: 突破转强 (阳线上穿5/10),14.11,16.88,0.84X
000510,新金路,2026-08-28,17.73,1.84%,趋势: 高于MA20 | 动量: 突破转强 (阳线上穿5/10),16.43,18.28,1.20X
603316,诚邦股份,2026-08-06,13.74,2.08%,形态: 10日内有涨停 | 动量: 突破转强 (阳线上穿5/10),13.91,18.82,0.94X
603871,嘉友国际,2026-08-28,13.71,1.41%,趋势: 多头排列 (5>20>60) | 趋势: 高于MA20 | 动量: 突破转强 (阳线上穿5/10),12.73,12.01,0.67X
002617,露笑科技,2026-08-14,6.29,-0.63%,趋势: 高于MA20,6.14,7.98,0.81X
603725,天安新材,2026-08-06,10.47,3.25%,动量: 突破转强 (阳线上穿5/10),11.61,11.78,0.85X
603029,天鹅股份,2026-08-06,14.91,0.74%,"形态: 两连阴 (-0.07%, -0.20%) | 趋势: 高于MA20 | 动量: 突破转强 (阳线上穿5/10)",14.05,15.49,0.86X
000555,神州信息,2026-08-06,11.16,0.81%,趋势: 高于MA20 | 动量: 突破转强 (阳线上穿5/10),10.43,11.40,0.94X
603660,苏州科达,2026-08-06,10.9,4.21%,形态: 10日内有涨停 | 趋势: 高于MA20 | 动量: 突破转强 (阳线上穿5/10),9.02,11.04,0.90X
603527,众源新材,2026-08-06,9.82,1.76%,趋势: 高于MA20 | 动量: 突破转强 (阳线上穿5/10),9.25,11.79,1.16X
603125,常青科技,2026-08-06,23.0,1.72%,量能: 放量 (1.56X) | 形态: 10日内有涨停 | 趋势: 高于MA20 | 动量: 突破转强 (阳线上穿5/10),21.61,25.30,1.56X
600330,天通股份,2026-08-28,28.94,-0.72%,形态: 10日内有涨停 | 趋势: 高于MA20,24.79,25.41,1.12X
002204,大连重工,2026-08-14,5.34,-0.19%,趋势: 高于MA20,5.32,5.48,0.76X
000537,中绿电,2026-08-06,7.6,-1.94%,"形态: 两连阴 (-0.89%, -0.77%) | 趋势: 高于MA20",7.57,8.59,0.99X
601007,金陵饭店,2026-08-06,6.56,0.15%,"形态: 两连阴 (-1.35%, -0.46%) | 趋势: 高于MA20",6.41,6.57,0.79X
002366,融发核电,2026-08-14,6.03,0.50%,"形态: 10日内有涨停 | 形态: 两连阴 (-1.91%, -2.44%) | 趋势: 高于MA20",5.87,5.94,0.66X
603020,爱普股份,2026-08-06,10.11,0.10%,动量: 突破转强 (阳线上穿5/10),10.33,11.49,0.95X
002659,凯文教育,2026-08-06,4.66,-6.80%,形态: 10日内有涨停 | 趋势: 高于MA20,4.17,4.22,1.01X
002349,精华制药,2026-08-06,6.66,-0.30%,趋势: 多头排列 (5>20>60),6.73,6.69,0.95X
002442,龙星科技,2026-08-06,4.98,0.20%,趋势: 高于MA20 | 动量: 突破转强 (阳线上穿5/10),4.70,5.40,0.99X
002045,国光电器,2026-08-28,9.1,1.56%,"趋势: 多头排列 (5>20>60) | 形态: 10日内有涨停 | 形态: 两连阴 (-0.11%, -0.44%) | 趋势: 高于MA20 | 动量: 突破转强 (阳线上穿5/10)",8.66,8.27,1.27X
000530,冰山冷热,2026-08-06,5.02,0.00%,趋势: 高于MA20,4.83,5.42,0.89X
002743,富煌钢构,2026-08-06,3.89,1.30%,趋势: 高于MA20 | 动量: 突破转强 (阳线上穿5/10),3.63,4.22,0.77X
002286,保龄宝,2026-08-06,8.07,0.25%,形态: 10日内有涨停 | 趋势: 高于MA20 | 动量: 突破转强 (阳线上穿5/10),7.81,8.55,0.96X
603111,康尼机电,2026-08-06,5.79,-0.52%,趋势: 高于MA20,5.78,6.04,0.72X
600819,耀皮玻璃,2026-08-06,5.42,-0.37%,趋势: 高于MA20,5.13,6.03,0.92X
002780,三夫户外,2026-08-06,13.15,0.31%,趋势: 高于MA20 | 动量: 突破转强 (阳线上穿5/10),12.59,13.36,0.71X
002015,协鑫能科,2026-08-06,15.75,-2.30%,形态: 10日内有涨停 | 趋势: 高于MA20,14.68,17.84,0.78X
605077,华康股份,2026-08-14,10.93,-0.55%,趋势: 高于MA20,10.76,12.16,0.80X
603960,克来机电,2026-08-14,16.3,-0.37%,趋势: 高于MA20,15.35,17.93,1.05X
002363,隆基机械,2026-08-14,6.46,-0.15%,趋势: 高于MA20,6.24,6.49,0.75X
605208,永茂泰,2026-08-14,13.83,1.47%,趋势: 高于MA20 | 动量: 突破转强 (阳线上穿5/10),12.85,14.87,0.80X
600267,海正药业,2026-08-06,11.92,-0.75%,趋势: 多头排列 (5>20>60) | 趋势: 高于MA20,11.79,10.77,1.19X
600834,申通地铁,2026-08-06,7.36,0.41%,"形态: 两连阴 (-0.81%, -0.68%) | 趋势: 高于MA20 | 动量: 突破转强 (阳线上穿5/10)",7.06,7.22,0.73X
600986,浙文互联,2026-08-14,7.87,-1.62%,趋势: 高于MA20,7.49,7.61,0.97X
603916,苏博特,2026-08-06,10.84,4.53%,趋势: 高于MA20 | 动量: 突破转强 (阳线上穿5/10),10.02,12.72,1.18X
002960,青鸟消防,2026-08-14,8.2,-1.44%,趋势: 高于MA20,8.00,8.38,0.77X
000888,峨眉山Ａ,2026-08-06,9.69,-0.41%,"形态: 两连阴 (-1.31%, -0.31%) | 趋势: 高于MA20",9.54,9.76,0.89X
600903,贵州燃气,2026-08-06,6.36,0.16%,趋势: 高于MA20 | 动量: 突破转强 (阳线上穿5/10),6.07,7.59,0.80X
001872,招商港口,2026-08-06,22.05,0.46%,趋势: 多头排列 (5>20>60) | 趋势: 高于MA20,21.70,21.38,0.75X
601136,首创证券,2026-08-06,14.69,-0.94%,"形态: 两连阴 (-0.80%, -0.67%) | 趋势: 高于MA20",14.32,14.51,0.66X
600061,国投资本,2026-08-06,6.42,-1.68%,"趋势: 多头排列 (5>20>60) | 形态: 两连阴 (-0.46%, -0.15%)",6.49,6.48,1.10X
603903,中持股份,2026-08-28,13.95,-0.21%,"趋势: 多头排列 (5>20>60) | 形态: 两连阴 (-0.63%, -0.85%) | 趋势: 高于MA20",13.47,13.09,0.54X
600583,海油工程,2026-08-06,5.6,-0.18%,"形态: 两连阴 (-1.05%, -0.71%) | 趋势: 高于MA20",5.50,5.53,0.82X
002406,远东传动,2026-08-14,6.78,-0.15%,趋势: 高于MA20,6.58,7.08,0.82X
603017,中衡设计,2026-08-14,9.5,-0.11%,趋势: 高于MA20,9.05,10.17,0.78X
600846,同济科技,2026-08-28,11.89,0.42%,动量: 突破转强 (阳线上穿5/10),12.07,11.20,0.70X
000830,鲁西化工,2026-08-14,11.92,-0.33%,"形态: 两连阴 (-0.40%, -4.09%)",12.60,12.63,0.57X
603356,华菱精工,2026-08-14,16.67,1.77%,趋势: 高于MA20 | 动量: 突破转强 (阳线上穿5/10),14.81,16.18,0.86X
002186,全 聚 德,2026-08-06,9.26,0.76%,"形态: 两连阴 (-1.49%, -0.43%) | 趋势: 高于MA20",8.95,9.12,0.71X
600299,安迪苏,2026-08-06,8.69,2.84%,趋势: 高于MA20 | 动量: 突破转强 (阳线上穿5/10),8.19,9.42,1.45X
603210,泰鸿万立,2026-08-06,13.56,-1.02%,趋势: 高于MA20,13.39,13.99,0.99X
603858,步长制药,2026-08-06,15.43,-1.47%,"形态: 两连阴 (-1.00%, -0.89%)",15.75,15.39,0.76X
603680,今创集团,2026-08-14,10.17,0.30%,"形态: 两连阴 (-0.19%, -3.34%) | 趋势: 高于MA20",9.94,10.59,0.68X
600559,老白干酒,2026-08-06,12.04,-0.74%,"形态: 两连阴 (-2.00%, -1.06%) | 趋势: 高于MA20",11.87,12.13,1.11X
002678,珠江钢琴,2026-08-06,4.47,0.22%,趋势: 高于MA20 | 动量: 突破转强 (阳线上穿5/10),4.20,4.93,0.84X
601398,工商银行,2026-08-28,7.86,0.51%,趋势: 多头排列 (5>20>60) | 趋势: 高于MA20,7.70,7.54,0.81X
603378,亚士创能,2026-08-06,5.34,3.29%,"形态: 10日内有涨停 | 形态: 两连阴 (-0.57%, -1.52%) | 趋势: 高于MA20 | 动量: 突破转强 (阳线上穿5/10)",5.07,5.28,1.22X
000755,山西高速,2026-08-28,4.83,1.47%,趋势: 多头排列 (5>20>60) | 趋势: 高于MA20 | 动量: 突破转强 (阳线上穿5/10),4.74,4.64,1.12X
002675,东诚药业,2026-08-14,13.17,-1.05%,趋势: 多头排列 (5>20>60) | 趋势: 高于MA20,12.88,12.65,0.77X
000910,大亚圣象,2026-08-06,5.29,1.15%,趋势: 高于MA20 | 动量: 突破转强 (阳线上穿5/10),5.14,5.70,0.89X
002614,奥佳华,2026-08-06,4.78,0.21%,"形态: 两连阴 (-0.21%, -0.42%) | 趋势: 高于MA20 | 动量: 突破转强 (阳线上穿5/10)",4.64,4.84,0.96X
605189,富春染织,2026-08-14,16.14,1.13%,"趋势: 多头排列 (5>20>60) | 形态: 两连阴 (-3.57%, -3.21%) | 趋势: 高于MA20",15.67,14.62,0.58X
600000,浦发银行,2026-08-06,9.29,0.32%,"趋势: 多头排列 (5>20>60) | 形态: 两连阴 (-2.39%, -1.49%) | 趋势: 高于MA20",9.20,9.14,0.73X
600359,新农开发,2026-08-28,7.51,0.54%,趋势: 多头排列 (5>20>60) | 量能: 放量 (2.27X) | 形态: 10日内有涨停 | 趋势: 高于MA20 | 动量: 突破转强 (阳线上穿5/10),6.46,6.05,2.27X
003015,日久光电,2026-08-06,11.75,6.72%,量能: 放量 (2.09X) | 趋势: 高于MA20 | 动量: 突破转强 (阳线上穿5/10),10.69,12.11,2.09X
600661,昂立教育,2026-08-06,9.33,-4.11%,趋势: 多头排列 (5>20>60) | 趋势: 高于MA20,8.14,8.10,0.79X
600855,航天长峰,2026-08-14,12.68,-0.47%,趋势: 高于MA20,12.20,13.72,0.70X
002333,罗普斯金,2026-08-14,5.57,0.72%,趋势: 多头排列 (5>20>60) | 趋势: 高于MA20,5.29,5.04,0.76X
002629,仁智股份,2026-08-28,4.89,0.20%,趋势: 多头排列 (5>20>60) | 趋势: 高于MA20 | 动量: 突破转强 (阳线上穿5/10),4.72,4.57,1.12X
002361,神剑股份,2026-08-14,11.92,0.25%,形态: 10日内有涨停 | 趋势: 高于MA20,10.45,13.24,0.59X
600883,博闻科技,2026-08-06,7.46,2.19%,趋势: 高于MA20 | 动量: 突破转强 (阳线上穿5/10),6.91,7.66,0.86X
603093,南华期货,2026-08-06,18.03,-0.88%,趋势: 高于MA20,17.09,19.26,1.05X
603158,腾龙股份,2026-08-14,10.76,4.16%,趋势: 高于MA20 | 动量: 突破转强 (阳线上穿5/10),9.60,11.90,0.99X
002727,一心堂,2026-08-06,11.31,-0.09%,"趋势: 多头排列 (5>20>60) | 形态: 两连阴 (-2.21%, -1.82%) | 趋势: 高于MA20",11.26,11.14,1.17X
600435,北方导航,2026-08-14,10.8,1.79%,量能: 放量 (1.77X) | 趋势: 高于MA20 | 动量: 突破转强 (阳线上穿5/10),10.50,11.17,1.77X
000791,甘肃能源,2026-08-06,7.77,-1.77%,趋势: 高于MA20,7.65,8.34,0.97X
600776,东方通信,2026-08-14,12.95,0.94%,趋势: 高于MA20 | 动量: 突破转强 (阳线上穿5/10),12.42,13.67,0.96X
002278,神开股份,2026-08-14,8.07,1.00%,趋势: 高于MA20 | 动量: 突破转强 (阳线上穿5/10),7.75,8.10,1.31X
002351,漫步者,2026-08-06,10.25,-1.06%,"形态: 两连阴 (-1.69%, -0.86%) | 趋势: 高于MA20",10.03,10.24,0.79X
600351,亚宝药业,2026-08-06,6.66,-1.48%,"趋势: 多头排列 (5>20>60) | 形态: 两连阴 (-0.43%, -1.74%) | 趋势: 高于MA20",6.58,6.33,0.72X
600552,凯盛科技,2026-08-28,17.88,-1.16%,趋势: 高于MA20,17.79,20.30,1.04X
000788,北大医药,2026-08-06,5.25,-0.19%,趋势: 高于MA20,5.25,5.28,0.99X
600774,汉商集团,2026-08-06,6.86,2.54%,趋势: 高于MA20 | 动量: 突破转强 (阳线上穿5/10),6.48,6.95,0.87X
600965,福成股份,2026-08-14,2.59,-2.26%,趋势: 高于MA20,2.56,2.85,0.99X
603336,宏辉果蔬,2026-08-06,10.18,3.46%,形态: 10日内有涨停 | 趋势: 高于MA20 | 动量: 突破转强 (阳线上穿5/10),8.65,9.13,0.91X
603922,金鸿顺,2026-08-06,11.16,4.30%,趋势: 高于MA20 | 动量: 突破转强 (阳线上穿5/10),10.84,13.47,1.12X
000050,深天马Ａ,2026-08-28,6.72,0.75%,趋势: 高于MA20 | 动量: 突破转强 (阳线上穿5/10),6.62,7.52,0.99X
601939,建设银行,2026-08-06,10.11,1.51%,"趋势: 多头排列 (5>20>60) | 形态: 两连阴 (-3.35%, -1.39%)",10.28,10.11,0.92X
603023,威帝股份,2026-08-06,3.87,0.00%,趋势: 高于MA20,3.57,3.99,1.14X
600586,金晶科技,2026-08-14,4.15,-0.72%,趋势: 高于MA20,4.13,4.48,0.88X
603367,辰欣药业,2026-08-06,14.7,1.10%,趋势: 多头排列 (5>20>60) | 趋势: 高于MA20 | 动量: 突破转强 (阳线上穿5/10),14.43,13.92,1.25X
603676,卫信康,2026-08-06,8.9,1.48%,"形态: 两连阴 (-0.56%, -0.45%) | 趋势: 高于MA20 | 动量: 突破转强 (阳线上穿5/10)",8.81,8.95,0.97X
601882,海天精工,2026-08-14,20.3,-1.74%,趋势: 高于MA20,19.27,20.01,0.68X
600191,华资实业,2026-08-28,11.07,-1.16%,趋势: 多头排列 (5>20>60) | 趋势: 高于MA20,10.74,10.03,0.52X
002469,三维化学,2026-08-06,5.9,1.20%,"形态: 两连阴 (-0.34%, -0.68%) | 趋势: 高于MA20 | 动量: 突破转强 (阳线上穿5/10)",5.65,6.14,0.91X
002441,众业达,2026-08-14,7.97,-0.50%,趋势: 高于MA20,7.86,8.31,0.78X
002037,保利联合,2026-08-28,6.99,0.72%,趋势: 高于MA20 | 动量: 突破转强 (阳线上穿5/10),6.98,6.57,0.86X
605008,长鸿高科,2026-08-28,12.8,-1.84%,趋势: 多头排列 (5>20>60) | 趋势: 高于MA20,12.28,11.82,0.63X
603730,岱美股份,2026-08-14,10.07,-1.37%,趋势: 高于MA20,9.98,11.43,0.69X
600371,万向德农,2026-08-28,11.54,10.01%,趋势: 多头排列 (5>20>60) | 形态: 10日内有涨停 | 趋势: 高于MA20 | 动量: 突破转强 (阳线上穿5/10),8.00,7.11,0.16X
603518,锦泓集团,2026-08-28,8.08,0.75%,趋势: 多头排列 (5>20>60) | 趋势: 高于MA20,8.06,7.90,0.75X
000917,电广传媒,2026-08-06,7.07,-1.94%,趋势: 高于MA20,6.71,7.16,0.98X
002878,元隆雅图,2026-08-06,12.53,-0.56%,趋势: 高于MA20,11.61,13.25,0.78X
002490,山东墨龙,2026-08-06,7.67,2.13%,动量: 突破转强 (阳线上穿5/10),7.71,7.67,0.96X
600768,宁波富邦,2026-08-14,15.82,5.82%,趋势: 高于MA20 | 动量: 突破转强 (阳线上穿5/10),13.88,15.05,1.42X
603706,东方环宇,2026-08-06,19.05,0.95%,趋势: 高于MA20 | 动量: 突破转强 (阳线上穿5/10),18.81,20.20,0.94X
600997,开滦股份,2026-08-06,5.56,-0.71%,趋势: 多头排列 (5>20>60) | 趋势: 高于MA20,5.36,5.31,1.22X
601608,中信重工,2026-08-14,4.83,-0.82%,趋势: 高于MA20,4.72,5.02,0.87X
603107,上海汽配,2026-08-06,12.09,-1.63%,趋势: 高于MA20,11.64,12.39,0.53X
603712,七一二,2026-08-14,12.01,0.50%,趋势: 高于MA20,11.69,12.77,0.88X
002009,天奇股份,2026-08-14,17.74,0.34%,趋势: 高于MA20,16.91,19.42,0.74X
603169,兰石重装,2026-08-06,6.98,-1.55%,趋势: 高于MA20,6.39,7.24,0.65X
600373,中文传媒,2026-08-06,7.31,-2.40%,"形态: 两连阴 (-0.91%, -1.71%) | 趋势: 高于MA20",7.25,7.36,0.98X
002342,巨力索具,2026-08-14,8.19,-0.12%,趋势: 高于MA20,7.65,9.29,0.80X
603289,泰瑞机器,2026-08-06,8.3,0.97%,趋势: 高于MA20 | 动量: 突破转强 (阳线上穿5/10),7.98,9.12,1.10X
603528,多伦科技,2026-08-06,6.4,0.47%,趋势: 高于MA20 | 动量: 突破转强 (阳线上穿5/10),5.86,6.50,1.18X
002065,东华软件,2026-08-06,7.45,-1.72%,趋势: 高于MA20,7.05,7.32,0.72X
600983,惠而浦,2026-08-06,7.85,-0.38%,趋势: 高于MA20,7.56,7.97,0.56X
600738,丽尚国潮,2026-08-28,4.2,1.94%,趋势: 多头排列 (5>20>60) | 趋势: 高于MA20 | 动量: 突破转强 (阳线上穿5/10),4.05,3.91,0.95X
603602,纵横通信,2026-08-14,11.73,-0.09%,趋势: 高于MA20,10.62,11.67,0.89X
603956,威派格,2026-08-06,7.0,1.16%,趋势: 多头排列 (5>20>60) | 形态: 10日内有涨停 | 趋势: 高于MA20 | 动量: 突破转强 (阳线上穿5/10),6.04,5.71,1.02X
600197,伊力特,2026-08-14,10.46,-0.76%,趋势: 高于MA20,10.36,10.59,0.85X
601226,华电科工,2026-08-06,6.27,-0.16%,趋势: 高于MA20,5.93,6.85,0.80X
603993,洛阳钼业,2026-08-06,20.37,-0.49%,趋势: 多头排列 (5>20>60) | 趋势: 高于MA20,18.83,18.70,1.26X
603106,恒银科技,2026-08-06,10.04,9.97%,量能: 放量 (2.27X) | 形态: 10日内有涨停 | 趋势: 高于MA20 | 动量: 突破转强 (阳线上穿5/10),7.07,7.44,2.27X
603326,我乐家居,2026-08-06,6.64,1.84%,趋势: 高于MA20 | 动量: 突破转强 (阳线上穿5/10),6.16,6.78,0.63X
002969,嘉美包装,2026-08-14,14.02,-1.82%,趋势: 高于MA20,12.61,14.46,0.81X
002698,博实股份,2026-08-14,12.72,-9.01%,趋势: 多头排列 (5>20>60),13.02,12.61,1.22X
000058,深 赛 格,2026-08-14,6.73,-1.90%,趋势: 高于MA20,6.55,6.85,0.91X
603206,嘉环科技,2026-08-06,15.04,-3.22%,量能: 放量 (1.95X) | 形态: 10日内有涨停 | 趋势: 高于MA20,13.43,16.03,1.95X
000554,泰山石油,2026-08-06,6.53,1.40%,"形态: 两连阴 (-0.31%, -0.46%) | 趋势: 高于MA20 | 动量: 突破转强 (阳线上穿5/10)",6.42,6.50,1.00X
000630,铜陵有色,2026-08-28,6.76,0.00%,趋势: 多头排列 (5>20>60) | 趋势: 高于MA20,6.60,6.48,0.97X
002739,万达电影,2026-08-06,8.95,0.56%,动量: 突破转强 (阳线上穿5/10),9.11,9.04,1.34X
002582,好想你,2026-08-28,10.71,3.98%,趋势: 高于MA20 | 动量: 突破转强 (阳线上穿5/10),10.52,9.63,1.44X
000543,皖能电力,2026-08-06,7.81,-1.64%,"形态: 两连阴 (-1.35%, -1.24%)",7.88,8.29,1.31X
603787,新日股份,2026-08-06,10.07,-0.30%,"形态: 两连阴 (-1.63%, -1.66%) | 趋势: 高于MA20",9.61,9.94,0.72X
600995,南网储能,2026-08-06,12.68,-1.78%,"形态: 两连阴 (-0.46%, -0.92%) | 趋势: 高于MA20",12.52,13.28,1.00X
600173,卧龙新能,2026-08-06,6.34,0.48%,趋势: 高于MA20 | 动量: 突破转强 (阳线上穿5/10),5.93,6.37,1.12X
600749,西藏旅游,2026-08-14,13.9,-1.77%,趋势: 高于MA20,13.87,14.45,0.80X
002137,实益达,2026-08-14,7.96,0.51%,趋势: 高于MA20,7.45,9.20,0.88X
002805,丰元股份,2026-08-14,19.95,-0.25%,趋势: 高于MA20,17.77,21.63,0.94X
601872,招商轮船,2026-08-14,17.05,-0.47%,趋势: 多头排列 (5>20>60) | 趋势: 高于MA20,16.58,16.24,0.55X
600148,长春一东,2026-08-14,15.28,0.73%,趋势: 高于MA20,14.67,15.12,0.82X
600510,黑牡丹,2026-08-14,6.67,-1.33%,趋势: 高于MA20,6.40,7.21,0.92X
002203,海亮股份,2026-08-28,19.75,-2.66%,量能: 放量 (1.68X) | 趋势: 高于MA20,19.32,20.12,1.68X
603058,永吉股份,2026-08-14,9.77,-0.71%,形态: 10日内有涨停 | 趋势: 高于MA20,9.26,9.33,0.65X
601111,中国国航,2026-08-06,6.13,-0.97%,趋势: 高于MA20,6.03,6.30,0.83X
600161,天坛生物,2026-08-06,12.25,-2.23%,"形态: 两连阴 (-1.16%, -1.96%)",12.51,12.62,1.37X
002973,侨银股份,2026-08-28,12.57,1.62%,趋势: 多头排列 (5>20>60) | 趋势: 高于MA20 | 动量: 突破转强 (阳线上穿5/10),11.40,10.98,0.94X
600703,三安光电,2026-08-14,13.58,0.52%,趋势: 高于MA20,12.77,15.65,0.77X
002062,宏润建设,2026-08-14,8.17,5.97%,量能: 放量 (1.72X) | 趋势: 高于MA20 | 动量: 突破转强 (阳线上穿5/10),7.57,7.74,1.72X
002258,利尔化学,2026-08-14,13.58,-0.95%,"形态: 两连阴 (-0.28%, -3.38%)",14.30,13.56,0.78X
603213,镇洋发展,2026-08-06,14.07,1.52%,"形态: 两连阴 (-0.07%, -0.22%) | 趋势: 高于MA20 | 动量: 突破转强 (阳线上穿5/10)",13.91,14.06,1.35X
600350,山东高速,2026-08-06,10.81,0.28%,"形态: 两连阴 (-3.28%, -1.28%)",11.54,11.49,0.94X
001387,雪祺电气,2026-08-06,11.73,0.86%,趋势: 高于MA20 | 动量: 突破转强 (阳线上穿5/10),11.33,12.39,0.83X
003000,劲仔食品,2026-08-06,10.65,-0.56%,"形态: 两连阴 (-1.64%, -0.56%) | 趋势: 高于MA20",10.41,10.50,0.57X
002753,永东股份,2026-08-06,6.2,1.47%,趋势: 高于MA20 | 动量: 突破转强 (阳线上穿5/10),5.96,6.26,1.07X
000411,英特集团,2026-08-06,9.59,0.74%,"形态: 两连阴 (-0.21%, -0.83%) | 趋势: 高于MA20 | 动量: 突破转强 (阳线上穿5/10)",9.42,10.18,1.31X
000928,中钢国际,2026-08-06,5.11,-1.16%,"形态: 两连阴 (-1.89%, -0.39%) | 趋势: 高于MA20",5.06,5.49,0.95X
002193,如意集团,2026-08-06,4.09,4.34%,趋势: 高于MA20 | 动量: 突破转强 (阳线上穿5/10),3.86,4.40,1.36X
600827,百联股份,2026-08-06,7.74,-1.28%,"形态: 两连阴 (-1.73%, -1.38%)",7.76,7.91,0.99X
002909,集泰股份,2026-08-28,5.47,1.86%,趋势: 多头排列 (5>20>60) | 量能: 放量 (1.56X) | 趋势: 高于MA20 | 动量: 突破转强 (阳线上穿5/10),5.17,5.05,1.56X
600663,陆家嘴,2026-08-06,9.06,2.60%,趋势: 多头排列 (5>20>60) | 形态: 10日内有涨停 | 趋势: 高于MA20 | 动量: 突破转强 (阳线上穿5/10),7.42,7.04,0.76X
600284,浦东建设,2026-08-06,5.16,-0.39%,"形态: 两连阴 (-0.95%, -1.15%) | 趋势: 高于MA20",5.00,5.48,0.69X
603116,红蜻蜓,2026-08-06,5.96,1.02%,量能: 放量 (1.53X) | 趋势: 高于MA20 | 动量: 突破转强 (阳线上穿5/10),5.50,6.41,1.53X
600318,新力金融,2026-08-06,6.62,1.07%,趋势: 高于MA20 | 动量: 突破转强 (阳线上穿5/10),6.25,6.49,1.16X
600063,皖维高新,2026-08-28,5.93,1.54%,趋势: 高于MA20 | 动量: 突破转强 (阳线上穿5/10),5.91,6.59,1.43X
000025,特  力Ａ,2026-08-06,15.15,-0.85%,"形态: 10日内有涨停 | 形态: 两连阴 (-0.83%, -1.67%) | 趋势: 高于MA20",14.27,14.61,0.76X
605007,五洲特纸,2026-08-14,15.38,0.00%,趋势: 多头排列 (5>20>60),15.40,14.45,0.71X
603937,丽岛新材,2026-08-06,11.12,2.49%,趋势: 高于MA20 | 动量: 突破转强 (阳线上穿5/10),10.16,12.97,1.00X
603999,读者传媒,2026-08-06,5.53,-0.54%,趋势: 高于MA20,5.33,5.63,0.76X
600028,中国石化,2026-08-28,5.46,3.21%,"趋势: 多头排列 (5>20>60) | 形态: 两连阴 (-0.56%, -0.75%) | 趋势: 高于MA20 | 动量: 突破转强 (阳线上穿5/10)",5.15,4.98,1.00X
601919,中远海控,2026-08-28,16.88,-1.34%,趋势: 多头排列 (5>20>60) | 趋势: 高于MA20,16.12,14.97,0.87X
603959,百利科技,2026-08-06,4.43,2.78%,趋势: 高于MA20 | 动量: 突破转强 (阳线上穿5/10),4.25,4.34,1.14X
002696,百洋股份,2026-08-06,5.51,1.47%,趋势: 高于MA20 | 动量: 突破转强 (阳线上穿5/10),5.16,5.52,0.82X
603214,爱婴室,2026-08-28,13.87,1.69%,趋势: 多头排列 (5>20>60) | 趋势: 高于MA20 | 动量: 突破转强 (阳线上穿5/10),13.68,13.08,0.87X
002737,葵花药业,2026-08-06,13.07,-1.21%,"趋势: 多头排列 (5>20>60) | 形态: 两连阴 (-1.68%, -1.49%)",13.36,12.82,0.98X
600444,国机通用,2026-08-14,13.72,0.66%,趋势: 高于MA20,12.99,13.81,0.60X
600128,苏豪弘业,2026-08-14,8.17,-0.12%,趋势: 高于MA20,7.82,8.21,0.79X
600721,百花医药,2026-08-14,13.81,-4.76%,趋势: 多头排列 (5>20>60) | 形态: 10日内有涨停 | 趋势: 高于MA20,9.01,7.81,1.18X
603982,泉峰汽车,2026-08-14,6.03,-0.50%,趋势: 高于MA20,5.69,5.96,0.87X
600513,联环药业,2026-08-06,17.71,2.49%,形态: 10日内有涨停 | 趋势: 高于MA20 | 动量: 突破转强 (阳线上穿5/10),16.65,16.70,1.27X
002543,万和电气,2026-08-14,6.99,-4.64%,量能: 放量 (2.13X) | 形态: 10日内有涨停 | 趋势: 高于MA20,6.63,6.77,2.13X
600223,福瑞达,2026-08-06,5.49,-0.72%,"形态: 两连阴 (-0.18%, -1.60%) | 趋势: 高于MA20",5.48,5.61,0.85X
002724,海洋王,2026-08-14,6.78,10.06%,趋势: 多头排列 (5>20>60) | 形态: 10日内有涨停 | 趋势: 高于MA20 | 动量: 突破转强 (阳线上穿5/10),5.33,5.29,1.47X
600640,国脉文化,2026-08-06,10.85,-1.90%,趋势: 高于MA20,10.40,10.91,1.03X
002563,森马服饰,2026-08-06,6.1,-0.33%,"趋势: 多头排列 (5>20>60) | 形态: 两连阴 (-3.16%, -0.16%) | 趋势: 高于MA20",5.81,5.59,0.80X
601998,中信银行,2026-08-06,7.55,0.00%,"趋势: 多头排列 (5>20>60) | 形态: 两连阴 (-2.03%, -2.45%)",7.57,7.49,0.77X
002119,康强电子,2026-08-06,23.11,3.63%,量能: 放量 (1.62X) | 形态: 10日内有涨停 | 动量: 突破转强 (阳线上穿5/10),23.57,27.58,1.62X
002370,亚太药业,2026-08-14,6.03,-0.66%,形态: 10日内有涨停 | 趋势: 高于MA20,5.14,5.39,0.87X
603219,富佳股份,2026-08-14,14.51,-3.01%,趋势: 高于MA20,13.57,14.87,0.68X
002063,远光软件,2026-08-06,5.71,-1.72%,趋势: 高于MA20,5.41,5.56,0.95X
603682,锦和商管,2026-08-06,11.4,3.54%,趋势: 多头排列 (5>20>60) | 形态: 10日内有涨停 | 趋势: 高于MA20 | 动量: 突破转强 (阳线上穿5/10),8.87,8.53,0.85X
000505,京粮控股,2026-08-28,7.34,1.80%,趋势: 多头排列 (5>20>60) | 形态: 10日内有涨停 | 趋势: 高于MA20 | 动量: 突破转强 (阳线上穿5/10),6.35,5.70,1.05X
603599,广信股份,2026-08-14,9.94,-0.30%,"形态: 两连阴 (-0.59%, -1.97%)",10.38,10.45,0.45X
002546,新联电子,2026-08-06,8.56,-4.68%,趋势: 多头排列 (5>20>60) | 趋势: 高于MA20,8.24,7.70,0.94X
002508,老板电器,2026-08-06,15.44,-1.72%,"形态: 两连阴 (-1.62%, -0.63%)",15.72,16.07,0.78X
600550,保变电气,2026-08-06,11.9,-3.41%,趋势: 高于MA20,11.17,12.29,0.84X
603079,圣达生物,2026-08-14,13.41,10.01%,量能: 放量 (1.98X) | 形态: 10日内有涨停 | 趋势: 高于MA20 | 动量: 突破转强 (阳线上穿5/10),11.25,11.88,1.98X
002748,世龙实业,2026-08-06,11.0,2.33%,趋势: 高于MA20 | 动量: 突破转强 (阳线上穿5/10),10.38,10.92,1.44X
000998,隆平高科,2026-08-06,8.25,-0.36%,"量能: 放量 (1.79X) | 形态: 两连阴 (-1.99%, -1.08%) | 趋势: 高于MA20",8.18,8.19,1.79X
001330,博纳影业,2026-08-28,5.1,-0.20%,趋势: 高于MA20,5.07,5.47,0.67X
002350,北京科锐,2026-08-14,14.94,-0.66%,趋势: 高于MA20,14.80,14.96,0.47X
002272,川润股份,2026-08-14,15.12,0.80%,趋势: 高于MA20 | 动量: 突破转强 (阳线上穿5/10),14.75,19.33,0.80X
000633,合金投资,2026-08-14,5.19,0.00%,趋势: 高于MA20,4.99,5.16,0.74X
000020,深华发Ａ,2026-08-06,11.06,1.28%,趋势: 高于MA20 | 动量: 突破转强 (阳线上穿5/10),10.30,11.44,0.82X
603015,弘讯科技,2026-08-14,10.69,-0.47%,趋势: 高于MA20,10.01,11.22,0.76X
000789,万年青,2026-08-14,4.08,-0.73%,趋势: 高于MA20,4.03,4.12,0.61X
603191,望变电气,2026-08-06,14.04,-1.40%,趋势: 高于MA20,13.42,16.68,0.99X
605366,宏柏新材,2026-08-14,8.31,-0.84%,形态: 10日内有涨停 | 趋势: 高于MA20,7.62,9.93,0.72X
002083,孚日股份,2026-08-14,11.79,-0.17%,趋势: 多头排列 (5>20>60) | 趋势: 高于MA20,11.20,10.97,0.84X
002799,环球印务,2026-08-14,6.79,-1.31%,趋势: 高于MA20,6.39,6.62,0.85X
000850,华茂股份,2026-08-14,4.08,0.74%,趋势: 多头排列 (5>20>60) | 趋势: 高于MA20,4.02,3.91,0.83X
002094,青岛金王,2026-08-14,4.69,-1.26%,趋势: 高于MA20,4.59,4.71,0.97X
002297,博云新材,2026-08-14,18.96,1.99%,趋势: 高于MA20 | 动量: 突破转强 (阳线上穿5/10),17.46,22.30,0.85X
601118,海南橡胶,2026-08-28,6.67,2.77%,趋势: 多头排列 (5>20>60) | 形态: 10日内有涨停 | 趋势: 高于MA20 | 动量: 突破转强 (阳线上穿5/10),5.74,5.35,0.94X
000663,永安林业,2026-08-06,5.45,1.87%,趋势: 高于MA20 | 动量: 突破转强 (阳线上穿5/10),5.04,5.52,0.80X
600027,华电国际,2026-08-06,4.69,-0.64%,"形态: 两连阴 (-1.65%, -1.26%)",4.71,4.91,1.04X
000753,漳州发展,2026-08-28,4.94,0.41%,趋势: 多头排列 (5>20>60) | 趋势: 高于MA20 | 动量: 突破转强 (阳线上穿5/10),4.79,4.69,1.05X
002041,登海种业,2026-08-06,9.14,4.58%,"量能: 放量 (2.02X) | 形态: 两连阴 (-1.57%, -0.57%) | 趋势: 高于MA20 | 动量: 突破转强 (阳线上穿5/10)",8.54,8.55,2.02X
002907,华森制药,2026-08-14,15.26,10.02%,趋势: 多头排列 (5>20>60) | 形态: 10日内有涨停 | 趋势: 高于MA20 | 动量: 突破转强 (阳线上穿5/10),13.10,13.05,0.91X
603032,德新科技,2026-08-28,19.65,-1.06%,形态: 10日内有涨停 | 趋势: 高于MA20,19.12,21.19,0.73X
603177,德创环保,2026-08-28,11.02,1.19%,趋势: 多头排列 (5>20>60) | 形态: 10日内有涨停 | 趋势: 高于MA20 | 动量: 突破转强 (阳线上穿5/10),9.95,9.22,0.98X
002707,众信旅游,2026-08-14,5.12,-0.97%,趋势: 高于MA20,5.06,5.47,0.86X
002365,永安药业,2026-08-06,12.91,1.25%,趋势: 多头排列 (5>20>60) | 形态: 10日内有涨停 | 趋势: 高于MA20 | 动量: 突破转强 (阳线上穿5/10),12.24,11.66,1.37X
603890,春秋电子,2026-08-14,22.09,8.02%,量能: 放量 (2.42X) | 形态: 10日内有涨停 | 趋势: 高于MA20 | 动量: 突破转强 (阳线上穿5/10),18.78,23.00,2.42X
601997,贵阳银行,2026-08-06,5.64,-0.35%,"形态: 两连阴 (-2.72%, -1.05%) | 趋势: 高于MA20",5.56,5.64,0.76X
002283,天润工业,2026-08-14,9.08,-0.66%,趋势: 高于MA20,8.43,9.54,0.58X
600820,隧道股份,2026-08-06,5.43,-0.73%,"趋势: 多头排列 (5>20>60) | 形态: 两连阴 (-2.61%, -2.15%)",5.55,5.52,0.83X
002026,山东威达,2026-08-14,10.49,-0.66%,趋势: 高于MA20,10.01,11.05,0.69X
601686,友发集团,2026-08-06,5.23,0.19%,"形态: 两连阴 (-1.31%, -0.76%) | 趋势: 高于MA20",5.13,5.15,0.76X
603586,金麒麟,2026-08-06,13.35,0.68%,"形态: 两连阴 (-0.45%, -0.15%) | 趋势: 高于MA20 | 动量: 突破转强 (阳线上穿5/10)",12.66,14.75,0.80X
600251,冠农股份,2026-08-06,9.61,2.45%,量能: 放量 (1.54X) | 趋势: 高于MA20 | 动量: 突破转强 (阳线上穿5/10),9.11,9.51,1.54X
000525,红太阳,2026-08-06,4.56,-0.87%,"形态: 两连阴 (-2.11%, -0.86%) | 趋势: 高于MA20",4.38,4.47,0.96X
600867,通化东宝,2026-08-06,8.11,-1.82%,趋势: 多头排列 (5>20>60),8.24,8.13,1.05X
605169,洪通燃气,2026-08-06,10.09,0.60%,"形态: 两连阴 (-0.30%, -0.89%) | 趋势: 高于MA20 | 动量: 突破转强 (阳线上穿5/10)",9.63,10.41,0.81X
603028,赛福天,2026-08-14,6.92,0.29%,趋势: 高于MA20,6.44,7.01,0.82X
002561,徐家汇,2026-08-06,6.66,0.30%,"形态: 两连阴 (-0.74%, -1.04%) | 趋势: 高于MA20",6.48,6.79,0.96X
000695,滨海能源,2026-08-14,14.31,-0.56%,量能: 放量 (1.71X) | 形态: 10日内有涨停 | 趋势: 高于MA20,12.91,13.28,1.71X
002236,大华股份,2026-08-06,17.02,-0.93%,趋势: 高于MA20,16.63,16.77,0.59X
000685,中山公用,2026-08-06,11.01,-1.43%,趋势: 高于MA20,11.01,11.23,1.07X
002358,森源电气,2026-08-28,5.51,0.55%,动量: 突破转强 (阳线上穿5/10),5.55,5.57,0.95X
603035,常熟汽饰,2026-08-14,11.01,0.00%,趋势: 高于MA20,10.95,11.26,0.73X
600821,金开新能,2026-08-06,6.47,-2.56%,趋势: 高于MA20,6.39,6.92,0.92X
600714,金瑞矿业,2026-08-28,19.12,10.01%,形态: 10日内有涨停 | 趋势: 高于MA20 | 动量: 突破转强 (阳线上穿5/10),15.69,18.28,1.30X
600560,金自天正,2026-08-14,11.11,-0.09%,趋势: 高于MA20,10.71,11.33,0.80X
002761,浙江建投,2026-08-06,7.25,-0.68%,"形态: 两连阴 (-2.12%, -1.08%) | 趋势: 高于MA20",7.08,7.30,0.94X
002818,富森美,2026-08-06,10.82,0.00%,趋势: 高于MA20,10.72,10.94,0.70X
002892,科力尔,2026-08-14,9.44,-0.63%,趋势: 高于MA20,9.42,9.84,0.94X
600655,豫园股份,2026-08-06,4.61,-0.86%,趋势: 多头排列 (5>20>60) | 趋势: 高于MA20,4.49,4.47,0.99X
002185,华天科技,2026-08-06,17.26,4.04%,动量: 突破转强 (阳线上穿5/10),18.74,18.78,1.25X
601001,晋控煤业,2026-08-28,18.39,-2.02%,趋势: 高于MA20,17.33,18.03,0.88X
002033,丽江股份,2026-08-28,9.18,0.55%,趋势: 多头排列 (5>20>60) | 趋势: 高于MA20 | 动量: 突破转强 (阳线上穿5/10),8.90,8.59,0.88X
002196,方正电机,2026-08-14,11.15,0.09%,趋势: 高于MA20,10.58,12.19,0.85X
603095,越剑智能,2026-08-14,14.94,10.01%,形态: 10日内有涨停 | 趋势: 高于MA20 | 动量: 突破转强 (阳线上穿5/10),12.57,15.14,1.13X
002757,南兴股份,2026-08-14,18.01,3.27%,趋势: 高于MA20 | 动量: 突破转强 (阳线上穿5/10),16.50,19.19,1.11X
600810,神马股份,2026-08-06,6.43,0.94%,趋势: 高于MA20 | 动量: 突破转强 (阳线上穿5/10),6.20,6.33,1.07X
603385,惠达卫浴,2026-08-14,5.39,0.19%,趋势: 高于MA20,5.03,5.23,0.88X
002946,新乳业,2026-08-06,16.8,-2.89%,趋势: 高于MA20,16.10,16.17,0.75X
002248,华东数控,2026-08-14,11.78,0.34%,形态: 10日内有涨停 | 趋势: 高于MA20 | 动量: 突破转强 (阳线上穿5/10),9.14,9.25,1.37X
000862,银星能源,2026-08-28,5.29,0.38%,动量: 突破转强 (阳线上穿5/10),5.43,5.34,0.86X
002228,合兴包装,2026-08-14,3.07,-1.29%,趋势: 高于MA20,3.05,3.14,0.82X
601155,新城控股,2026-08-06,11.14,1.83%,趋势: 高于MA20,11.11,11.64,1.23X
600548,深高速,2026-08-06,8.42,-0.71%,"形态: 两连阴 (-2.28%, -1.05%)",8.57,8.63,0.75X
002511,中顺洁柔,2026-08-14,7.03,-1.95%,"形态: 两连阴 (-0.14%, -1.10%)",7.23,7.09,1.22X
000919,金陵药业,2026-08-06,6.34,0.16%,趋势: 多头排列 (5>20>60) | 趋势: 高于MA20 | 动量: 突破转强 (阳线上穿5/10),6.25,6.25,0.97X
002538,司尔特,2026-08-06,6.95,1.46%,趋势: 多头排列 (5>20>60) | 趋势: 高于MA20 | 动量: 突破转强 (阳线上穿5/10),6.29,6.22,0.73X
002639,雪人集团,2026-08-14,12.16,-0.57%,趋势: 高于MA20,12.02,13.32,0.93X
002299,圣农发展,2026-08-06,16.63,-0.06%,趋势: 高于MA20,16.23,16.41,0.72X
600668,尖峰集团,2026-08-06,7.33,0.41%,"形态: 两连阴 (-0.41%, -0.95%) | 趋势: 高于MA20",7.20,7.56,1.02X
600674,川投能源,2026-08-06,15.01,0.20%,"形态: 两连阴 (-2.10%, -2.54%)",15.73,15.15,0.70X
600153,建发股份,2026-08-06,8.71,-1.02%,"形态: 两连阴 (-3.07%, -0.56%)",8.72,9.01,1.08X
600857,宁波中百,2026-08-28,20.02,-1.72%,趋势: 多头排列 (5>20>60) | 趋势: 高于MA20,19.19,18.08,0.72X
002809,红墙股份,2026-08-06,8.1,1.76%,趋势: 高于MA20 | 动量: 突破转强 (阳线上穿5/10),7.47,8.33,0.84X
600710,苏美达,2026-08-06,10.72,-1.20%,趋势: 高于MA20,10.61,10.85,0.76X
002918,蒙娜丽莎,2026-08-14,9.97,-0.40%,趋势: 高于MA20,9.37,10.63,0.73X
002369,卓翼科技,2026-08-06,6.27,10.00%,形态: 10日内有涨停 | 趋势: 高于MA20 | 动量: 突破转强 (阳线上穿5/10),5.31,5.88,1.15X
002893,京能热力,2026-08-06,9.79,0.62%,趋势: 高于MA20 | 动量: 突破转强 (阳线上穿5/10),9.50,10.31,0.93X
600195,中牧股份,2026-08-06,6.54,0.31%,"形态: 两连阴 (-1.36%, -0.46%) | 趋势: 高于MA20",6.45,6.51,0.63X
603339,四方科技,2026-08-14,13.74,-0.36%,趋势: 高于MA20,12.71,13.37,0.63X
002016,世荣兆业,2026-08-28,4.75,2.15%,趋势: 多头排列 (5>20>60) | 趋势: 高于MA20 | 动量: 突破转强 (阳线上穿5/10),4.53,4.34,1.15X
601116,三江购物,2026-08-28,11.06,2.60%,趋势: 多头排列 (5>20>60) | 形态: 10日内有涨停 | 趋势: 高于MA20 | 动量: 突破转强 (阳线上穿5/10),10.73,10.42,1.14X
600977,中国电影,2026-08-06,12.6,-0.79%,趋势: 高于MA20,12.47,13.56,1.40X
600746,江苏索普,2026-08-06,6.6,-0.15%,"趋势: 多头排列 (5>20>60) | 形态: 两连阴 (-0.60%, -0.75%) | 趋势: 高于MA20",6.28,6.20,0.90X
605228,神通科技,2026-08-14,11.13,-0.80%,"形态: 两连阴 (-0.62%, -0.36%) | 趋势: 高于MA20",10.74,12.51,0.69X
600517,国网英大,2026-08-06,5.07,-1.36%,"形态: 两连阴 (-1.15%, -0.77%) | 趋势: 高于MA20",4.95,5.07,0.92X
002416,爱施德,2026-08-06,9.72,-1.22%,"形态: 两连阴 (-2.86%, -0.20%) | 趋势: 高于MA20",9.35,10.12,0.82X
605050,福然德,2026-08-14,10.66,-0.19%,趋势: 多头排列 (5>20>60) | 趋势: 高于MA20,10.43,10.33,0.56X
600731,湖南海利,2026-08-06,5.78,-0.52%,趋势: 高于MA20,5.52,5.58,0.86X
603277,银都股份,2026-08-14,11.34,-9.21%,量能: 放量 (1.53X) | 形态: 10日内有涨停 | 趋势: 高于MA20,10.68,10.82,1.53X
603878,武进不锈,2026-08-28,5.15,1.38%,"形态: 两连阴 (-0.58%, -0.78%) | 趋势: 高于MA20 | 动量: 突破转强 (阳线上穿5/10)",5.03,5.17,1.02X
000955,欣龙控股,2026-08-28,4.29,0.23%,趋势: 高于MA20 | 动量: 突破转强 (阳线上穿5/10),4.24,4.22,0.69X
002478,常宝股份,2026-08-14,6.24,0.00%,趋势: 高于MA20,6.17,6.53,0.84X
600769,祥龙电业,2026-08-06,14.75,1.79%,趋势: 高于MA20 | 动量: 突破转强 (阳线上穿5/10),14.37,17.19,0.94X
600573,惠泉啤酒,2026-08-06,9.69,-0.51%,"形态: 两连阴 (-1.81%, -0.41%) | 趋势: 高于MA20",9.36,10.77,0.72X
600590,泰豪科技,2026-08-14,8.6,-0.12%,"形态: 两连阴 (-0.34%, -1.94%) | 趋势: 高于MA20",8.21,10.25,0.61X
600468,百利电气,2026-08-14,6.14,0.00%,趋势: 多头排列 (5>20>60) | 形态: 10日内有涨停 | 趋势: 高于MA20,5.93,5.88,0.61X
000803,山高环能,2026-08-14,7.08,-0.98%,趋势: 高于MA20,6.80,7.07,0.75X
600616,金枫酒业,2026-08-06,4.16,0.73%,"形态: 两连阴 (-1.42%, -1.20%) | 趋势: 高于MA20",4.01,4.19,0.68X
002636,金安国纪,2026-08-28,73.18,5.43%,量能: 放量 (1.68X) | 形态: 10日内有涨停 | 趋势: 高于MA20 | 动量: 突破转强 (阳线上穿5/10),63.71,79.81,1.68X
000407,胜利股份,2026-08-28,4.22,1.20%,趋势: 多头排列 (5>20>60) | 趋势: 高于MA20 | 动量: 突破转强 (阳线上穿5/10),4.11,3.96,0.93X
600698,湖南天雁,2026-08-06,6.58,-1.05%,形态: 10日内有涨停 | 趋势: 高于MA20,6.20,6.45,0.72X
600419,天润乳业,2026-08-28,8.92,2.41%,趋势: 高于MA20 | 动量: 突破转强 (阳线上穿5/10),8.81,8.21,1.26X
002646,天佑德酒,2026-08-06,6.82,0.00%,"形态: 两连阴 (-1.43%, -1.02%) | 趋势: 高于MA20",6.66,6.94,0.87X
002725,跃岭股份,2026-08-28,11.48,0.35%,趋势: 高于MA20 | 动量: 突破转强 (阳线上穿5/10),11.44,11.76,1.13X
000922,佳电股份,2026-08-14,11.72,-0.42%,趋势: 高于MA20,11.21,12.42,0.76X
600611,大众交通,2026-08-06,4.89,4.26%,量能: 放量 (2.62X) | 形态: 10日内有涨停 | 趋势: 高于MA20 | 动量: 突破转强 (阳线上穿5/10),4.04,4.29,2.62X
603230,内蒙新华,2026-08-06,9.1,-0.11%,"形态: 两连阴 (-0.11%, -0.44%) | 趋势: 高于MA20",8.88,9.36,0.70X
000042,中洲控股,2026-08-06,8.41,1.20%,趋势: 高于MA20 | 动量: 突破转强 (阳线上穿5/10),8.02,8.81,1.15X
603348,文灿股份,2026-08-06,14.43,-0.96%,形态: 10日内有涨停 | 趋势: 高于MA20,13.68,14.84,0.81X
600733,北汽蓝谷,2026-08-28,5.14,0.59%,动量: 突破转强 (阳线上穿5/10),5.35,5.24,0.81X
601890,亚星锚链,2026-08-06,8.49,-0.82%,"形态: 两连阴 (-1.49%, -0.58%) | 趋势: 高于MA20",8.32,8.72,0.89X
601212,白银有色,2026-08-28,7.63,5.97%,趋势: 多头排列 (5>20>60) | 形态: 10日内有涨停 | 趋势: 高于MA20 | 动量: 突破转强 (阳线上穿5/10),5.94,5.43,1.20X
002300,太阳电缆,2026-08-06,7.26,-1.76%,形态: 10日内有涨停 | 趋势: 高于MA20,6.64,7.53,0.74X
002291,遥望科技,2026-08-06,5.7,-3.39%,形态: 10日内有涨停 | 趋势: 高于MA20,5.02,5.38,1.12X
603887,城地香江,2026-08-06,9.52,-1.45%,趋势: 高于MA20,8.75,10.54,0.93X
000932,华菱钢铁,2026-08-28,3.77,1.34%,趋势: 多头排列 (5>20>60) | 趋势: 高于MA20 | 动量: 突破转强 (阳线上穿5/10),3.70,3.68,1.09X
603330,天洋新材,2026-08-06,7.59,5.42%,量能: 放量 (1.51X) | 形态: 10日内有涨停 | 趋势: 高于MA20 | 动量: 突破转强 (阳线上穿5/10),6.83,7.49,1.51X
000429,粤高速Ａ,2026-08-06,14.19,-0.07%,"趋势: 多头排列 (5>20>60) | 形态: 两连阴 (-1.92%, -0.98%)",14.31,13.87,0.83X
600805,悦达投资,2026-08-06,4.4,0.00%,趋势: 高于MA20,4.25,4.44,0.67X
000566,海南海药,2026-08-28,5.04,-0.20%,形态: 10日内有涨停,5.44,5.02,0.83X
603329,上海雅仕,2026-08-06,10.03,1.93%,"形态: 两连阴 (-1.30%, -0.40%) | 趋势: 高于MA20 | 动量: 突破转强 (阳线上穿5/10)",9.59,9.99,0.81X
600151,航天机电,2026-08-14,10.79,-2.35%,趋势: 高于MA20,10.01,11.16,1.22X
605266,健之佳,2026-08-06,16.36,0.55%,"形态: 两连阴 (-2.19%, -1.51%) | 趋势: 高于MA20",16.24,16.86,0.78X
600116,三峡水利,2026-08-06,6.5,-0.91%,"趋势: 多头排列 (5>20>60) | 形态: 两连阴 (-1.77%, -1.65%) | 趋势: 高于MA20",6.37,6.33,0.95X
600528,中铁工业,2026-08-06,7.21,-0.55%,"形态: 两连阴 (-1.74%, -1.36%) | 趋势: 高于MA20",7.12,7.15,0.84X
001216,华瓷股份,2026-08-06,14.01,-1.20%,趋势: 高于MA20,13.64,15.21,1.07X
000800,一汽解放,2026-08-06,6.24,-2.04%,"趋势: 多头排列 (5>20>60) | 形态: 两连阴 (-1.23%, -1.24%)",6.31,6.18,1.03X
000553,安道麦A,2026-08-06,5.5,2.61%,趋势: 高于MA20 | 动量: 突破转强 (阳线上穿5/10),5.33,5.83,1.28X
603989,艾华集团,2026-08-06,27.92,2.50%,形态: 10日内有涨停 | 动量: 突破转强 (阳线上穿5/10),29.33,34.33,1.06X
600648,外高桥,2026-08-06,9.06,1.68%,趋势: 高于MA20 | 动量: 突破转强 (阳线上穿5/10),8.61,8.88,0.93X
000421,南京公用,2026-08-06,5.4,-0.37%,趋势: 高于MA20,5.31,5.50,0.94X
600490,鹏欣资源,2026-08-28,8.15,5.71%,趋势: 多头排列 (5>20>60) | 趋势: 高于MA20 | 动量: 突破转强 (阳线上穿5/10),7.27,6.70,1.35X
601669,中国电建,2026-08-06,4.81,-0.82%,"形态: 两连阴 (-1.01%, -0.82%) | 趋势: 高于MA20",4.79,5.01,0.84X
603317,天味食品,2026-08-06,14.27,-3.78%,趋势: 高于MA20,14.08,14.21,1.08X
600522,中天科技,2026-08-28,35.04,-2.88%,趋势: 高于MA20,33.20,41.83,1.13X
601121,宝地矿业,2026-08-06,7.02,-0.43%,趋势: 多头排列 (5>20>60) | 趋势: 高于MA20,6.70,6.51,1.11X
002588,史丹利,2026-08-06,8.69,-0.80%,"形态: 两连阴 (-2.12%, -0.34%) | 趋势: 高于MA20",8.59,8.78,1.00X
000410,沈阳机床,2026-08-06,4.88,-0.81%,趋势: 高于MA20,4.72,5.05,0.92X
600897,厦门空港,2026-08-28,14.87,1.29%,趋势: 高于MA20 | 动量: 突破转强 (阳线上穿5/10),14.73,14.82,1.15X
600084,中信尼雅,2026-08-28,4.32,1.41%,趋势: 高于MA20 | 动量: 突破转强 (阳线上穿5/10),4.20,4.20,1.38X
600872,中炬高新,2026-08-06,19.26,-2.33%,"趋势: 多头排列 (5>20>60) | 形态: 两连阴 (-1.78%, -0.55%) | 趋势: 高于MA20",19.00,18.69,0.94X
600876,凯盛新能,2026-08-06,7.03,0.57%,"形态: 两连阴 (-0.85%, -0.14%) | 趋势: 高于MA20 | 动量: 突破转强 (阳线上穿5/10)",6.63,7.78,0.77X
002171,楚江新材,2026-08-14,9.83,2.82%,趋势: 高于MA20 | 动量: 突破转强 (阳线上穿5/10),9.44,11.70,1.14X
600218,全柴动力,2026-08-14,7.58,0.00%,趋势: 高于MA20,7.43,7.71,0.71X
603311,金海高科,2026-08-28,27.51,-0.86%,"形态: 两连阴 (-0.71%, -0.18%)",28.83,30.87,0.69X
000911,广农糖业,2026-08-06,4.48,1.36%,量能: 放量 (1.58X) | 趋势: 高于MA20 | 动量: 突破转强 (阳线上穿5/10),4.13,4.66,1.58X
002381,双箭股份,2026-08-06,5.36,1.13%,"形态: 两连阴 (-0.74%, -0.93%) | 趋势: 高于MA20 | 动量: 突破转强 (阳线上穿5/10)",5.19,5.52,0.81X
603221,爱丽家居,2026-08-28,29.1,1.57%,趋势: 多头排列 (5>20>60) | 形态: 10日内有涨停 | 趋势: 高于MA20 | 动量: 突破转强 (阳线上穿5/10),22.98,15.39,1.04X
002091,江苏国泰,2026-08-06,7.7,-1.28%,"形态: 两连阴 (-2.37%, -0.38%) | 趋势: 高于MA20",7.59,7.92,0.87X
600869,远东股份,2026-08-14,16.48,4.24%,趋势: 高于MA20 | 动量: 突破转强 (阳线上穿5/10),15.07,23.34,1.18X
000703,恒逸石化,2026-08-14,16.78,-0.30%,"趋势: 多头排列 (5>20>60) | 形态: 两连阴 (-2.00%, -1.87%) | 趋势: 高于MA20",16.22,14.54,0.64X
603817,海峡环保,2026-08-28,5.81,1.75%,趋势: 多头排列 (5>20>60) | 趋势: 高于MA20 | 动量: 突破转强 (阳线上穿5/10),5.70,5.59,1.36X
002825,纳尔股份,2026-08-14,9.3,0.00%,趋势: 高于MA20,8.22,8.84,0.63X
000338,潍柴动力,2026-08-28,27.64,2.41%,量能: 放量 (1.74X),29.20,28.38,1.74X
000546,金圆股份,2026-08-28,4.86,1.04%,趋势: 高于MA20 | 动量: 突破转强 (阳线上穿5/10),4.73,4.74,1.11X
002357,富临运业,2026-08-14,10.43,0.38%,形态: 10日内有涨停 | 趋势: 高于MA20 | 动量: 突破转强 (阳线上穿5/10),8.86,9.39,1.50X
000877,天山股份,2026-08-06,3.84,1.05%,"形态: 两连阴 (-0.78%, -0.78%) | 趋势: 高于MA20 | 动量: 突破转强 (阳线上穿5/10)",3.71,3.96,1.36X
002492,恒基达鑫,2026-08-14,5.58,0.90%,趋势: 高于MA20,5.32,5.62,1.02X
002180,纳思达,2026-08-06,19.69,10.00%,趋势: 多头排列 (5>20>60) | 形态: 10日内有涨停 | 趋势: 高于MA20 | 动量: 突破转强 (阳线上穿5/10),16.75,16.14,0.66X
600620,天宸股份,2026-08-06,4.25,0.47%,"形态: 两连阴 (-0.47%, -0.24%) | 趋势: 高于MA20 | 动量: 突破转强 (阳线上穿5/10)",4.04,4.37,0.84X
600327,大东方,2026-08-06,3.61,0.28%,趋势: 多头排列 (5>20>60) | 趋势: 高于MA20,3.53,3.51,1.11X
603998,方盛制药,2026-08-06,9.41,-0.42%,"形态: 两连阴 (-0.21%, -0.94%)",9.53,9.67,0.83X
002101,广东鸿图,2026-08-06,8.89,-1.00%,"形态: 两连阴 (-0.87%, -0.99%) | 趋势: 高于MA20",8.89,9.01,0.95X
601577,长沙银行,2026-08-06,9.34,0.32%,"趋势: 多头排列 (5>20>60) | 形态: 两连阴 (-2.78%, -1.38%)",9.34,9.29,0.86X
002627,三峡旅游,2026-08-06,6.38,-0.62%,趋势: 高于MA20,5.95,6.31,0.72X
600338,西藏珠峰,2026-08-28,14.38,3.16%,趋势: 高于MA20 | 动量: 突破转强 (阳线上穿5/10),13.69,14.37,1.30X
603836,海程邦达,2026-08-06,8.75,0.81%,"形态: 两连阴 (-0.11%, -0.57%) | 趋势: 高于MA20 | 动量: 突破转强 (阳线上穿5/10)",8.38,10.22,0.72X
001391,国货航,2026-08-06,4.25,-1.62%,"形态: 两连阴 (-1.37%, -0.23%)",4.28,4.60,1.09X
603071,物产环能,2026-08-06,11.98,0.00%,"形态: 两连阴 (-1.23%, -0.17%) | 趋势: 高于MA20",11.88,12.41,1.18X
603806,福斯特,2026-08-06,15.04,-1.31%,趋势: 高于MA20,14.37,15.92,0.86X
000833,粤桂股份,2026-08-06,20.37,0.10%,趋势: 高于MA20 | 动量: 突破转强 (阳线上穿5/10),19.63,22.67,1.10X
002548,金新农,2026-08-28,4.34,1.17%,趋势: 多头排列 (5>20>60) | 趋势: 高于MA20 | 动量: 突破转强 (阳线上穿5/10),4.11,3.99,1.08X
601969,海南矿业,2026-08-28,9.79,2.94%,趋势: 多头排列 (5>20>60) | 趋势: 高于MA20 | 动量: 突破转强 (阳线上穿5/10),9.34,8.86,1.27X
601811,新华文轩,2026-08-06,12.02,-1.96%,"形态: 两连阴 (-2.21%, -0.97%)",12.17,12.24,0.97X
600535,天士力,2026-08-06,15.49,-1.46%,"趋势: 多头排列 (5>20>60) | 形态: 两连阴 (-0.31%, -0.82%)",15.60,14.59,1.13X
002815,崇达技术,2026-08-06,12.44,1.06%,动量: 突破转强 (阳线上穿5/10),13.07,15.71,1.06X
000796,凯撒旅业,2026-08-28,4.32,1.65%,趋势: 多头排列 (5>20>60) | 形态: 10日内有涨停 | 趋势: 高于MA20 | 动量: 突破转强 (阳线上穿5/10),3.94,3.91,1.11X
002879,长缆科技,2026-08-28,16.45,0.67%,"形态: 两连阴 (-0.12%, -0.49%) | 动量: 突破转强 (阳线上穿5/10)",17.20,15.36,0.84X
600817,宇通重工,2026-08-14,9.31,-0.96%,趋势: 高于MA20,9.22,9.22,0.80X
000949,新乡化纤,2026-08-14,6.3,-0.79%,"形态: 两连阴 (-0.31%, -2.01%) | 趋势: 高于MA20",6.09,6.55,0.76X
002820,桂发祥,2026-08-28,10.17,2.31%,趋势: 多头排列 (5>20>60) | 形态: 10日内有涨停 | 趋势: 高于MA20,9.81,9.09,0.73X
601086,国芳集团,2026-08-06,7.85,-1.01%,形态: 10日内有涨停 | 趋势: 高于MA20,7.29,7.42,0.60X
000598,兴蓉环境,2026-08-28,7.2,0.70%,趋势: 高于MA20 | 动量: 突破转强 (阳线上穿5/10),7.17,6.98,1.06X
603170,宝立食品,2026-08-06,13.01,-0.91%,趋势: 多头排列 (5>20>60) | 趋势: 高于MA20,12.39,12.18,0.66X
603045,福达合金,2026-08-14,53.59,-0.74%,形态: 10日内有涨停 | 趋势: 高于MA20,51.74,67.13,1.10X
605001,威奥股份,2026-08-14,5.61,0.00%,趋势: 高于MA20,5.28,5.72,0.58X
601865,福莱特,2026-08-06,10.68,-2.29%,形态: 10日内有涨停 | 趋势: 高于MA20,9.79,10.69,0.76X
605299,舒华体育,2026-08-28,13.02,1.01%,趋势: 高于MA20 | 动量: 突破转强 (阳线上穿5/10),12.61,13.02,1.16X
601838,成都银行,2026-08-06,17.97,0.45%,"形态: 两连阴 (-2.17%, -1.00%)",18.33,18.61,0.62X
600335,国机汽车,2026-08-06,5.13,-1.35%,"形态: 两连阴 (-1.87%, -0.76%) | 趋势: 高于MA20",5.10,5.25,1.05X
605151,西上海,2026-08-14,18.8,1.90%,趋势: 高于MA20 | 动量: 突破转强 (阳线上穿5/10),17.12,18.79,1.18X
600011,华能国际,2026-08-06,7.01,-1.54%,"形态: 两连阴 (-1.10%, -1.25%)",7.10,7.57,1.14X
000848,承德露露,2026-08-06,8.87,-1.33%,"趋势: 多头排列 (5>20>60) | 形态: 两连阴 (-2.80%, -0.55%) | 趋势: 高于MA20",8.51,8.22,0.79X
002264,新 华 都,2026-08-14,6.59,-0.75%,趋势: 多头排列 (5>20>60) | 趋势: 高于MA20,6.40,6.29,0.98X
000636,风华高科,2026-08-06,58.28,0.83%,形态: 10日内有涨停 | 趋势: 高于MA20 | 动量: 突破转强 (阳线上穿5/10),49.71,55.08,1.00X
002826,易明医药,2026-08-06,18.15,10.00%,量能: 放量 (1.62X) | 形态: 10日内有涨停 | 趋势: 高于MA20 | 动量: 突破转强 (阳线上穿5/10),16.29,16.82,1.62X
002403,爱仕达,2026-08-14,9.66,-0.92%,趋势: 高于MA20,8.93,9.62,0.86X
603178,圣龙股份,2026-08-14,17.34,-2.86%,趋势: 多头排列 (5>20>60) | 趋势: 高于MA20,16.70,16.47,0.86X
603588,高能环境,2026-08-14,13.67,0.74%,趋势: 高于MA20,13.14,14.34,0.77X
002930,宏川智慧,2026-08-06,9.08,1.34%,趋势: 高于MA20 | 动量: 突破转强 (阳线上穿5/10),8.43,10.06,0.99X
603901,永创智能,2026-08-14,9.67,0.21%,趋势: 高于MA20,9.25,10.29,1.04X
002140,东华科技,2026-08-06,9.15,0.66%,"形态: 两连阴 (-0.54%, -0.44%) | 趋势: 高于MA20 | 动量: 突破转强 (阳线上穿5/10)",8.84,9.57,1.12X
600186,莲花控股,2026-08-06,9.68,1.04%,形态: 10日内有涨停 | 趋势: 高于MA20 | 动量: 突破转强 (阳线上穿5/10),9.10,11.00,1.06X
002245,蔚蓝锂芯,2026-08-14,18.86,1.89%,趋势: 高于MA20 | 动量: 突破转强 (阳线上穿5/10),16.88,19.19,0.73X
002282,博深股份,2026-08-06,5.87,0.00%,趋势: 高于MA20,5.73,5.99,0.86X
603636,南威软件,2026-08-06,7.24,0.56%,趋势: 高于MA20 | 动量: 突破转强 (阳线上穿5/10),6.65,8.40,0.87X
002073,软控股份,2026-08-06,5.65,-1.40%,"形态: 两连阴 (-0.68%, -1.21%) | 趋势: 高于MA20",5.51,5.56,0.89X
002216,三全食品,2026-08-06,12.85,-1.00%,趋势: 多头排列 (5>20>60),12.88,12.71,0.80X
605136,丽人丽妆,2026-08-28,8.35,2.33%,趋势: 高于MA20 | 动量: 突破转强 (阳线上穿5/10),8.23,7.84,1.33X
603967,中创物流,2026-08-14,11.41,-0.35%,"形态: 两连阴 (-0.69%, -0.61%) | 趋势: 高于MA20",11.34,11.54,0.75X
002842,翔鹭钨业,2026-08-28,40.13,2.71%,趋势: 高于MA20 | 动量: 突破转强 (阳线上穿5/10),38.16,38.61,1.40X
603327,福蓉科技,2026-08-28,9.65,1.15%,趋势: 高于MA20 | 动量: 突破转强 (阳线上穿5/10),9.17,9.19,0.81X
002766,索菱股份,2026-08-06,4.43,0.91%,量能: 放量 (2.79X) | 形态: 10日内有涨停 | 趋势: 高于MA20 | 动量: 突破转强 (阳线上穿5/10),3.75,4.10,2.79X
002716,湖南白银,2026-08-28,11.65,0.43%,趋势: 多头排列 (5>20>60) | 形态: 10日内有涨停 | 趋势: 高于MA20 | 动量: 突破转强 (阳线上穿5/10),9.71,8.67,0.84X
001236,弘业期货,2026-08-06,7.63,-1.17%,趋势: 高于MA20,7.28,7.73,0.88X
002038,双鹭药业,2026-08-28,6.28,-4.27%,趋势: 多头排列 (5>20>60) | 形态: 10日内有涨停 | 趋势: 高于MA20,6.12,5.87,0.58X
601949,中国出版,2026-08-06,5.4,-2.00%,趋势: 多头排列 (5>20>60) | 趋势: 高于MA20,5.17,5.12,0.86X
600088,中视传媒,2026-08-06,11.79,-1.50%,趋势: 高于MA20,11.27,12.85,0.83X
002295,精艺股份,2026-08-06,8.6,0.35%,趋势: 高于MA20 | 动量: 突破转强 (阳线上穿5/10),8.06,9.24,0.87X
600671,天目药业,2026-08-06,21.88,-0.82%,趋势: 多头排列 (5>20>60) | 趋势: 高于MA20,20.51,18.62,0.89X
000425,徐工机械,2026-08-28,7.95,-0.75%,量能: 放量 (1.67X),8.16,8.56,1.67X
603165,荣晟环保,2026-08-14,13.56,0.15%,"形态: 两连阴 (-0.57%, -2.73%) | 趋势: 高于MA20",13.25,14.39,0.73X
601952,苏垦农发,2026-08-06,8.3,1.22%,"量能: 放量 (1.68X) | 形态: 两连阴 (-1.43%, -0.85%) | 趋势: 高于MA20 | 动量: 突破转强 (阳线上穿5/10)",8.07,8.25,1.68X
600222,太龙药业,2026-08-14,8.14,0.87%,趋势: 高于MA20 | 动量: 突破转强 (阳线上穿5/10),7.35,7.60,1.04X
000528,柳    工,2026-08-06,8.38,-0.95%,"形态: 两连阴 (-2.75%, -0.47%)",8.39,8.47,0.94X
002491,通鼎互联,2026-08-28,22.23,-5.96%,形态: 10日内有涨停 | 趋势: 高于MA20,18.93,22.22,0.84X
000612,焦作万方,2026-08-28,11.46,1.69%,趋势: 高于MA20 | 动量: 突破转强 (阳线上穿5/10),11.27,10.96,1.26X
600901,江苏金租,2026-08-14,6.5,-0.76%,趋势: 多头排列 (5>20>60) | 趋势: 高于MA20,6.48,6.33,0.93X
600711,盛屯矿业,2026-08-28,12.0,0.42%,趋势: 多头排列 (5>20>60) | 趋势: 高于MA20 | 动量: 突破转强 (阳线上穿5/10),11.78,11.37,0.76X
002923,润都股份,2026-08-06,10.8,-0.83%,趋势: 高于MA20,10.73,10.64,0.94X
600724,宁波富达,2026-08-14,5.03,-0.59%,趋势: 高于MA20,4.96,5.69,0.80X
600830,香溢融通,2026-08-14,8.05,-0.74%,趋势: 高于MA20,7.97,8.14,0.66X
002875,安奈儿,2026-08-06,14.01,3.93%,量能: 放量 (1.73X) | 趋势: 高于MA20 | 动量: 突破转强 (阳线上穿5/10),12.36,16.35,1.73X
600305,恒顺醋业,2026-08-06,6.88,-1.29%,"形态: 两连阴 (-1.82%, -0.71%) | 趋势: 高于MA20",6.82,6.87,0.91X
600429,三元股份,2026-08-28,4.75,1.93%,趋势: 多头排列 (5>20>60) | 趋势: 高于MA20 | 动量: 突破转强 (阳线上穿5/10),4.60,4.37,1.12X
000501,武商集团,2026-08-06,7.16,-0.14%,"形态: 两连阴 (-0.69%, -0.97%) | 趋势: 高于MA20",7.00,7.19,0.99X
003038,鑫铂股份,2026-08-06,10.75,-0.09%,趋势: 高于MA20,10.20,11.61,0.99X
600493,凤竹纺织,2026-08-14,6.0,-0.17%,"形态: 两连阴 (-0.65%, -1.64%) | 趋势: 高于MA20",5.65,6.04,0.99X
600526,菲达环保,2026-08-06,4.4,-0.45%,"形态: 两连阴 (-1.33%, -0.45%) | 趋势: 高于MA20",4.33,4.50,0.87X
603687,大胜达,2026-08-14,14.23,0.35%,"形态: 两连阴 (-0.83%, -0.70%) | 趋势: 高于MA20",13.28,16.08,0.80X
000878,云南铜业,2026-08-06,16.6,-1.01%,趋势: 高于MA20,15.42,16.67,1.36X
600235,民丰特纸,2026-08-14,5.63,-0.35%,"形态: 两连阴 (-0.35%, -0.88%) | 趋势: 高于MA20",5.33,5.46,0.78X
000978,桂林旅游,2026-08-06,6.05,-0.49%,趋势: 高于MA20,5.67,5.89,0.83X
000045,深纺织Ａ,2026-08-06,10.13,1.50%,形态: 10日内有涨停 | 趋势: 高于MA20 | 动量: 突破转强 (阳线上穿5/10),9.35,10.45,1.03X
002570,贝因美,2026-08-06,4.43,0.00%,趋势: 高于MA20,4.18,4.53,0.89X
000514,渝 开 发,2026-08-06,3.95,1.02%,趋势: 高于MA20 | 动量: 突破转强 (阳线上穿5/10),3.76,4.04,0.88X
600960,渤海汽车,2026-08-14,3.99,0.00%,趋势: 高于MA20,3.84,4.03,1.48X
002598,山东章鼓,2026-08-14,6.68,-0.45%,趋势: 高于MA20,6.47,6.81,0.60X
002797,第一创业,2026-08-06,6.61,-1.05%,趋势: 高于MA20,6.55,6.73,1.30X
002574,明牌珠宝,2026-08-06,4.59,0.88%,趋势: 高于MA20 | 动量: 突破转强 (阳线上穿5/10),4.32,4.62,1.46X
000561,烽火电子,2026-08-14,7.64,-1.04%,趋势: 高于MA20,7.44,7.62,0.75X
600507,方大特钢,2026-08-06,4.34,-1.14%,"形态: 两连阴 (-2.83%, -1.57%)",4.35,4.40,0.94X
002655,共达电声,2026-08-06,27.84,2.84%,形态: 10日内有涨停 | 趋势: 高于MA20 | 动量: 突破转强 (阳线上穿5/10),27.49,35.42,1.23X
600283,钱江水利,2026-08-06,7.94,-0.87%,趋势: 高于MA20,7.79,8.26,0.89X
002691,冀凯股份,2026-08-14,4.28,1.42%,趋势: 高于MA20,3.94,4.38,0.99X
000913,钱江摩托,2026-08-14,11.28,-1.40%,趋势: 多头排列 (5>20>60),11.39,11.19,0.81X
002593,日上集团,2026-08-14,4.46,0.45%,趋势: 高于MA20,4.29,4.35,0.93X
600712,南宁百货,2026-08-28,5.61,2.94%,趋势: 高于MA20 | 动量: 突破转强 (阳线上穿5/10),5.44,5.08,1.23X
002144,宏达高科,2026-08-06,10.58,1.93%,"形态: 两连阴 (-0.19%, -0.29%) | 趋势: 高于MA20 | 动量: 突破转强 (阳线上穿5/10)",10.01,10.96,1.09X
002565,顺灏股份,2026-08-14,9.52,-1.14%,趋势: 高于MA20,9.11,11.73,0.86X
001322,箭牌家居,2026-08-14,6.17,-0.80%,趋势: 高于MA20,6.13,6.98,1.04X
000683,博源化工,2026-08-06,6.12,2.68%,趋势: 高于MA20,5.91,6.49,0.86X
603618,杭电股份,2026-08-06,26.51,1.11%,形态: 10日内有涨停 | 动量: 突破转强 (阳线上穿5/10),26.93,38.03,1.16X
600271,航天信息,2026-08-14,6.89,-0.58%,趋势: 高于MA20,6.86,6.95,0.96X
002153,石基信息,2026-08-06,8.54,-0.35%,趋势: 高于MA20,7.87,8.01,0.72X
002178,延华智能,2026-08-06,4.58,-0.65%,趋势: 高于MA20,4.34,4.93,0.91X
600278,东方创业,2026-08-06,6.28,0.16%,"形态: 两连阴 (-0.94%, -0.63%) | 趋势: 高于MA20",6.15,6.36,0.89X
600839,四川长虹,2026-08-06,6.98,-0.99%,趋势: 高于MA20,6.96,7.15,1.00X
601728,中国电信,2026-08-06,6.3,1.12%,"趋势: 多头排列 (5>20>60) | 形态: 两连阴 (-2.78%, -0.95%) | 趋势: 高于MA20",6.11,5.99,0.78X
603318,水发燃气,2026-08-06,9.26,3.12%,趋势: 高于MA20 | 动量: 突破转强 (阳线上穿5/10),8.53,9.21,1.34X
600056,中国医药,2026-08-06,9.2,-1.39%,"形态: 两连阴 (-0.94%, -1.58%)",9.44,9.41,1.28X
002728,特一药业,2026-08-06,9.43,2.61%,量能: 放量 (1.56X) | 趋势: 高于MA20 | 动量: 突破转强 (阳线上穿5/10),9.17,8.93,1.56X
603633,徕木股份,2026-08-28,6.58,0.46%,趋势: 高于MA20 | 动量: 突破转强 (阳线上穿5/10),6.38,6.64,0.82X
605122,四方新材,2026-08-14,11.19,0.00%,"形态: 两连阴 (-0.44%, -1.41%) | 趋势: 高于MA20",10.50,11.40,0.76X
600319,亚星化学,2026-08-06,6.12,3.55%,趋势: 高于MA20 | 动量: 突破转强 (阳线上穿5/10),5.59,6.57,1.00X
600428,中远海特,2026-08-28,11.47,4.46%,"形态: 两连阴 (-0.98%, -1.52%)",11.64,9.97,1.38X
600463,空港股份,2026-08-14,8.2,0.49%,趋势: 高于MA20,7.71,8.31,0.75X
600452,涪陵电力,2026-08-06,9.71,-1.62%,"形态: 两连阴 (-0.50%, -0.60%) | 趋势: 高于MA20",9.63,10.63,0.92X
605369,拱东医疗,2026-08-06,16.95,0.71%,趋势: 高于MA20 | 动量: 突破转强 (阳线上穿5/10),16.30,17.44,0.93X
601108,财通证券,2026-08-14,8.83,-1.67%,趋势: 高于MA20,8.45,9.02,1.46X
001239,永达股份,2026-08-06,11.74,0.43%,趋势: 高于MA20 | 动量: 突破转强 (阳线上穿5/10),11.59,13.10,0.78X
603212,赛伍技术,2026-08-06,11.21,-0.09%,趋势: 高于MA20,10.58,12.99,0.89X
605108,同庆楼,2026-08-14,12.73,-0.16%,趋势: 高于MA20,12.41,12.44,0.62X
600505,西昌电力,2026-08-06,11.31,-0.53%,"形态: 两连阴 (-1.55%, -0.52%) | 趋势: 高于MA20",11.12,12.17,0.83X
603300,海南华铁,2026-08-28,4.84,0.62%,动量: 突破转强 (阳线上穿5/10),4.94,4.84,0.98X
002734,利民股份,2026-08-14,15.44,0.00%,"形态: 10日内有涨停 | 形态: 两连阴 (-0.69%, -2.22%) | 趋势: 高于MA20",14.27,15.84,0.64X
603328,依顿电子,2026-08-28,10.96,-0.18%,趋势: 高于MA20,10.77,11.32,0.86X
600595,中孚实业,2026-08-28,6.34,1.60%,动量: 突破转强 (阳线上穿5/10),6.39,6.26,1.23X
002386,天原股份,2026-08-06,5.92,1.20%,趋势: 高于MA20 | 动量: 突破转强 (阳线上穿5/10),5.74,5.90,1.43X
603808,歌力思,2026-08-14,8.48,0.24%,趋势: 高于MA20,7.83,8.24,0.44X
000795,英洛华,2026-08-06,8.64,0.00%,趋势: 高于MA20,8.34,8.89,1.36X
000089,深圳机场,2026-08-06,6.59,-0.45%,"趋势: 多头排列 (5>20>60) | 形态: 两连阴 (-2.20%, -0.90%) | 趋势: 高于MA20",6.58,6.52,0.94X
002735,王子新材,2026-08-06,11.78,0.94%,趋势: 高于MA20 | 动量: 突破转强 (阳线上穿5/10),10.85,14.41,0.77X
600198,大唐电信,2026-08-14,7.84,9.96%,量能: 放量 (2.37X) | 形态: 10日内有涨停 | 趋势: 高于MA20 | 动量: 突破转强 (阳线上穿5/10),7.07,8.18,2.37X
603089,正裕工业,2026-08-14,9.75,10.05%,量能: 放量 (2.01X) | 形态: 10日内有涨停 | 趋势: 高于MA20 | 动量: 突破转强 (阳线上穿5/10),8.49,9.08,2.01X
002580,圣阳股份,2026-08-06,19.11,-6.28%,形态: 10日内有涨停 | 趋势: 高于MA20,17.38,21.10,0.93X
603279,景津装备,2026-08-06,12.98,-0.61%,趋势: 高于MA20,12.83,13.58,0.81X
600356,恒丰纸业,2026-08-14,8.81,0.11%,形态: 10日内有涨停 | 趋势: 高于MA20,8.15,8.28,0.50X
000619,海螺新材,2026-08-06,4.68,1.30%,趋势: 高于MA20 | 动量: 突破转强 (阳线上穿5/10),4.40,4.92,1.03X
600469,风神股份,2026-08-14,5.21,-0.38%,"形态: 两连阴 (-1.09%, -3.51%)",5.28,5.51,0.77X
002331,皖通科技,2026-08-14,7.01,-1.13%,趋势: 高于MA20,6.76,7.53,1.20X
603810,丰山集团,2026-08-28,12.45,-0.24%,趋势: 多头排列 (5>20>60) | 趋势: 高于MA20,12.08,11.66,1.46X
002996,顺博合金,2026-08-06,6.26,-0.32%,趋势: 高于MA20,6.13,6.40,1.07X
002330,得利斯,2026-08-28,4.24,1.19%,趋势: 多头排列 (5>20>60) | 趋势: 高于MA20 | 动量: 突破转强 (阳线上穿5/10),4.03,3.82,0.90X
002682,龙洲股份,2026-08-14,4.64,-9.38%,量能: 放量 (1.72X) | 形态: 10日内有涨停 | 趋势: 高于MA20,4.33,4.56,1.72X
601003,柳钢股份,2026-08-06,3.92,-1.26%,"形态: 10日内有涨停 | 形态: 两连阴 (-0.25%, -0.25%) | 趋势: 高于MA20",3.67,3.68,0.90X
601808,中海油服,2026-08-06,12.23,0.58%,"形态: 两连阴 (-1.97%, -2.09%) | 趋势: 高于MA20",12.09,12.32,0.77X
603639,海利尔,2026-08-06,10.61,0.19%,趋势: 高于MA20,10.47,10.71,0.74X
603477,巨星农牧,2026-08-06,14.96,0.07%,动量: 突破转强 (阳线上穿5/10),15.04,15.22,0.76X
002064,华峰化学,2026-08-14,11.13,-1.24%,趋势: 多头排列 (5>20>60),11.17,10.58,0.68X
600597,光明乳业,2026-08-28,6.92,1.91%,趋势: 高于MA20 | 动量: 突破转强 (阳线上穿5/10),6.82,6.66,1.28X
003016,欣贺股份,2026-08-14,6.88,0.00%,趋势: 高于MA20,6.62,6.73,0.77X
002055,得润电子,2026-08-06,5.64,1.81%,趋势: 高于MA20 | 动量: 突破转强 (阳线上穿5/10),5.63,6.27,0.94X
002921,联诚精密,2026-08-14,23.13,-6.09%,量能: 放量 (1.50X) | 形态: 10日内有涨停 | 趋势: 高于MA20,21.57,24.47,1.50X
603303,得邦照明,2026-08-06,20.42,2.46%,趋势: 高于MA20 | 动量: 突破转强 (阳线上穿5/10),20.08,24.45,0.89X
000875,吉电股份,2026-08-06,5.24,-2.06%,"形态: 两连阴 (-3.23%, -0.74%) | 趋势: 高于MA20",5.16,5.74,0.98X
600377,宁沪高速,2026-08-06,11.89,-0.42%,"形态: 两连阴 (-3.15%, -0.50%)",12.13,12.26,0.56X
600269,赣粤高速,2026-08-06,3.95,-1.74%,"形态: 两连阴 (-2.86%, -1.47%)",4.04,4.16,1.16X
000679,大连友谊,2026-08-06,6.02,3.26%,趋势: 高于MA20 | 动量: 突破转强 (阳线上穿5/10),5.64,6.21,1.01X
002575,群兴玩具,2026-08-28,5.31,1.72%,趋势: 高于MA20 | 动量: 突破转强 (阳线上穿5/10),5.28,5.30,1.11X
002798,帝欧水华,2026-08-28,5.89,0.17%,趋势: 多头排列 (5>20>60) | 趋势: 高于MA20 | 动量: 突破转强 (阳线上穿5/10),5.70,5.51,0.69X
603798,康普顿,2026-08-06,13.54,3.52%,形态: 10日内有涨停 | 趋势: 高于MA20 | 动量: 突破转强 (阳线上穿5/10),11.91,14.45,0.87X
002917,金奥博,2026-08-06,10.55,1.25%,趋势: 高于MA20 | 动量: 突破转强 (阳线上穿5/10),9.99,11.53,1.13X
002910,庄园牧场,2026-08-28,9.96,1.12%,趋势: 高于MA20 | 动量: 突破转强 (阳线上穿5/10),9.47,9.91,1.24X
605177,东亚药业,2026-08-06,16.66,0.18%,趋势: 高于MA20 | 动量: 突破转强 (阳线上穿5/10),15.60,18.53,0.81X
002035,华帝股份,2026-08-06,4.82,-0.62%,"形态: 两连阴 (-1.62%, -0.41%) | 趋势: 高于MA20",4.77,4.90,0.83X
000524,岭南控股,2026-08-28,10.19,2.93%,"趋势: 多头排列 (5>20>60) | 形态: 两连阴 (-1.27%, -1.69%) | 趋势: 高于MA20 | 动量: 突破转强 (阳线上穿5/10)",9.61,9.16,0.88X
000958,电投产融,2026-08-06,5.53,0.55%,"形态: 两连阴 (-0.89%, -0.90%) | 趋势: 高于MA20",5.43,5.76,0.77X
603866,桃李面包,2026-08-06,4.31,-0.23%,"形态: 两连阴 (-2.04%, -0.23%) | 趋势: 高于MA20",4.13,4.25,0.87X
600080,金花股份,2026-08-14,4.87,-2.01%,趋势: 高于MA20,4.80,4.92,1.10X
002539,云图控股,2026-08-06,12.02,-2.20%,趋势: 高于MA20,10.97,11.82,0.93X
600037,歌华有线,2026-08-06,7.07,-0.84%,"形态: 两连阴 (-0.14%, -1.38%) | 趋势: 高于MA20",6.77,6.86,0.95X
002391,长青股份,2026-08-06,5.28,0.38%,趋势: 高于MA20 | 动量: 突破转强 (阳线上穿5/10),5.14,5.36,0.72X
601816,京沪高铁,2026-08-06,5.08,0.20%,"趋势: 多头排列 (5>20>60) | 形态: 两连阴 (-1.34%, -1.55%) | 趋势: 高于MA20",4.97,4.86,0.64X
601985,中国核电,2026-08-06,8.83,0.11%,"形态: 两连阴 (-1.11%, -1.23%)",8.94,8.98,0.89X
002520,日发精机,2026-08-14,6.65,4.07%,量能: 放量 (1.67X) | 形态: 10日内有涨停 | 趋势: 高于MA20 | 动量: 突破转强 (阳线上穿5/10),5.67,6.28,1.67X
603912,佳力图,2026-08-06,7.8,0.00%,形态: 10日内有涨停 | 趋势: 高于MA20,7.12,8.34,1.02X
002908,德生科技,2026-08-06,7.35,-3.03%,量能: 放量 (2.27X) | 形态: 10日内有涨停 | 趋势: 高于MA20,6.57,7.01,2.27X
002347,泰尔股份,2026-08-14,6.04,0.00%,量能: 放量 (2.33X) | 趋势: 高于MA20,5.64,6.12,2.33X
601068,中铝国际,2026-08-28,4.7,2.84%,趋势: 高于MA20 | 动量: 突破转强 (阳线上穿5/10),4.54,4.55,1.31X
002493,荣盛石化,2026-08-14,12.59,-0.87%,趋势: 多头排列 (5>20>60) | 趋势: 高于MA20,12.38,11.72,0.96X
603006,联明股份,2026-08-14,11.18,0.27%,趋势: 高于MA20,10.49,12.37,0.88X
000678,襄阳轴承,2026-08-14,8.94,-0.78%,趋势: 高于MA20,8.44,9.42,0.71X
600179,安通控股,2026-08-14,4.35,-5.02%,趋势: 高于MA20,4.30,4.44,1.32X
000995,皇台酒业,2026-08-14,10.95,-3.18%,趋势: 高于MA20,10.35,10.78,1.03X
603809,豪能股份,2026-08-14,9.41,-1.26%,趋势: 高于MA20,9.14,9.51,0.84X
601101,昊华能源,2026-08-06,12.72,10.03%,形态: 10日内有涨停 | 趋势: 高于MA20 | 动量: 突破转强 (阳线上穿5/10),11.26,11.56,1.08X
003039,顺控发展,2026-08-06,11.97,0.00%,"形态: 两连阴 (-0.41%, -1.56%) | 趋势: 高于MA20",11.54,12.08,0.84X
603718,海利生物,2026-08-06,2.89,0.00%,"形态: 两连阴 (-1.02%, -0.34%) | 趋势: 高于MA20",2.81,3.07,1.10X
601609,金田股份,2026-08-06,10.26,-1.54%,趋势: 高于MA20,9.95,11.51,1.17X
603126,中材节能,2026-08-06,6.03,0.17%,"形态: 两连阴 (-0.16%, -0.99%) | 趋势: 高于MA20 | 动量: 突破转强 (阳线上穿5/10)",5.84,6.86,0.89X
002771,真视通,2026-08-06,12.94,-0.54%,趋势: 高于MA20,11.98,13.76,0.88X
002998,优彩资源,2026-08-14,7.93,-0.75%,趋势: 多头排列 (5>20>60) | 趋势: 高于MA20,7.50,7.50,0.87X
600281,华阳新材,2026-08-28,4.98,0.20%,趋势: 多头排列 (5>20>60) | 形态: 10日内有涨停 | 趋势: 高于MA20 | 动量: 突破转强 (阳线上穿5/10),4.61,4.37,0.74X
000506,招金黄金,2026-08-28,21.43,-2.94%,趋势: 多头排列 (5>20>60) | 趋势: 高于MA20,18.72,14.97,1.06X
000417,合百集团,2026-08-28,5.79,1.05%,动量: 突破转强 (阳线上穿5/10),5.83,6.72,1.06X
002587,奥拓电子,2026-08-14,5.55,0.18%,趋势: 高于MA20,5.36,6.25,0.89X
600662,外服控股,2026-08-06,4.45,-1.55%,趋势: 高于MA20,4.31,4.33,0.94X
002452,长高电新,2026-08-06,11.53,0.26%,趋势: 高于MA20 | 动量: 突破转强 (阳线上穿5/10),10.83,11.44,0.82X
601038,一拖股份,2026-08-06,13.52,0.07%,"趋势: 多头排列 (5>20>60) | 形态: 两连阴 (-2.41%, -1.75%) | 趋势: 高于MA20",13.18,12.46,0.83X
600546,山煤国际,2026-08-28,13.99,0.14%,趋势: 多头排列 (5>20>60) | 趋势: 高于MA20 | 动量: 突破转强 (阳线上穿5/10),13.12,12.65,0.65X
603985,恒润股份,2026-08-14,18.09,6.04%,趋势: 高于MA20 | 动量: 突破转强 (阳线上穿5/10),16.10,20.55,1.48X
600970,中材国际,2026-08-28,7.7,1.18%,"形态: 两连阴 (-1.27%, -1.81%)",7.81,7.80,0.80X
600623,华谊集团,2026-08-06,8.64,3.47%,量能: 放量 (2.28X) | 趋势: 高于MA20 | 动量: 突破转强 (阳线上穿5/10),8.11,8.52,2.28X
603886,元祖股份,2026-08-28,12.63,-0.94%,趋势: 高于MA20,11.31,11.65,0.59X
601857,中国石油,2026-08-06,10.68,0.47%,"趋势: 多头排列 (5>20>60) | 形态: 两连阴 (-1.72%, -2.12%) | 趋势: 高于MA20",10.61,10.32,0.89X
002952,亚世光电,2026-08-28,21.79,9.99%,量能: 放量 (1.64X) | 形态: 10日内有涨停 | 趋势: 高于MA20 | 动量: 突破转强 (阳线上穿5/10),19.87,20.54,1.64X
600029,南方航空,2026-08-06,5.18,-1.15%,趋势: 高于MA20,5.12,5.24,0.97X
600168,武汉控股,2026-08-06,4.3,0.23%,"形态: 两连阴 (-0.91%, -1.15%) | 趋势: 高于MA20",4.26,4.41,0.74X
000531,穗恒运Ａ,2026-08-06,5.84,-2.34%,"形态: 两连阴 (-0.17%, -0.17%)",5.84,6.50,1.14X
002660,茂硕电源,2026-08-06,6.97,3.11%,"量能: 放量 (1.98X) | 形态: 两连阴 (-0.88%, -0.29%) | 趋势: 高于MA20 | 动量: 突破转强 (阳线上穿5/10)",6.37,7.09,1.98X
000026,飞亚达,2026-08-14,20.92,-1.09%,形态: 10日内有涨停 | 趋势: 高于MA20,17.31,19.49,0.61X
603208,江山欧派,2026-08-14,11.35,-1.39%,趋势: 高于MA20,10.52,11.06,1.04X
002623,亚玛顿,2026-08-06,15.93,-0.44%,趋势: 高于MA20,14.71,17.01,0.50X
601696,中银证券,2026-08-28,12.08,-0.90%,趋势: 高于MA20,11.89,11.94,0.94X
000153,丰原药业,2026-08-06,5.56,0.91%,趋势: 高于MA20 | 动量: 突破转强 (阳线上穿5/10),5.46,5.53,0.99X
600930,华电新能,2026-08-06,4.21,-2.09%,"形态: 两连阴 (-0.23%, -0.92%)",4.35,5.21,1.10X
600630,龙头股份,2026-08-06,6.7,0.45%,趋势: 高于MA20 | 动量: 突破转强 (阳线上穿5/10),6.41,7.83,0.99X
600861,北京人力,2026-08-06,13.58,-0.15%,"形态: 两连阴 (-1.22%, -1.02%) | 趋势: 高于MA20",13.21,13.58,0.64X
600838,上海九百,2026-08-28,8.6,3.37%,趋势: 多头排列 (5>20>60) | 形态: 10日内有涨停 | 趋势: 高于MA20 | 动量: 突破转强 (阳线上穿5/10),7.59,7.38,1.25X
601512,中新集团,2026-08-06,7.88,0.51%,"形态: 两连阴 (-0.76%, -0.51%) | 趋势: 高于MA20",7.78,8.19,0.79X
600127,金健米业,2026-08-28,11.77,9.18%,趋势: 多头排列 (5>20>60) | 形态: 10日内有涨停 | 趋势: 高于MA20 | 动量: 突破转强 (阳线上穿5/10),7.41,6.16,1.12X
600577,精达股份,2026-08-14,8.11,0.00%,趋势: 高于MA20,7.75,9.82,0.89X
002456,欧菲光,2026-08-06,7.99,1.52%,趋势: 高于MA20 | 动量: 突破转强 (阳线上穿5/10),7.59,8.66,1.17X
600826,兰生股份,2026-08-06,8.03,-2.07%,趋势: 高于MA20,8.01,8.79,1.02X
603566,普莱柯,2026-08-06,10.13,-1.55%,"形态: 两连阴 (-0.67%, -1.25%)",10.34,10.46,1.41X
002322,理工能科,2026-08-14,13.05,10.03%,量能: 放量 (3.24X) | 形态: 10日内有涨停 | 趋势: 高于MA20 | 动量: 突破转强 (阳线上穿5/10),10.63,10.73,3.24X
603222,济民健康,2026-08-06,8.59,0.47%,量能: 放量 (1.58X) | 形态: 10日内有涨停 | 趋势: 高于MA20 | 动量: 突破转强 (阳线上穿5/10),8.52,8.62,1.58X
002856,美芝股份,2026-08-06,15.44,2.39%,"形态: 10日内有涨停 | 形态: 两连阴 (-1.68%, -0.79%) | 趋势: 高于MA20 | 动量: 突破转强 (阳线上穿5/10)",14.31,18.63,0.86X
601236,红塔证券,2026-08-06,7.01,-1.27%,"趋势: 多头排列 (5>20>60) | 形态: 两连阴 (-0.56%, -0.42%)",7.04,6.97,0.90X
002806,华锋股份,2026-08-14,14.25,1.35%,趋势: 高于MA20 | 动量: 突破转强 (阳线上穿5/10),13.07,16.03,1.01X
000551,创元科技,2026-08-14,14.1,3.45%,趋势: 高于MA20 | 动量: 突破转强 (阳线上穿5/10),13.05,15.46,1.27X
603315,福鞍股份,2026-08-06,12.32,0.16%,形态: 10日内有涨停 | 趋势: 高于MA20 | 动量: 突破转强 (阳线上穿5/10),11.83,14.68,1.03X
002513,蓝丰生化,2026-08-06,5.11,2.61%,趋势: 高于MA20 | 动量: 突破转强 (阳线上穿5/10),4.69,5.25,1.08X
600216,浙江医药,2026-08-06,11.96,-1.32%,"形态: 两连阴 (-0.57%, -0.57%)",12.11,12.32,1.07X
002165,红 宝 丽,2026-08-06,6.7,0.15%,趋势: 高于MA20 | 动量: 突破转强 (阳线上穿5/10),6.17,6.87,0.93X
603088,宁波精达,2026-08-14,9.35,0.43%,趋势: 高于MA20,9.07,9.76,0.71X
600287,苏豪时尚,2026-08-06,4.65,2.42%,"形态: 两连阴 (-1.08%, -1.09%) | 趋势: 高于MA20 | 动量: 突破转强 (阳线上穿5/10)",4.40,4.75,0.99X
600397,江钨装备,2026-08-28,19.19,0.84%,形态: 10日内有涨停 | 趋势: 高于MA20 | 动量: 突破转强 (阳线上穿5/10),17.35,18.17,1.48X
002774,快意电梯,2026-08-06,16.13,4.06%,形态: 10日内有涨停 | 趋势: 高于MA20 | 动量: 突破转强 (阳线上穿5/10),15.48,13.67,0.68X
000899,赣能股份,2026-08-06,10.94,-1.17%,趋势: 高于MA20,10.64,11.63,0.97X
002090,金智科技,2026-08-06,9.43,-1.15%,"形态: 两连阴 (-1.03%, -0.83%) | 趋势: 高于MA20",9.01,9.64,0.95X
002427,尤夫股份,2026-08-28,5.19,9.96%,趋势: 多头排列 (5>20>60) | 形态: 10日内有涨停 | 趋势: 高于MA20 | 动量: 突破转强 (阳线上穿5/10),4.48,4.44,1.25X
601918,新集能源,2026-08-06,9.82,4.14%,量能: 放量 (1.75X) | 趋势: 高于MA20 | 动量: 突破转强 (阳线上穿5/10),9.79,9.58,1.75X
600644,乐山电力,2026-08-06,10.35,0.49%,形态: 10日内有涨停 | 趋势: 高于MA20 | 动量: 突破转强 (阳线上穿5/10),9.34,9.80,0.90X
002337,赛象科技,2026-08-14,4.63,0.43%,趋势: 高于MA20,4.43,4.70,1.25X
600613,神奇制药,2026-08-06,5.0,1.21%,趋势: 高于MA20 | 动量: 突破转强 (阳线上穿5/10),4.90,4.95,1.01X
002449,国星光电,2026-08-06,6.42,0.00%,趋势: 高于MA20,6.25,7.39,1.05X
002233,塔牌集团,2026-08-06,7.62,2.83%,"形态: 两连阴 (-2.36%, -0.40%) | 趋势: 高于MA20 | 动量: 突破转强 (阳线上穿5/10)",7.42,7.67,1.37X
000529,广弘控股,2026-08-06,4.77,1.06%,"形态: 两连阴 (-1.25%, -0.63%) | 趋势: 高于MA20 | 动量: 突破转强 (阳线上穿5/10)",4.65,4.79,0.91X
601117,中国化学,2026-08-06,7.82,1.03%,趋势: 高于MA20 | 动量: 突破转强 (阳线上穿5/10),7.66,7.70,1.19X
000605,渤海股份,2026-08-06,5.81,0.52%,"形态: 两连阴 (-0.86%, -0.17%) | 趋势: 高于MA20 | 动量: 突破转强 (阳线上穿5/10)",5.52,5.91,0.93X
002249,大洋电机,2026-08-14,7.3,-0.68%,"形态: 两连阴 (-0.13%, -0.81%) | 趋势: 高于MA20",7.23,7.76,0.89X
002176,江特电机,2026-08-06,9.3,-1.80%,形态: 10日内有涨停 | 趋势: 高于MA20,8.24,10.26,1.04X
002271,东方雨虹,2026-08-06,11.67,-1.19%,趋势: 高于MA20,11.36,12.35,0.89X
002079,苏州固锝,2026-08-06,9.57,0.53%,动量: 突破转强 (阳线上穿5/10),9.70,11.98,0.92X
603291,联合水务,2026-08-06,8.84,1.38%,趋势: 高于MA20 | 动量: 突破转强 (阳线上穿5/10),8.12,9.18,0.89X
000155,川能动力,2026-08-28,12.35,1.90%,趋势: 高于MA20 | 动量: 突破转强 (阳线上穿5/10),12.15,12.15,1.35X
601229,上海银行,2026-08-06,9.3,0.22%,"趋势: 多头排列 (5>20>60) | 形态: 两连阴 (-1.67%, -1.49%) | 趋势: 高于MA20",9.23,9.13,0.62X
603949,雪龙集团,2026-08-14,14.22,0.35%,趋势: 高于MA20,13.46,15.46,1.08X
603153,上海建科,2026-08-06,13.34,0.00%,"形态: 两连阴 (-1.61%, -0.52%) | 趋势: 高于MA20",13.28,13.75,0.78X
000590,启迪药业,2026-08-14,9.02,0.11%,趋势: 高于MA20 | 动量: 突破转强 (阳线上穿5/10),8.40,9.16,0.86X
600641,万业企业,2026-08-06,28.44,7.00%,动量: 突破转强 (阳线上穿5/10),31.14,32.27,1.02X
603506,南都物业,2026-08-28,11.63,2.92%,趋势: 多头排列 (5>20>60) | 形态: 10日内有涨停 | 趋势: 高于MA20 | 动量: 突破转强 (阳线上穿5/10),10.74,10.13,0.96X
002202,金风科技,2026-08-14,20.93,0.00%,趋势: 高于MA20,19.20,21.27,0.58X
002715,登云股份,2026-08-06,13.66,1.41%,趋势: 高于MA20 | 动量: 突破转强 (阳线上穿5/10),13.17,14.51,0.84X
603648,畅联股份,2026-08-14,9.05,-2.79%,趋势: 高于MA20,8.98,9.15,1.13X
600637,东方明珠,2026-08-06,8.19,-1.80%,趋势: 高于MA20,7.94,8.71,0.94X
000626,远大控股,2026-08-14,7.68,-1.16%,趋势: 多头排列 (5>20>60) | 趋势: 高于MA20,7.10,7.06,0.86X
002267,陕天然气,2026-08-06,7.16,-0.69%,"趋势: 多头排列 (5>20>60) | 形态: 两连阴 (-2.01%, -1.64%)",7.21,7.20,0.94X
603313,梦百合,2026-08-28,6.13,1.32%,"形态: 两连阴 (-0.49%, -0.82%) | 趋势: 高于MA20 | 动量: 突破转强 (阳线上穿5/10)",6.11,6.03,1.38X
002227,奥 特 迅,2026-08-06,6.25,0.32%,"形态: 两连阴 (-0.16%, -1.11%) | 趋势: 高于MA20 | 动量: 突破转强 (阳线上穿5/10)",6.02,7.08,0.93X
600257,大湖股份,2026-08-28,5.86,2.63%,趋势: 多头排列 (5>20>60) | 量能: 放量 (1.56X) | 趋势: 高于MA20 | 动量: 突破转强 (阳线上穿5/10),5.50,5.01,1.56X
000856,冀东装备,2026-08-14,7.97,0.76%,趋势: 高于MA20,7.52,7.91,0.94X
000920,沃顿科技,2026-08-06,11.55,0.87%,动量: 突破转强 (阳线上穿5/10),12.13,12.68,1.03X
002871,伟隆股份,2026-08-28,17.01,-1.73%,趋势: 高于MA20,16.74,18.35,0.98X
600210,紫江企业,2026-08-06,6.15,-1.28%,"形态: 两连阴 (-1.72%, -0.64%)",6.30,6.44,1.16X
002685,华东重机,2026-08-06,5.35,-1.11%,趋势: 高于MA20,5.22,6.58,1.01X
000682,东方电子,2026-08-06,12.27,-2.00%,趋势: 高于MA20,11.94,12.72,0.83X
002106,莱宝高科,2026-08-06,10.44,-0.48%,趋势: 高于MA20,10.08,12.11,1.01X
600765,中航重机,2026-08-14,13.47,0.45%,"形态: 两连阴 (-0.37%, -0.89%) | 趋势: 高于MA20",13.46,13.55,1.01X
002205,国统股份,2026-08-14,10.53,-0.85%,趋势: 高于MA20,9.93,10.88,0.70X
603161,科华控股,2026-08-06,14.07,-2.29%,趋势: 高于MA20,13.69,13.95,1.06X
600367,红星发展,2026-08-28,42.1,3.95%,形态: 10日内有涨停 | 趋势: 高于MA20 | 动量: 突破转强 (阳线上穿5/10),34.79,41.93,1.03X
600273,嘉化能源,2026-08-06,6.89,-0.29%,"形态: 两连阴 (-1.84%, -0.58%) | 趋势: 高于MA20",6.77,7.00,1.02X
600789,鲁抗医药,2026-08-06,7.36,0.27%,趋势: 高于MA20,7.29,7.39,1.21X
600918,中泰证券,2026-08-06,5.58,-1.24%,"趋势: 多头排列 (5>20>60) | 形态: 两连阴 (-0.70%, -0.35%)",5.61,5.51,0.85X
600822,上海物贸,2026-08-06,8.24,-0.12%,趋势: 高于MA20,8.09,8.40,0.92X
600199,金种子酒,2026-08-14,7.68,-2.66%,趋势: 多头排列 (5>20>60) | 趋势: 高于MA20,7.60,7.25,0.72X
600138,中青旅,2026-08-28,7.26,1.68%,动量: 突破转强 (阳线上穿5/10),7.57,7.47,1.13X
000404,长虹华意,2026-08-06,7.67,-1.41%,趋势: 高于MA20,7.58,8.03,1.07X
600405,动力源,2026-08-06,4.56,4.11%,趋势: 高于MA20 | 动量: 突破转强 (阳线上穿5/10),4.15,4.44,1.40X
002632,道明光学,2026-08-28,8.47,-0.70%,趋势: 高于MA20,8.39,8.86,0.72X
605567,春雪食品,2026-08-06,8.81,1.03%,趋势: 高于MA20 | 动量: 突破转强 (阳线上穿5/10),8.26,8.89,0.66X
603366,日出东方,2026-08-28,7.38,2.22%,"趋势: 多头排列 (5>20>60) | 形态: 10日内有涨停 | 形态: 两连阴 (-2.02%, -0.96%) | 趋势: 高于MA20 | 动量: 突破转强 (阳线上穿5/10)",7.10,6.85,0.89X
600999,招商证券,2026-08-06,18.0,0.33%,动量: 突破转强 (阳线上穿5/10),18.75,18.66,1.10X
603112,华翔股份,2026-08-28,16.29,2.52%,形态: 10日内有涨停 | 趋势: 高于MA20 | 动量: 突破转强 (阳线上穿5/10),15.58,16.11,1.15X
600561,江西长运,2026-08-06,5.57,2.20%,"形态: 两连阴 (-0.90%, -0.55%) | 趋势: 高于MA20 | 动量: 突破转强 (阳线上穿5/10)",5.10,5.56,0.81X
600604,市北高新,2026-08-06,4.58,0.00%,趋势: 高于MA20,4.28,4.35,0.74X
000906,浙商中拓,2026-08-06,5.44,-0.91%,"形态: 两连阴 (-1.78%, -0.54%) | 趋势: 高于MA20",5.39,5.65,0.71X
002096,易普力,2026-08-28,9.72,3.40%,量能: 放量 (2.35X) | 趋势: 高于MA20 | 动量: 突破转强 (阳线上穿5/10),9.45,9.35,2.35X
002439,启明星辰,2026-08-06,14.68,2.73%,趋势: 高于MA20 | 动量: 突破转强 (阳线上穿5/10),13.68,13.81,1.33X
000708,中信特钢,2026-08-06,14.1,-0.42%,"趋势: 多头排列 (5>20>60) | 形态: 两连阴 (-2.45%, -1.19%) | 趋势: 高于MA20",14.02,13.81,0.93X
603167,渤海轮渡,2026-08-06,8.72,-0.68%,"形态: 两连阴 (-0.45%, -0.34%) | 趋势: 高于MA20",8.62,8.89,0.70X
600973,宝胜股份,2026-08-14,6.19,1.31%,量能: 放量 (1.57X) | 趋势: 高于MA20,5.95,6.69,1.57X
600886,国投电力,2026-08-28,13.64,-1.94%,量能: 放量 (1.70X),14.16,14.05,1.70X
601901,方正证券,2026-08-06,7.04,-1.26%,趋势: 多头排列 (5>20>60),7.09,7.00,1.01X
603598,引力传媒,2026-08-28,16.9,0.54%,量能: 放量 (1.95X),17.78,17.48,1.95X
000819,岳阳兴长,2026-08-28,12.33,1.48%,趋势: 高于MA20 | 动量: 突破转强 (阳线上穿5/10),12.03,12.09,1.14X
603488,展鹏科技,2026-08-06,8.56,1.18%,趋势: 高于MA20 | 动量: 突破转强 (阳线上穿5/10),7.80,10.08,0.80X
000700,模塑科技,2026-08-14,11.88,-0.17%,"形态: 两连阴 (-0.50%, -0.17%) | 趋势: 高于MA20",11.09,13.83,0.65X
600422,昆药集团,2026-08-14,8.82,-3.29%,趋势: 多头排列 (5>20>60),9.00,8.64,0.87X
002030,达安基因,2026-08-06,5.57,0.36%,趋势: 高于MA20 | 动量: 突破转强 (阳线上穿5/10),5.33,5.66,1.41X
600633,浙数文化,2026-08-06,11.33,-0.61%,趋势: 高于MA20,10.64,11.20,1.07X
600106,重庆路桥,2026-08-14,4.4,-0.90%,趋势: 高于MA20,4.37,4.73,1.12X
002651,利君股份,2026-08-14,8.39,9.96%,"量能: 放量 (2.01X) | 形态: 10日内有涨停 | 形态: 两连阴 (-0.64%, -1.93%) | 趋势: 高于MA20 | 动量: 突破转强 (阳线上穿5/10)",7.66,7.77,2.01X
000757,浩物股份,2026-08-06,3.95,3.13%,趋势: 高于MA20 | 动量: 突破转强 (阳线上穿5/10),3.62,3.84,1.10X
000758,中色股份,2026-08-28,6.52,3.16%,量能: 放量 (1.64X) | 趋势: 高于MA20 | 动量: 突破转强 (阳线上穿5/10),6.13,6.23,1.64X
000559,万向钱潮,2026-08-14,11.64,-0.60%,趋势: 高于MA20,11.20,12.84,0.86X
002373,千方科技,2026-08-14,7.77,-0.64%,趋势: 多头排列 (5>20>60) | 趋势: 高于MA20,7.74,7.62,0.87X
002763,汇洁股份,2026-08-14,7.53,0.53%,趋势: 高于MA20,7.12,7.36,0.84X
002677,浙江美大,2026-08-06,6.69,0.45%,趋势: 高于MA20 | 动量: 突破转强 (阳线上穿5/10),6.58,6.84,0.84X
002887,绿茵生态,2026-08-14,10.2,-3.86%,趋势: 高于MA20,10.03,11.07,0.74X
000828,东莞控股,2026-08-06,9.96,-0.99%,"趋势: 多头排列 (5>20>60) | 形态: 两连阴 (-0.88%, -0.30%) | 趋势: 高于MA20",9.92,9.89,1.06X
600097,开创国际,2026-08-06,8.34,1.58%,"形态: 两连阴 (-0.72%, -0.85%) | 趋势: 高于MA20 | 动量: 突破转强 (阳线上穿5/10)",7.98,8.51,0.94X
002276,万马股份,2026-08-14,10.29,-1.15%,趋势: 高于MA20,10.14,10.61,0.91X
003022,联泓新科,2026-08-06,19.9,0.35%,趋势: 高于MA20 | 动量: 突破转强 (阳线上穿5/10),19.08,23.15,0.91X
603331,百达精工,2026-08-14,13.16,-1.28%,趋势: 多头排列 (5>20>60) | 趋势: 高于MA20,11.79,11.72,0.58X
002951,金时科技,2026-08-14,18.14,10.01%,形态: 10日内有涨停 | 趋势: 高于MA20 | 动量: 突破转强 (阳线上穿5/10),13.62,15.28,0.97X
003003,天元股份,2026-08-14,10.94,1.11%,趋势: 高于MA20 | 动量: 突破转强 (阳线上穿5/10),10.16,10.73,0.74X
002251,步步高,2026-08-28,3.8,2.70%,趋势: 高于MA20 | 动量: 突破转强 (阳线上穿5/10),3.72,3.71,1.02X
002072,凯瑞德,2026-08-06,7.37,2.65%,趋势: 高于MA20 | 动量: 突破转强 (阳线上穿5/10),6.89,7.81,1.12X
000721,西安饮食,2026-08-06,6.62,0.91%,形态: 10日内有涨停 | 趋势: 高于MA20 | 动量: 突破转强 (阳线上穿5/10),6.05,6.10,0.68X
000968,蓝焰控股,2026-08-06,6.96,0.43%,趋势: 高于MA20,6.84,7.01,0.89X
600295,鄂尔多斯,2026-08-06,12.14,-0.25%,"形态: 两连阴 (-1.04%, -1.46%)",12.38,12.70,1.26X
603536,惠发食品,2026-08-28,9.7,2.11%,趋势: 多头排列 (5>20>60) | 趋势: 高于MA20 | 动量: 突破转强 (阳线上穿5/10),9.50,8.72,1.07X
605166,聚合顺,2026-08-06,8.69,1.16%,趋势: 高于MA20 | 动量: 突破转强 (阳线上穿5/10),8.21,9.53,1.27X
000017,深中华A,2026-08-28,11.45,9.99%,趋势: 多头排列 (5>20>60) | 量能: 放量 (1.61X) | 形态: 10日内有涨停 | 趋势: 高于MA20 | 动量: 突破转强 (阳线上穿5/10),7.03,6.06,1.61X
002225,濮耐股份,2026-08-06,3.74,-0.53%,趋势: 高于MA20,3.70,4.04,1.08X
603877,太平鸟,2026-08-06,12.96,0.23%,趋势: 高于MA20,12.89,12.98,0.80X
600538,国发股份,2026-08-14,5.0,-2.53%,趋势: 高于MA20,4.84,5.54,0.70X
603136,天目湖,2026-08-06,8.94,0.45%,"形态: 两连阴 (-1.54%, -0.34%) | 趋势: 高于MA20",8.69,8.99,0.82X
002986,宇新股份,2026-08-14,18.98,0.58%,"趋势: 多头排列 (5>20>60) | 形态: 两连阴 (-0.88%, -1.31%) | 趋势: 高于MA20",13.98,12.63,0.71X
002999,天禾股份,2026-08-14,5.81,0.00%,趋势: 高于MA20,5.58,5.75,0.74X
000737,北方铜业,2026-08-06,14.14,-1.74%,趋势: 高于MA20,13.07,13.63,1.24X
600692,亚通股份,2026-08-28,6.55,1.71%,趋势: 多头排列 (5>20>60) | 趋势: 高于MA20 | 动量: 突破转强 (阳线上穿5/10),6.21,5.90,0.94X
600019,宝钢股份,2026-08-06,5.85,-0.17%,"趋势: 多头排列 (5>20>60) | 形态: 两连阴 (-2.78%, -1.35%)",5.87,5.82,0.83X
603569,长久物流,2026-08-14,5.84,-1.02%,趋势: 多头排列 (5>20>60) | 趋势: 高于MA20,5.75,5.73,0.85X
600730,中国高科,2026-08-14,10.17,1.80%,趋势: 高于MA20,9.73,11.22,0.92X
601600,中国铝业,2026-08-28,9.82,1.76%,趋势: 多头排列 (5>20>60) | 趋势: 高于MA20 | 动量: 突破转强 (阳线上穿5/10),9.58,9.32,1.11X
603577,汇金通,2026-08-06,9.88,-1.30%,形态: 10日内有涨停 | 趋势: 高于MA20,9.41,9.79,0.97X
000983,山西焦煤,2026-08-06,6.67,3.25%,量能: 放量 (1.65X) | 趋势: 高于MA20 | 动量: 突破转强 (阳线上穿5/10),6.36,6.58,1.65X
002833,弘亚数控,2026-08-06,18.1,0.39%,形态: 10日内有涨停 | 趋势: 高于MA20 | 动量: 突破转强 (阳线上穿5/10),16.84,18.09,0.76X
000011,深物业A,2026-08-06,8.1,-0.37%,趋势: 多头排列 (5>20>60) | 形态: 10日内有涨停 | 趋势: 高于MA20,7.33,7.23,0.77X
600639,浦东金桥,2026-08-06,9.57,-0.21%,"形态: 两连阴 (-1.62%, -1.13%) | 趋势: 高于MA20",9.50,9.62,0.89X
002701,奥瑞金,2026-08-06,4.84,-1.43%,趋势: 多头排列 (5>20>60) | 趋势: 高于MA20,4.77,4.75,0.99X
001201,东瑞股份,2026-08-06,11.52,1.05%,趋势: 高于MA20 | 动量: 突破转强 (阳线上穿5/10),11.43,11.50,1.16X
002790,瑞尔特,2026-08-28,6.17,3.01%,趋势: 多头排列 (5>20>60) | 趋势: 高于MA20 | 动量: 突破转强 (阳线上穿5/10),5.88,5.72,1.20X
002642,荣联科技,2026-08-06,7.45,-0.67%,形态: 10日内有涨停 | 趋势: 高于MA20,7.15,7.37,0.84X
600292,远达环保,2026-08-06,12.64,-2.17%,趋势: 高于MA20,12.47,13.32,1.00X
600062,华润双鹤,2026-08-06,16.0,-1.11%,"形态: 两连阴 (-0.06%, -0.74%)",16.72,16.77,0.91X
600848,上海临港,2026-08-14,8.57,-0.92%,趋势: 多头排列 (5>20>60) | 趋势: 高于MA20,8.55,8.28,0.72X
601059,信达证券,2026-08-06,16.64,-1.07%,趋势: 多头排列 (5>20>60) | 趋势: 高于MA20,16.61,16.48,0.82X
000301,东方盛虹,2026-08-28,14.1,3.45%,趋势: 多头排列 (5>20>60) | 量能: 放量 (1.60X) | 趋势: 高于MA20 | 动量: 突破转强 (阳线上穿5/10),13.05,12.31,1.60X
000937,冀中能源,2026-08-06,4.74,2.82%,"形态: 两连阴 (-1.68%, -1.28%) | 趋势: 高于MA20 | 动量: 突破转强 (阳线上穿5/10)",4.63,4.87,1.28X
601061,中信金属,2026-08-28,12.01,0.76%,趋势: 高于MA20 | 动量: 突破转强 (阳线上穿5/10),11.92,11.43,0.67X
001324,长青科技,2026-08-06,19.24,1.80%,"形态: 两连阴 (-1.24%, -0.84%) | 趋势: 高于MA20 | 动量: 突破转强 (阳线上穿5/10)",18.63,18.96,1.06X
002085,万丰奥威,2026-08-14,10.54,-1.03%,趋势: 高于MA20,10.49,11.32,0.71X
600021,上海电力,2026-08-06,14.77,-1.07%,趋势: 高于MA20,14.62,16.46,0.98X
002327,富安娜,2026-08-06,6.49,-0.31%,"形态: 两连阴 (-1.51%, -0.15%) | 趋势: 高于MA20",6.41,6.63,0.85X
002643,万润股份,2026-08-06,13.82,0.29%,动量: 突破转强 (阳线上穿5/10),14.00,16.25,1.03X
002274,华昌化工,2026-08-06,5.6,1.08%,趋势: 多头排列 (5>20>60) | 趋势: 高于MA20 | 动量: 突破转强 (阳线上穿5/10),5.48,5.44,1.30X
000931,中 关 村,2026-08-06,4.09,0.49%,动量: 突破转强 (阳线上穿5/10),4.14,4.20,0.61X
603357,设计总院,2026-08-06,6.09,0.16%,"形态: 两连阴 (-0.81%, -0.16%) | 趋势: 高于MA20 | 动量: 突破转强 (阳线上穿5/10)",5.91,6.44,0.76X
600929,雪天盐业,2026-08-28,6.04,10.02%,趋势: 多头排列 (5>20>60) | 形态: 10日内有涨停 | 趋势: 高于MA20 | 动量: 突破转强 (阳线上穿5/10),5.37,5.10,1.39X
002068,黑猫股份,2026-08-28,8.05,0.25%,趋势: 高于MA20 | 动量: 突破转强 (阳线上穿5/10),8.00,9.72,1.21X
600919,江苏银行,2026-08-06,11.75,1.29%,趋势: 多头排列 (5>20>60) | 趋势: 高于MA20 | 动量: 突破转强 (阳线上穿5/10),11.49,11.37,0.82X
600748,上实发展,2026-08-06,3.89,-1.02%,趋势: 高于MA20,3.62,4.07,1.25X
603168,莎普爱思,2026-08-06,5.35,0.75%,趋势: 高于MA20 | 动量: 突破转强 (阳线上穿5/10),5.07,5.34,0.89X
001299,美能能源,2026-08-14,9.8,-0.71%,"形态: 两连阴 (-0.50%, -0.80%) | 趋势: 高于MA20",9.64,10.57,0.71X
601083,锦江航运,2026-08-06,11.2,-1.06%,趋势: 高于MA20,10.85,11.01,0.89X
002077,大港股份,2026-08-06,12.59,0.72%,动量: 突破转强 (阳线上穿5/10),13.29,16.29,1.08X
002786,银宝山新,2026-08-06,7.73,0.00%,趋势: 高于MA20,7.48,8.00,0.97X
605337,李子园,2026-08-28,9.46,2.38%,"形态: 两连阴 (-1.07%, -0.22%)",9.56,9.07,1.18X
601788,光大证券,2026-08-06,14.65,-1.15%,趋势: 多头排列 (5>20>60),14.76,14.63,0.99X
000027,深圳能源,2026-08-06,6.37,-1.09%,"形态: 两连阴 (-1.06%, -1.23%) | 趋势: 高于MA20",6.34,6.85,0.88X
002201,九鼎新材,2026-08-14,8.45,1.93%,趋势: 高于MA20 | 动量: 突破转强 (阳线上穿5/10),7.86,9.75,1.00X
000701,厦门信达,2026-08-14,5.09,0.00%,趋势: 高于MA20,4.79,4.96,0.90X
603927,中科软,2026-08-06,14.03,-1.34%,趋势: 高于MA20,13.40,14.13,0.99X
000159,国际实业,2026-08-28,6.07,0.33%,趋势: 多头排列 (5>20>60) | 趋势: 高于MA20 | 动量: 突破转强 (阳线上穿5/10),5.82,5.66,0.79X
002099,海翔药业,2026-08-14,5.4,-2.00%,趋势: 高于MA20,5.31,5.35,0.94X
603697,有友食品,2026-08-28,9.56,1.16%,动量: 突破转强 (阳线上穿5/10),9.68,10.05,0.94X
603458,勘设股份,2026-08-28,9.06,-0.44%,"形态: 10日内有涨停 | 形态: 两连阴 (-3.22%, -2.47%)",9.47,10.51,0.63X
002800,天顺股份,2026-08-14,13.32,-1.04%,趋势: 高于MA20,12.59,13.94,0.74X
603709,中源家居,2026-08-28,12.1,1.51%,"形态: 两连阴 (-2.13%, -0.33%) | 趋势: 高于MA20 | 动量: 突破转强 (阳线上穿5/10)",11.52,12.78,0.80X
601238,广汽集团,2026-08-28,5.36,3.68%,趋势: 高于MA20 | 动量: 突破转强 (阳线上穿5/10),5.24,5.32,1.48X
603533,掌阅科技,2026-08-06,23.11,-2.61%,形态: 10日内有涨停 | 趋势: 高于MA20,20.04,21.63,0.74X
603848,好太太,2026-08-06,13.4,-0.15%,趋势: 高于MA20,13.10,14.04,0.75X
600744,华银电力,2026-08-06,7.16,-2.85%,趋势: 高于MA20,6.75,7.21,0.71X
600824,益民集团,2026-08-14,3.54,-1.67%,趋势: 高于MA20,3.51,3.56,0.83X
002334,英威腾,2026-08-06,6.7,-0.89%,趋势: 高于MA20,6.50,7.70,0.84X
003036,泰坦股份,2026-08-14,56.05,1.82%,形态: 10日内有涨停 | 趋势: 高于MA20 | 动量: 突破转强 (阳线上穿5/10),50.30,70.07,0.76X
601827,三峰环境,2026-08-06,8.35,0.00%,"趋势: 多头排列 (5>20>60) | 形态: 两连阴 (-0.47%, -0.71%) | 趋势: 高于MA20",8.05,7.87,0.66X
002579,中京电子,2026-08-28,14.38,-0.96%,形态: 10日内有涨停 | 趋势: 高于MA20,14.17,15.63,1.00X
002889,东方嘉盛,2026-08-06,12.23,-0.41%,形态: 10日内有涨停 | 趋势: 高于MA20,11.71,11.71,0.94X
603727,博迈科,2026-08-06,17.92,-1.27%,趋势: 多头排列 (5>20>60) | 趋势: 高于MA20,16.77,16.40,0.96X
600722,金牛化工,2026-08-14,11.28,-9.90%,趋势: 多头排列 (5>20>60) | 形态: 10日内有涨停 | 趋势: 高于MA20,10.87,9.76,0.83X
600961,株冶集团,2026-08-28,28.02,1.48%,趋势: 高于MA20 | 动量: 突破转强 (阳线上穿5/10),27.67,27.07,0.74X
600143,金发科技,2026-08-14,15.23,-0.78%,"形态: 两连阴 (-1.01%, -1.98%) | 趋势: 高于MA20",15.08,15.64,0.64X
603679,华体科技,2026-08-14,22.34,0.09%,趋势: 多头排列 (5>20>60) | 趋势: 高于MA20 | 动量: 突破转强 (阳线上穿5/10),19.45,18.93,0.98X
603565,中谷物流,2026-08-06,10.49,-1.41%,趋势: 多头排列 (5>20>60) | 趋势: 高于MA20,10.39,10.31,0.88X
002451,摩恩电气,2026-08-06,7.34,0.27%,趋势: 高于MA20 | 动量: 突破转强 (阳线上穿5/10),6.80,7.63,0.68X
600302,标准股份,2026-08-14,7.2,4.20%,趋势: 高于MA20 | 动量: 突破转强 (阳线上穿5/10),6.13,8.11,0.96X
600326,西藏天路,2026-08-14,7.3,-2.54%,"形态: 10日内有涨停 | 形态: 两连阴 (-0.13%, -4.22%) | 趋势: 高于MA20",6.97,7.04,0.53X
002637,赞宇科技,2026-08-06,10.79,1.31%,趋势: 高于MA20 | 动量: 突破转强 (阳线上穿5/10),9.94,11.02,0.81X
601677,明泰铝业,2026-08-28,17.08,0.65%,趋势: 高于MA20 | 动量: 突破转强 (阳线上穿5/10),16.80,16.50,0.87X
603086,先达股份,2026-08-14,5.59,-0.36%,趋势: 高于MA20,5.41,5.63,0.78X
600158,中体产业,2026-08-14,7.09,-1.25%,趋势: 高于MA20,6.96,7.80,0.90X
603138,海量数据,2026-08-06,13.51,-0.22%,趋势: 高于MA20,12.39,14.95,0.78X
603137,恒尚节能,2026-08-06,25.0,-4.47%,形态: 10日内有涨停,27.15,18.45,0.75X
600131,国网信通,2026-08-06,15.85,-1.43%,趋势: 高于MA20,15.20,15.74,0.86X
002438,江苏神通,2026-08-14,13.92,-0.36%,形态: 10日内有涨停 | 趋势: 高于MA20,13.28,14.21,0.75X
002811,郑中设计,2026-08-14,11.3,10.03%,量能: 放量 (2.01X) | 形态: 10日内有涨停 | 趋势: 高于MA20 | 动量: 突破转强 (阳线上穿5/10),9.97,11.03,2.01X
601019,山东出版,2026-08-06,7.15,-1.52%,"趋势: 多头排列 (5>20>60) | 形态: 两连阴 (-1.72%, -2.55%)",7.29,7.08,0.87X
002139,拓邦股份,2026-08-14,9.82,-0.51%,"形态: 两连阴 (-0.40%, -1.89%)",9.96,9.99,0.75X
603025,大豪科技,2026-08-06,13.52,-1.24%,趋势: 高于MA20,12.97,14.26,0.94X
600785,新华百货,2026-08-06,8.74,-0.23%,趋势: 高于MA20,8.38,12.32,0.66X
601898,中煤能源,2026-08-28,15.36,2.74%,趋势: 多头排列 (5>20>60) | 趋势: 高于MA20 | 动量: 突破转强 (阳线上穿5/10),14.27,13.97,0.97X
600237,铜峰电子,2026-08-06,8.48,-0.59%,趋势: 高于MA20,8.43,10.25,1.06X
002448,中原内配,2026-08-14,12.39,2.23%,趋势: 高于MA20 | 动量: 突破转强 (阳线上穿5/10),11.71,12.29,1.18X
600178,东安动力,2026-08-06,9.55,-1.04%,"形态: 10日内有涨停 | 形态: 两连阴 (-0.41%, -0.21%) | 趋势: 高于MA20",9.08,9.41,0.71X
600133,东湖高新,2026-08-06,8.4,0.72%,趋势: 高于MA20 | 动量: 突破转强 (阳线上穿5/10),7.87,8.24,1.33X
605336,帅丰电器,2026-08-28,11.18,0.00%,趋势: 高于MA20,11.13,12.02,0.92X
600783,鲁信创投,2026-08-14,18.36,-0.97%,趋势: 高于MA20,16.36,19.25,0.69X
603917,合力科技,2026-08-06,11.84,1.11%,形态: 10日内有涨停 | 趋势: 高于MA20 | 动量: 突破转强 (阳线上穿5/10),11.59,12.12,1.10X
002702,海欣食品,2026-08-14,4.97,-3.68%,趋势: 高于MA20,4.64,4.80,0.91X
601298,青岛港,2026-08-06,8.93,-0.67%,趋势: 高于MA20,8.70,8.70,0.72X
000716,黑芝麻,2026-08-28,5.67,10.10%,趋势: 多头排列 (5>20>60) | 形态: 10日内有涨停 | 趋势: 高于MA20 | 动量: 突破转强 (阳线上穿5/10),4.99,4.64,1.39X
001979,招商蛇口,2026-08-06,6.99,1.60%,趋势: 高于MA20 | 动量: 突破转强 (阳线上穿5/10),6.85,7.50,0.94X
002161,远 望 谷,2026-08-14,5.87,-0.68%,趋势: 高于MA20,5.39,5.63,0.86X
002088,鲁阳节能,2026-08-06,7.6,0.26%,趋势: 高于MA20 | 动量: 突破转强 (阳线上穿5/10),7.32,8.14,0.78X
603132,金徽股份,2026-08-06,19.21,4.74%,量能: 放量 (1.81X) | 趋势: 高于MA20 | 动量: 突破转强 (阳线上穿5/10),15.64,16.58,1.81X
603155,新亚强,2026-08-06,13.6,3.26%,动量: 突破转强 (阳线上穿5/10),15.62,20.18,1.04X
002571,德力股份,2026-08-28,10.68,-0.37%,"形态: 两连阴 (-0.64%, -1.47%)",10.85,10.77,0.87X
603719,良品铺子,2026-08-06,9.94,-0.10%,形态: 10日内有涨停 | 趋势: 高于MA20,9.07,9.49,0.56X
603000,人民网,2026-08-06,17.29,-1.03%,趋势: 高于MA20,16.02,16.47,0.90X
002527,新时达,2026-08-14,11.75,0.17%,趋势: 高于MA20,10.98,12.62,0.92X
000973,佛塑科技,2026-08-14,14.27,1.06%,形态: 10日内有涨停 | 趋势: 高于MA20 | 动量: 突破转强 (阳线上穿5/10),12.50,13.44,1.08X
603166,福达股份,2026-08-14,11.32,-0.79%,"形态: 两连阴 (-1.10%, -2.40%) | 趋势: 高于MA20",10.74,12.39,0.56X
002953,日丰股份,2026-08-06,9.71,0.00%,趋势: 高于MA20,9.31,9.74,0.76X
600778,友好集团,2026-08-28,5.65,1.62%,"趋势: 多头排列 (5>20>60) | 形态: 两连阴 (-1.06%, -0.54%) | 趋势: 高于MA20 | 动量: 突破转强 (阳线上穿5/10)",5.52,5.29,0.89X
600050,中国联通,2026-08-06,4.38,-0.23%,"趋势: 多头排列 (5>20>60) | 形态: 两连阴 (-0.89%, -1.79%) | 趋势: 高于MA20",4.37,4.35,0.86X
002398,垒知集团,2026-08-06,4.08,1.24%,趋势: 高于MA20 | 动量: 突破转强 (阳线上穿5/10),3.84,4.11,0.81X
600101,明星电力,2026-08-06,8.23,-1.08%,"形态: 两连阴 (-0.59%, -0.48%)",8.25,8.88,1.03X
605555,德昌股份,2026-08-14,11.88,-1.25%,趋势: 高于MA20,11.62,13.26,0.84X
603776,永安行,2026-08-14,21.64,0.09%,趋势: 高于MA20,19.87,20.25,0.65X
002928,华夏航空,2026-08-06,6.66,-1.62%,趋势: 高于MA20,6.33,6.95,1.17X
600955,维远股份,2026-08-06,12.83,0.55%,趋势: 高于MA20 | 动量: 突破转强 (阳线上穿5/10),12.63,14.95,0.88X
000823,超声电子,2026-08-28,15.37,-2.10%,趋势: 高于MA20,14.76,17.30,1.23X
002966,苏州银行,2026-08-06,8.21,-0.48%,"趋势: 多头排列 (5>20>60) | 形态: 两连阴 (-2.58%, -0.60%) | 趋势: 高于MA20",8.09,7.96,0.85X
601665,齐鲁银行,2026-08-06,6.24,1.46%,"趋势: 多头排列 (5>20>60) | 形态: 两连阴 (-2.83%, -0.32%) | 趋势: 高于MA20",6.18,6.13,0.92X
601177,杭齿前进,2026-08-14,13.17,-0.53%,趋势: 高于MA20,12.78,13.82,0.79X
000016,深康佳Ａ,2026-08-28,2.45,5.15%,量能: 放量 (4.29X) | 动量: 突破转强 (阳线上穿5/10),2.49,2.60,4.29X
600149,廊坊发展,2026-08-06,4.82,1.26%,"形态: 两连阴 (-0.21%, -0.83%) | 趋势: 高于MA20 | 动量: 突破转强 (阳线上穿5/10)",4.57,5.04,0.96X
002382,蓝帆医疗,2026-08-06,5.88,-0.84%,"形态: 两连阴 (-0.17%, -0.50%) | 趋势: 高于MA20",5.66,5.84,0.71X
000815,美利云,2026-08-06,18.31,-2.86%,形态: 10日内有涨停 | 趋势: 高于MA20,15.27,16.10,1.45X
002040,南 京 港,2026-08-14,8.11,0.75%,趋势: 高于MA20,8.07,8.51,1.48X
601186,中国铁建,2026-08-06,6.2,-0.16%,"形态: 两连阴 (-2.50%, -0.64%)",6.36,6.32,0.71X
601825,沪农商行,2026-08-06,8.36,-0.12%,"形态: 两连阴 (-2.17%, -2.33%) | 趋势: 高于MA20",8.25,8.32,0.64X
603073,彩蝶实业,2026-08-14,16.58,1.41%,趋势: 高于MA20 | 动量: 突破转强 (阳线上穿5/10),15.33,16.22,1.11X
002835,同为股份,2026-08-06,12.34,1.65%,趋势: 高于MA20 | 动量: 突破转强 (阳线上穿5/10),11.51,12.49,1.25X
600864,哈投股份,2026-08-06,5.42,-1.45%,"形态: 两连阴 (-0.36%, -0.18%) | 趋势: 高于MA20",5.38,5.42,1.04X
603500,祥和实业,2026-08-14,9.5,-4.33%,量能: 放量 (1.70X) | 趋势: 高于MA20,8.85,10.42,1.70X
002843,泰嘉股份,2026-08-06,16.36,0.55%,动量: 突破转强 (阳线上穿5/10),17.73,21.29,0.80X
000905,厦门港务,2026-08-06,8.61,-1.37%,趋势: 高于MA20,8.30,8.72,0.85X
600686,金龙汽车,2026-08-06,11.83,-1.74%,趋势: 高于MA20,11.15,12.33,0.84X
002120,韵达股份,2026-08-06,6.71,-1.47%,"形态: 两连阴 (-1.72%, -0.58%)",6.76,6.77,1.06X
002671,龙泉股份,2026-08-06,3.87,1.31%,"形态: 两连阴 (-1.29%, -0.26%) | 趋势: 高于MA20 | 动量: 突破转强 (阳线上穿5/10)",3.70,4.01,1.01X
600446,金证股份,2026-08-14,10.91,-1.09%,"形态: 两连阴 (-0.45%, -0.45%) | 趋势: 高于MA20",10.80,11.31,1.00X
002339,积成电子,2026-08-28,7.45,0.54%,"趋势: 多头排列 (5>20>60) | 形态: 两连阴 (-0.40%, -0.13%) | 趋势: 高于MA20 | 动量: 突破转强 (阳线上穿5/10)",7.30,7.16,0.92X
002673,西部证券,2026-08-06,6.72,-1.03%,"趋势: 多头排列 (5>20>60) | 形态: 两连阴 (-0.29%, -0.29%) | 趋势: 高于MA20",6.66,6.65,0.93X
002029,七 匹 狼,2026-08-14,8.64,-1.93%,趋势: 多头排列 (5>20>60) | 趋势: 高于MA20,8.30,8.28,1.19X
002674,兴业科技,2026-08-06,28.65,6.39%,趋势: 多头排列 (5>20>60) | 形态: 10日内有涨停 | 趋势: 高于MA20 | 动量: 突破转强 (阳线上穿5/10),24.81,21.17,1.25X
600742,富维股份,2026-08-06,7.7,1.45%,"形态: 两连阴 (-0.39%, -0.39%) | 趋势: 高于MA20 | 动量: 突破转强 (阳线上穿5/10)",7.34,7.72,1.01X
603113,金能科技,2026-08-06,4.55,1.34%,"形态: 两连阴 (-1.10%, -0.44%) | 趋势: 高于MA20 | 动量: 突破转强 (阳线上穿5/10)",4.32,4.66,0.96X
600246,万通发展,2026-08-06,12.31,5.12%,动量: 突破转强 (阳线上穿5/10),14.64,16.07,1.02X
600137,浪莎股份,2026-08-14,17.71,0.00%,趋势: 高于MA20,16.78,17.76,0.77X
002159,三特索道,2026-08-06,13.2,-0.53%,"形态: 两连阴 (-1.26%, -0.23%) | 趋势: 高于MA20",12.78,13.68,0.78X
002832,比音勒芬,2026-08-06,25.61,-1.08%,趋势: 多头排列 (5>20>60) | 趋势: 高于MA20,23.29,21.48,0.85X
000039,中集集团,2026-08-28,9.62,3.44%,趋势: 多头排列 (5>20>60) | 趋势: 高于MA20 | 动量: 突破转强 (阳线上穿5/10),9.02,8.64,1.28X
002624,完美世界,2026-08-28,10.89,0.00%,"形态: 两连阴 (-0.55%, -0.18%)",11.31,11.58,0.98X
002343,慈文传媒,2026-08-06,5.17,-0.58%,趋势: 高于MA20,4.74,4.92,0.99X
600579,中化装备,2026-08-14,7.24,0.56%,趋势: 高于MA20,7.09,7.18,1.12X
600120,浙江东方,2026-08-06,5.12,-1.16%,"趋势: 多头排列 (5>20>60) | 形态: 两连阴 (-0.76%, -0.19%) | 趋势: 高于MA20",5.01,4.82,0.97X
601658,邮储银行,2026-08-06,4.97,0.20%,"形态: 两连阴 (-2.33%, -1.20%)",5.09,5.02,0.87X
603823,百合花,2026-08-14,70.99,-6.59%,趋势: 多头排列 (5>20>60) | 形态: 10日内有涨停 | 趋势: 高于MA20,67.04,54.07,0.98X
600250,南京商旅,2026-08-14,8.49,-0.59%,趋势: 高于MA20,8.21,8.40,0.87X
002772,众兴菌业,2026-08-14,10.48,-0.85%,趋势: 高于MA20,10.17,11.89,0.95X
002700,万憬能源,2026-08-06,6.04,2.37%,趋势: 高于MA20 | 动量: 突破转强 (阳线上穿5/10),5.61,6.84,1.00X
002320,海峡股份,2026-08-28,6.81,3.65%,量能: 放量 (2.11X) | 趋势: 高于MA20 | 动量: 突破转强 (阳线上穿5/10),6.63,6.58,2.11X
600481,双良节能,2026-08-28,4.39,1.15%,趋势: 高于MA20 | 动量: 突破转强 (阳线上穿5/10),4.32,4.42,0.96X
603738,泰晶科技,2026-08-14,38.3,6.01%,形态: 10日内有涨停 | 趋势: 高于MA20 | 动量: 突破转强 (阳线上穿5/10),33.07,44.67,0.88X
600039,四川路桥,2026-08-06,8.54,-0.81%,"趋势: 多头排列 (5>20>60) | 形态: 两连阴 (-1.36%, -1.03%)",8.73,8.43,1.07X
002802,洪汇新材,2026-08-06,11.27,1.71%,趋势: 高于MA20 | 动量: 突破转强 (阳线上穿5/10),10.56,11.69,0.82X
002039,黔源电力,2026-08-06,19.76,-0.85%,趋势: 高于MA20,19.66,20.21,1.28X
600125,铁龙物流,2026-08-06,5.51,0.00%,"形态: 两连阴 (-1.94%, -0.72%) | 趋势: 高于MA20",5.47,5.52,0.67X
002911,佛燃能源,2026-08-06,11.2,-0.97%,"趋势: 多头排列 (5>20>60) | 形态: 两连阴 (-2.05%, -1.48%) | 趋势: 高于MA20",10.93,10.83,0.83X
600104,上汽集团,2026-08-06,10.77,-0.83%,"形态: 两连阴 (-2.40%, -1.09%) | 趋势: 高于MA20",10.60,11.01,0.87X
603966,法兰泰克,2026-08-06,7.9,-0.38%,趋势: 高于MA20,7.75,9.15,1.18X
600241,时代万恒,2026-08-14,7.23,1.12%,"形态: 两连阴 (-0.41%, -2.05%) | 趋势: 高于MA20",6.88,7.07,0.96X
600694,大商股份,2026-08-06,14.62,0.00%,"形态: 两连阴 (-2.00%, -0.41%) | 趋势: 高于MA20",14.47,14.93,0.73X
000009,中国宝安,2026-08-06,7.5,-1.83%,形态: 10日内有涨停 | 趋势: 高于MA20,6.62,6.88,0.53X
600879,航天电子,2026-08-14,15.89,0.57%,趋势: 高于MA20,15.32,18.68,0.61X
002795,永和智控,2026-08-14,7.14,-3.38%,趋势: 高于MA20,6.21,6.88,1.21X
000798,中水渔业,2026-08-14,8.38,-0.24%,趋势: 多头排列 (5>20>60) | 趋势: 高于MA20,7.96,7.81,0.76X
002697,红旗连锁,2026-08-28,4.69,1.74%,趋势: 高于MA20 | 动量: 突破转强 (阳线上穿5/10),4.62,4.52,1.46X
603585,苏利股份,2026-08-06,10.11,0.30%,趋势: 高于MA20 | 动量: 突破转强 (阳线上穿5/10),9.59,13.41,0.88X
603128,华贸物流,2026-08-06,5.3,-0.38%,"形态: 两连阴 (-1.47%, -0.56%)",5.32,5.32,1.02X
600987,航民股份,2026-08-06,6.67,1.21%,趋势: 多头排列 (5>20>60) | 趋势: 高于MA20 | 动量: 突破转强 (阳线上穿5/10),6.56,6.53,1.33X
600081,东风科技,2026-08-06,9.87,-0.80%,趋势: 高于MA20,9.61,10.19,0.80X
600682,南京新百,2026-08-14,5.92,0.00%,趋势: 高于MA20,5.61,5.64,0.96X
002765,蓝黛科技,2026-08-28,7.08,1.87%,"量能: 放量 (2.25X) | 形态: 两连阴 (-0.57%, -0.29%) | 动量: 突破转强 (阳线上穿5/10)",7.09,7.16,2.25X
600877,电科芯片,2026-08-14,12.99,-1.96%,趋势: 高于MA20,12.44,14.17,0.79X
002059,云南旅游,2026-08-06,4.5,0.00%,趋势: 高于MA20,4.34,4.40,0.90X
002644,佛慈制药,2026-08-28,8.84,1.61%,趋势: 多头排列 (5>20>60) | 趋势: 高于MA20 | 动量: 突破转强 (阳线上穿5/10),8.26,7.72,1.29X
002769,普路通,2026-08-28,7.16,1.56%,趋势: 多头排列 (5>20>60) | 趋势: 高于MA20 | 动量: 突破转强 (阳线上穿5/10),6.99,6.88,0.96X
603201,XD常润股,2026-08-06,17.3,-1.70%,量能: 放量 (2.07X) | 形态: 10日内有涨停 | 趋势: 高于MA20,15.69,16.32,2.07X
601988,中国银行,2026-08-06,5.79,1.05%,"形态: 两连阴 (-3.48%, -1.55%)",5.94,5.91,0.78X
600388,龙净环保,2026-08-06,17.75,0.62%,趋势: 高于MA20 | 动量: 突破转强 (阳线上穿5/10),16.87,16.98,1.01X
600207,安彩高科,2026-08-06,4.41,-0.23%,趋势: 高于MA20,4.18,5.59,0.84X
002051,中工国际,2026-08-06,9.19,-3.06%,形态: 10日内有涨停 | 趋势: 高于MA20,8.77,10.49,1.06X
603042,华脉科技,2026-08-14,13.6,1.80%,趋势: 高于MA20 | 动量: 突破转强 (阳线上穿5/10),12.02,15.11,1.02X
000890,法尔胜,2026-08-28,8.6,-2.05%,量能: 放量 (3.46X) | 形态: 10日内有涨停 | 趋势: 高于MA20,7.51,7.77,3.46X
603276,恒兴新材,2026-08-06,15.17,0.00%,趋势: 高于MA20,14.58,15.89,1.10X
002925,盈趣科技,2026-08-06,23.14,-1.45%,形态: 10日内有涨停 | 趋势: 高于MA20,21.66,21.88,1.05X
002293,罗莱生活,2026-08-06,11.16,-0.45%,趋势: 多头排列 (5>20>60) | 趋势: 高于MA20,11.07,10.54,0.73X
002476,宝莫股份,2026-08-14,4.56,0.22%,"形态: 两连阴 (-0.22%, -0.22%) | 趋势: 高于MA20",4.39,4.82,0.74X
001376,百通能源,2026-08-14,11.29,-2.84%,"形态: 10日内有涨停 | 形态: 两连阴 (-2.15%, -1.78%) | 趋势: 高于MA20",11.00,11.58,0.56X
002312,川发龙蟒,2026-08-06,8.49,-1.05%,趋势: 高于MA20,8.23,8.90,0.99X
600602,云赛智联,2026-08-06,18.14,-2.21%,形态: 10日内有涨停 | 趋势: 高于MA20,17.89,18.19,0.86X
000710,贝瑞基因,2026-08-14,9.17,-4.58%,趋势: 多头排列 (5>20>60) | 形态: 10日内有涨停 | 趋势: 高于MA20,8.58,8.29,0.94X
000783,长江证券,2026-08-06,8.93,-0.33%,趋势: 多头排列 (5>20>60) | 趋势: 高于MA20,8.70,8.60,0.93X
603001,奥康国际,2026-08-06,7.27,3.71%,趋势: 高于MA20 | 动量: 突破转强 (阳线上穿5/10),6.52,9.14,1.18X
000719,中原传媒,2026-08-06,12.38,-0.80%,"形态: 两连阴 (-1.62%, -1.89%) | 趋势: 高于MA20",12.24,12.44,0.92X
600784,鲁银投资,2026-08-06,7.7,0.39%,趋势: 高于MA20 | 动量: 突破转强 (阳线上穿5/10),7.23,7.34,1.16X
600189,泉阳泉,2026-08-28,7.86,5.22%,趋势: 多头排列 (5>20>60) | 量能: 放量 (1.76X) | 趋势: 高于MA20 | 动量: 突破转强 (阳线上穿5/10),7.48,7.46,1.76X
000970,中科三环,2026-08-14,13.59,2.49%,趋势: 高于MA20 | 动量: 突破转强 (阳线上穿5/10),13.07,13.61,1.01X
601169,北京银行,2026-08-06,5.03,0.00%,"形态: 两连阴 (-2.49%, -1.37%)",5.07,5.09,0.67X
002730,电光科技,2026-08-14,23.79,-0.08%,趋势: 高于MA20,21.67,25.95,0.63X
000948,南天信息,2026-08-14,14.55,0.62%,"趋势: 多头排列 (5>20>60) | 形态: 两连阴 (-0.60%, -3.60%)",14.65,13.48,0.88X
601012,隆基绿能,2026-08-06,12.74,-1.77%,"形态: 两连阴 (-1.58%, -0.77%) | 趋势: 高于MA20",12.45,13.18,0.95X
601330,绿色动力,2026-08-06,7.18,-1.24%,"形态: 两连阴 (-1.35%, -0.27%) | 趋势: 高于MA20",7.14,7.87,0.82X
600099,林海股份,2026-08-14,8.96,1.70%,趋势: 高于MA20 | 动量: 突破转强 (阳线上穿5/10),8.33,8.87,1.01X
000852,石化机械,2026-08-06,5.31,-1.12%,"形态: 两连阴 (-0.37%, -0.74%) | 趋势: 高于MA20",5.16,5.53,0.77X
000936,华西股份,2026-08-06,5.24,-0.76%,趋势: 高于MA20,5.00,5.76,1.01X
603359,东珠生态,2026-08-14,2.27,0.00%,趋势: 高于MA20,2.19,2.42,0.73X
002053,云南能投,2026-08-14,9.25,-1.60%,"形态: 两连阴 (-0.73%, -1.78%)",9.55,10.04,0.89X
001258,立新能源,2026-08-06,12.19,-9.90%,趋势: 多头排列 (5>20>60) | 形态: 10日内有涨停 | 趋势: 高于MA20,10.65,9.29,0.98X
600004,白云机场,2026-08-06,7.66,-0.78%,"形态: 两连阴 (-2.13%, -1.28%)",7.78,7.89,0.68X
000599,青岛双星,2026-08-14,4.77,-2.85%,趋势: 多头排列 (5>20>60) | 趋势: 高于MA20,4.72,4.71,1.47X
603399,永杉锂业,2026-08-28,15.3,1.46%,动量: 突破转强 (阳线上穿5/10),15.47,16.97,0.97X
002810,山东赫达,2026-08-28,21.63,0.60%,趋势: 高于MA20 | 动量: 突破转强 (阳线上穿5/10),20.83,21.69,0.72X
001313,粤海饲料,2026-08-14,7.87,-0.51%,形态: 10日内有涨停 | 趋势: 高于MA20,7.28,7.58,0.94X
600841,动力新科,2026-08-06,5.86,-2.17%,趋势: 高于MA20,5.73,6.60,0.84X
000860,顺鑫农业,2026-08-06,10.86,-0.37%,"趋势: 多头排列 (5>20>60) | 形态: 两连阴 (-1.86%, -1.62%) | 趋势: 高于MA20",10.80,10.72,0.92X
002516,旷达科技,2026-08-06,5.4,-2.00%,趋势: 高于MA20,5.26,5.70,1.25X
600479,千金药业,2026-08-06,9.71,-0.21%,"形态: 两连阴 (-0.61%, -0.71%)",9.73,9.85,0.89X
002533,金杯电工,2026-08-06,11.49,-2.21%,"形态: 两连阴 (-1.09%, -0.25%) | 趋势: 高于MA20",10.90,11.55,0.80X
000060,中金岭南,2026-08-28,6.93,1.32%,趋势: 高于MA20 | 动量: 突破转强 (阳线上穿5/10),6.65,6.89,1.22X
000007,全新好,2026-08-28,12.6,-1.18%,形态: 10日内有涨停 | 趋势: 高于MA20,11.12,11.38,0.56X
603408,建霖家居,2026-08-06,10.54,1.25%,趋势: 高于MA20 | 动量: 突破转强 (阳线上穿5/10),10.12,10.30,1.00X
600658,电子城,2026-08-06,4.09,1.49%,趋势: 高于MA20 | 动量: 突破转强 (阳线上穿5/10),3.87,4.25,1.15X
002537,海联金汇,2026-08-14,5.74,-1.54%,趋势: 高于MA20,5.73,5.92,1.02X
002861,瀛通通讯,2026-08-06,16.51,2.23%,趋势: 高于MA20 | 动量: 突破转强 (阳线上穿5/10),16.31,18.46,0.92X
002559,亚威股份,2026-08-14,10.0,2.67%,趋势: 高于MA20 | 动量: 突破转强 (阳线上穿5/10),9.28,10.47,0.80X
600678,四川金顶,2026-08-14,5.51,-0.36%,趋势: 高于MA20,5.39,6.07,0.95X
002783,凯龙股份,2026-08-28,8.05,0.50%,趋势: 多头排列 (5>20>60) | 趋势: 高于MA20 | 动量: 突破转强 (阳线上穿5/10),7.80,7.44,0.91X
000610,西安旅游,2026-08-06,5.72,0.00%,趋势: 高于MA20,5.45,6.31,0.91X
600587,新华医疗,2026-08-06,12.72,-1.40%,"趋势: 多头排列 (5>20>60) | 形态: 两连阴 (-1.14%, -0.46%)",12.77,12.73,1.04X
000885,城发环境,2026-08-06,12.85,-0.62%,"形态: 两连阴 (-1.36%, -1.00%) | 趋势: 高于MA20",12.67,12.82,0.86X
002963,豪尔赛,2026-08-14,17.83,-1.49%,"形态: 10日内有涨停 | 形态: 两连阴 (-4.93%, -5.24%) | 趋势: 高于MA20",15.49,17.70,0.62X
002596,海南瑞泽,2026-08-28,3.35,1.52%,趋势: 多头排列 (5>20>60) | 趋势: 高于MA20 | 动量: 突破转强 (阳线上穿5/10),3.25,3.14,1.06X
600917,重庆燃气,2026-08-06,4.84,-0.41%,"形态: 两连阴 (-0.61%, -0.82%)",4.85,4.98,1.13X
000592,平潭发展,2026-08-14,6.46,-1.97%,趋势: 高于MA20,6.09,6.93,0.82X
002234,民和股份,2026-08-06,7.26,1.11%,趋势: 高于MA20 | 动量: 突破转强 (阳线上穿5/10),7.05,7.19,0.96X
003018,金富科技,2026-08-14,41.03,3.56%,形态: 10日内有涨停 | 趋势: 高于MA20 | 动量: 突破转强 (阳线上穿5/10),36.88,53.89,0.99X
601179,中国西电,2026-08-06,14.03,-2.64%,趋势: 高于MA20,13.12,14.71,0.85X
002746,仙坛股份,2026-08-06,6.17,0.82%,"趋势: 多头排列 (5>20>60) | 形态: 两连阴 (-1.13%, -0.49%) | 趋势: 高于MA20 | 动量: 突破转强 (阳线上穿5/10)",5.97,5.76,0.66X
603915,国茂股份,2026-08-14,13.26,-0.67%,趋势: 高于MA20,13.03,14.25,0.90X
603855,华荣股份,2026-08-06,16.57,-0.96%,趋势: 高于MA20,16.26,17.30,1.04X
600177,雅戈尔,2026-08-06,7.63,0.79%,"形态: 两连阴 (-1.16%, -1.56%)",7.76,7.60,0.96X
002345,潮宏基,2026-08-28,10.4,4.52%,趋势: 高于MA20 | 动量: 突破转强 (阳线上穿5/10),10.32,9.96,1.21X
002237,恒邦股份,2026-08-28,15.61,1.63%,趋势: 多头排列 (5>20>60) | 趋势: 高于MA20 | 动量: 突破转强 (阳线上穿5/10),14.46,13.66,0.85X
002968,新大正,2026-08-14,9.06,0.11%,趋势: 高于MA20,8.61,8.98,0.98X
002873,新天药业,2026-08-06,7.9,1.28%,趋势: 高于MA20 | 动量: 突破转强 (阳线上穿5/10),7.70,8.12,1.05X
603515,欧普照明,2026-08-14,16.8,0.24%,"形态: 两连阴 (-1.34%, -1.06%)",17.07,17.71,0.78X
600713,南京医药,2026-08-06,5.09,0.59%,"形态: 两连阴 (-0.20%, -0.98%)",5.10,5.08,1.14X
002609,捷顺科技,2026-08-06,7.88,0.64%,趋势: 高于MA20 | 动量: 突破转强 (阳线上穿5/10),7.45,7.67,0.90X
600115,中国东航,2026-08-06,3.74,-1.06%,趋势: 高于MA20,3.64,3.89,0.78X
601699,潞安环能,2026-08-06,16.24,10.03%,量能: 放量 (1.97X) | 形态: 10日内有涨停 | 趋势: 高于MA20 | 动量: 突破转强 (阳线上穿5/10),15.11,15.80,1.97X
600728,佳都科技,2026-08-14,4.66,-0.64%,"形态: 两连阴 (-0.21%, -0.85%)",4.67,4.74,0.99X
001205,盛航股份,2026-08-14,13.77,0.07%,趋势: 高于MA20,13.22,13.66,1.32X
603801,志邦家居,2026-08-06,5.91,1.03%,"形态: 10日内有涨停 | 形态: 两连阴 (-1.68%, -0.34%) | 趋势: 高于MA20 | 动量: 突破转强 (阳线上穿5/10)",5.60,6.39,0.81X
600483,福能股份,2026-08-06,10.66,-0.84%,"形态: 两连阴 (-1.90%, -1.01%)",10.87,11.02,1.03X
002591,恒大高新,2026-08-14,6.31,0.96%,趋势: 高于MA20 | 动量: 突破转强 (阳线上穿5/10),5.88,6.78,0.89X
600843,上工申贝,2026-08-14,7.13,0.56%,趋势: 高于MA20,6.81,7.57,0.93X
002082,万邦德,2026-08-14,10.78,-1.55%,趋势: 高于MA20,10.13,11.93,0.80X
605066,天正电气,2026-08-14,6.93,0.29%,趋势: 高于MA20 | 动量: 突破转强 (阳线上穿5/10),6.51,6.77,1.09X
601963,重庆银行,2026-08-06,10.95,-0.09%,"形态: 两连阴 (-2.88%, -1.62%) | 趋势: 高于MA20",10.89,11.04,0.80X
601798,蓝科高新,2026-08-14,7.54,0.00%,趋势: 高于MA20,7.38,7.45,0.83X
601328,交通银行,2026-08-06,6.94,0.14%,"趋势: 多头排列 (5>20>60) | 形态: 两连阴 (-2.90%, -1.56%)",6.96,6.79,0.66X
600539,狮头股份,2026-08-06,14.59,1.81%,形态: 10日内有涨停,15.75,15.58,0.79X
002824,和胜股份,2026-08-14,24.96,6.67%,趋势: 高于MA20 | 动量: 突破转强 (阳线上穿5/10),22.10,27.26,1.29X
002034,旺能环境,2026-08-06,14.09,-1.95%,"形态: 两连阴 (-0.76%, -0.48%) | 趋势: 高于MA20",14.07,16.90,1.16X
603333,尚纬股份,2026-08-06,9.17,6.01%,量能: 放量 (2.10X) | 趋势: 高于MA20 | 动量: 突破转强 (阳线上穿5/10),8.26,8.45,2.10X
000930,中粮科技,2026-08-06,4.74,-0.21%,"形态: 两连阴 (-1.24%, -0.63%) | 趋势: 高于MA20",4.63,4.80,1.24X
002562,兄弟科技,2026-08-06,4.53,-0.88%,趋势: 高于MA20,4.37,4.74,0.90X
603390,通达电气,2026-08-06,10.09,0.70%,趋势: 高于MA20 | 动量: 突破转强 (阳线上穿5/10),9.49,11.27,0.98X
600638,新黄浦,2026-08-14,4.96,-1.20%,趋势: 高于MA20,4.79,4.93,0.82X
002510,天汽模,2026-08-06,5.67,-1.56%,趋势: 高于MA20,5.42,6.03,1.11X
002419,天虹股份,2026-08-06,4.56,-0.22%,"形态: 两连阴 (-1.07%, -0.87%) | 趋势: 高于MA20",4.45,4.60,0.83X
603282,亚光股份,2026-08-06,14.57,0.69%,趋势: 高于MA20 | 动量: 突破转强 (阳线上穿5/10),13.77,15.09,0.72X
002521,齐峰新材,2026-08-14,6.92,-1.14%,"形态: 两连阴 (-0.56%, -0.71%) | 趋势: 高于MA20",6.85,7.03,0.68X
603889,新澳股份,2026-08-14,5.63,0.00%,"形态: 两连阴 (-0.52%, -1.40%) | 趋势: 高于MA20",5.63,5.66,0.63X
600054,黄山旅游,2026-08-28,11.44,1.24%,趋势: 多头排列 (5>20>60) | 趋势: 高于MA20 | 动量: 突破转强 (阳线上穿5/10),11.24,11.06,1.04X
002686,亿利达,2026-08-06,6.57,10.05%,形态: 10日内有涨停 | 趋势: 高于MA20 | 动量: 突破转强 (阳线上穿5/10),5.54,5.94,0.83X
603135,中重科技,2026-08-06,9.55,2.03%,趋势: 高于MA20 | 动量: 突破转强 (阳线上穿5/10),9.44,11.49,0.96X
600736,苏州高新,2026-08-14,6.81,-0.29%,趋势: 高于MA20,6.46,6.89,1.02X
600866,星湖科技,2026-08-06,4.43,-1.34%,"形态: 两连阴 (-1.53%, -0.66%)",4.70,4.84,1.35X
002512,达华智能,2026-08-14,4.12,8.42%,量能: 放量 (1.78X) | 趋势: 高于MA20 | 动量: 突破转强 (阳线上穿5/10),3.57,3.80,1.78X
002531,天顺风能,2026-08-14,6.54,-1.51%,趋势: 高于MA20,6.48,8.25,0.96X
601700,风范股份,2026-08-14,6.56,-7.61%,趋势: 多头排列 (5>20>60) | 形态: 10日内有涨停 | 趋势: 高于MA20,5.72,5.12,0.96X
603055,台华新材,2026-08-06,8.35,-0.71%,"趋势: 多头排列 (5>20>60) | 形态: 两连阴 (-1.73%, -1.29%)",8.49,8.42,1.12X
600258,首旅酒店,2026-08-28,12.45,0.65%,趋势: 多头排列 (5>20>60) | 趋势: 高于MA20 | 动量: 突破转强 (阳线上穿5/10),12.21,11.99,0.93X
600176,中国巨石,2026-08-28,43.2,1.31%,趋势: 高于MA20 | 动量: 突破转强 (阳线上穿5/10),41.53,47.99,1.15X
603601,再升科技,2026-08-14,9.81,1.03%,趋势: 高于MA20 | 动量: 突破转强 (阳线上穿5/10),8.74,12.28,0.69X
600676,交运股份,2026-08-14,6.72,-0.88%,"趋势: 多头排列 (5>20>60) | 形态: 两连阴 (-0.29%, -2.45%)",6.76,6.71,0.79X
600650,锦江在线,2026-08-06,11.15,0.27%,量能: 放量 (2.11X) | 趋势: 高于MA20 | 动量: 突破转强 (阳线上穿5/10),10.15,10.64,2.11X
002474,榕基软件,2026-08-14,6.57,-4.23%,形态: 10日内有涨停 | 趋势: 高于MA20,6.21,6.59,1.21X
000006,深振业Ａ,2026-08-14,7.52,-2.34%,量能: 放量 (1.60X) | 形态: 10日内有涨停 | 趋势: 高于MA20,6.58,7.46,1.60X
002405,四维图新,2026-08-28,6.39,0.47%,"形态: 两连阴 (-1.24%, -0.31%) | 动量: 突破转强 (阳线上穿5/10)",6.54,6.66,0.84X
002883,中设股份,2026-08-06,8.67,1.40%,"形态: 两连阴 (-0.69%, -0.47%) | 趋势: 高于MA20 | 动量: 突破转强 (阳线上穿5/10)",8.46,8.93,1.07X
600461,洪城环境,2026-08-06,8.93,-0.22%,"形态: 两连阴 (-1.95%, -1.21%)",9.20,9.50,0.79X
002454,松芝股份,2026-08-06,5.05,0.20%,趋势: 高于MA20 | 动量: 突破转强 (阳线上穿5/10),4.78,5.64,0.82X
600348,华阳股份,2026-08-06,8.55,1.18%,量能: 放量 (1.79X) | 趋势: 高于MA20 | 动量: 突破转强 (阳线上穿5/10),8.52,8.73,1.79X
600521,华海药业,2026-08-06,16.46,-1.20%,趋势: 多头排列 (5>20>60),16.66,15.80,0.89X
605069,正和生态,2026-08-14,10.73,-0.92%,趋势: 高于MA20,10.20,11.90,1.06X
601636,旗滨集团,2026-08-14,6.07,1.00%,趋势: 高于MA20,5.86,6.93,0.66X
600328,中盐化工,2026-08-06,6.34,-0.78%,"形态: 两连阴 (-1.38%, -0.78%) | 趋势: 高于MA20",6.21,6.57,1.05X
002507,涪陵榨菜,2026-08-06,11.53,-1.87%,"趋势: 多头排列 (5>20>60) | 形态: 两连阴 (-1.98%, -1.34%)",11.63,11.54,1.10X
002117,东港股份,2026-08-14,8.11,-0.49%,趋势: 高于MA20,7.96,8.40,1.18X
600704,物产中大,2026-08-06,5.02,0.60%,趋势: 多头排列 (5>20>60) | 趋势: 高于MA20,4.94,4.89,1.08X
600167,联美控股,2026-08-06,5.87,-0.84%,"形态: 两连阴 (-0.50%, -1.17%) | 趋势: 高于MA20",5.82,6.05,0.92X
603936,博敏电子,2026-08-06,14.48,4.17%,形态: 10日内有涨停 | 趋势: 高于MA20 | 动量: 突破转强 (阳线上穿5/10),14.39,20.45,1.12X
600889,南京化纤,2026-08-06,13.66,0.15%,动量: 突破转强 (阳线上穿5/10),14.12,15.23,0.80X
600376,首开股份,2026-08-14,3.99,-4.55%,趋势: 多头排列 (5>20>60) | 形态: 10日内有涨停 | 趋势: 高于MA20,3.82,3.73,0.73X
000565,渝三峡Ａ,2026-08-14,5.94,-0.50%,趋势: 高于MA20,5.69,6.09,0.91X
603310,巍华新材,2026-08-06,14.9,1.29%,趋势: 高于MA20 | 动量: 突破转强 (阳线上穿5/10),14.53,15.47,1.21X
600556,天下秀,2026-08-06,5.21,-5.96%,量能: 放量 (1.64X) | 形态: 10日内有涨停 | 趋势: 高于MA20,4.47,4.82,1.64X
002067,景兴纸业,2026-08-14,4.35,-0.91%,趋势: 多头排列 (5>20>60) | 趋势: 高于MA20,4.33,4.31,0.65X
002564,天沃科技,2026-08-14,4.56,-0.44%,趋势: 高于MA20,4.36,4.59,0.75X
002075,沙钢股份,2026-08-06,4.1,0.00%,趋势: 高于MA20,3.62,3.70,0.73X
600780,通宝能源,2026-08-06,6.01,-0.99%,"形态: 两连阴 (-0.97%, -1.30%)",6.04,6.47,0.84X
600833,第一医药,2026-08-06,10.01,2.46%,"量能: 放量 (1.88X) | 形态: 两连阴 (-1.10%, -0.91%) | 趋势: 高于MA20 | 动量: 突破转强 (阳线上穿5/10)",9.70,10.05,1.88X
002232,启明信息,2026-08-06,14.88,-0.53%,趋势: 高于MA20,13.95,14.99,0.94X
002136,安 纳 达,2026-08-06,12.23,-0.57%,趋势: 高于MA20,11.78,12.85,0.98X
002658,雪迪龙,2026-08-28,7.55,1.62%,趋势: 高于MA20,7.52,7.60,0.93X
600352,浙江龙盛,2026-08-06,13.1,-1.21%,趋势: 多头排列 (5>20>60) | 趋势: 高于MA20,12.82,12.07,0.92X
000722,湖南发展,2026-08-06,13.48,0.15%,趋势: 高于MA20 | 动量: 突破转强 (阳线上穿5/10),12.96,13.49,0.67X
601279,英利汽车,2026-08-28,3.42,0.29%,趋势: 多头排列 (5>20>60) | 趋势: 高于MA20 | 动量: 突破转强 (阳线上穿5/10),3.25,3.18,0.65X
600543,莫高股份,2026-08-06,3.89,0.00%,趋势: 高于MA20,3.71,4.12,0.80X
002367,康力电梯,2026-08-06,5.42,0.18%,趋势: 高于MA20 | 动量: 突破转强 (阳线上穿5/10),5.38,5.80,0.88X
002836,新宏泽,2026-08-06,9.78,3.71%,趋势: 高于MA20 | 动量: 突破转强 (阳线上穿5/10),8.87,10.13,1.40X
002066,瑞泰科技,2026-08-14,21.69,-1.09%,量能: 放量 (1.92X) | 形态: 10日内有涨停 | 趋势: 高于MA20,20.37,21.66,1.92X
002100,天康生物,2026-08-06,7.03,-0.28%,趋势: 多头排列 (5>20>60) | 趋势: 高于MA20,6.99,6.68,1.06X
605162,新中港,2026-08-06,8.52,-0.58%,形态: 10日内有涨停 | 趋势: 高于MA20,7.99,9.04,0.73X
000576,甘化科工,2026-08-06,7.15,1.85%,趋势: 高于MA20 | 动量: 突破转强 (阳线上穿5/10),6.63,7.18,0.97X
603038,华立股份,2026-08-06,13.72,1.86%,趋势: 高于MA20 | 动量: 突破转强 (阳线上穿5/10),13.01,14.87,0.84X
000635,英 力 特,2026-08-28,6.56,0.00%,趋势: 多头排列 (5>20>60) | 趋势: 高于MA20,6.45,6.34,0.00X
002052,同洲电子,2026-08-28,8.88,0.34%,形态: 10日内有涨停 | 动量: 突破转强 (阳线上穿5/10),8.95,8.60,0.68X
601065,江盐集团,2026-08-06,6.88,-0.15%,趋势: 高于MA20,6.80,7.20,0.81X
600582,天地科技,2026-08-06,4.83,-0.21%,"形态: 两连阴 (-1.21%, -1.43%)",4.84,5.04,0.81X
603638,艾迪精密,2026-08-14,19.56,-0.31%,"形态: 两连阴 (-0.35%, -2.34%)",19.62,21.82,0.87X
000166,申万宏源,2026-08-06,4.54,-2.16%,"趋势: 多头排列 (5>20>60) | 形态: 两连阴 (-0.21%, -0.64%)",4.64,4.54,1.37X
603976,正川股份,2026-08-06,28.65,6.27%,趋势: 多头排列 (5>20>60) | 形态: 10日内有涨停 | 趋势: 高于MA20 | 动量: 突破转强 (阳线上穿5/10),25.12,24.84,1.16X
000157,中联重科,2026-08-06,7.27,-0.27%,"趋势: 多头排列 (5>20>60) | 形态: 两连阴 (-2.65%, -0.68%)",7.38,7.36,0.83X
600509,天富能源,2026-08-06,7.69,-1.91%,趋势: 高于MA20,7.53,8.42,1.15X
002057,中钢天源,2026-08-06,8.54,1.30%,趋势: 高于MA20 | 动量: 突破转强 (阳线上穿5/10),8.09,9.91,1.02X
603018,华设集团,2026-08-28,5.34,1.14%,趋势: 高于MA20 | 动量: 突破转强 (阳线上穿5/10),5.31,5.63,1.04X
603269,海鸥股份,2026-08-14,17.7,0.51%,形态: 10日内有涨停 | 趋势: 高于MA20 | 动量: 突破转强 (阳线上穿5/10),13.12,17.82,0.71X
605158,华达新材,2026-08-06,6.82,1.19%,"形态: 两连阴 (-1.31%, -0.44%) | 趋势: 高于MA20 | 动量: 突破转强 (阳线上穿5/10)",6.47,6.76,0.92X
000558,天府文旅,2026-08-06,3.44,-0.58%,趋势: 高于MA20,3.27,3.48,0.82X
002023,海特高新,2026-08-14,10.6,-1.58%,趋势: 高于MA20,9.62,11.08,1.22X
603041,美思德,2026-08-06,10.74,1.99%,趋势: 高于MA20 | 动量: 突破转强 (阳线上穿5/10),10.14,11.37,0.69X
603505,金石资源,2026-08-14,16.43,0.24%,趋势: 高于MA20,16.14,18.09,0.78X
603700,宁水集团,2026-08-06,11.27,-2.42%,趋势: 高于MA20,11.18,11.36,0.87X
002277,友阿股份,2026-08-28,6.41,-1.54%,趋势: 多头排列 (5>20>60) | 形态: 10日内有涨停 | 趋势: 高于MA20,5.95,5.94,0.49X
605183,确成股份,2026-08-14,14.55,0.14%,"形态: 两连阴 (-0.20%, -1.69%) | 趋势: 高于MA20",14.32,14.84,0.49X
603386,骏亚科技,2026-08-14,13.51,1.73%,趋势: 高于MA20 | 动量: 突破转强 (阳线上穿5/10),12.12,15.28,0.82X
000600,建投能源,2026-08-14,8.23,-3.74%,"形态: 两连阴 (-1.92%, -1.38%)",8.74,9.46,0.98X
002212,天融信,2026-08-14,6.64,0.00%,"趋势: 多头排列 (5>20>60) | 形态: 10日内有涨停 | 形态: 两连阴 (-3.77%, -3.77%) | 趋势: 高于MA20",6.32,6.17,0.73X
600933,爱柯迪,2026-08-14,13.68,-0.80%,趋势: 高于MA20,13.52,14.79,1.06X
600719,大连热电,2026-08-14,7.51,-3.72%,趋势: 高于MA20,7.36,8.12,1.14X
601858,中国科传,2026-08-06,26.28,3.63%,形态: 10日内有涨停 | 趋势: 高于MA20 | 动量: 突破转强 (阳线上穿5/10),19.21,21.13,1.12X
600048,保利发展,2026-08-06,5.27,2.33%,趋势: 高于MA20 | 动量: 突破转强 (阳线上穿5/10),5.05,5.20,1.35X
600771,广誉远,2026-08-06,14.14,-1.60%,"形态: 两连阴 (-1.22%, -1.44%)",14.72,14.47,1.17X
002708,光洋股份,2026-08-14,11.82,4.60%,趋势: 高于MA20 | 动量: 突破转强 (阳线上穿5/10),10.13,12.35,1.25X
002114,罗平锌电,2026-08-06,7.14,0.56%,趋势: 高于MA20 | 动量: 突破转强 (阳线上穿5/10),6.42,7.32,1.38X
002787,华源控股,2026-08-06,21.24,1.97%,动量: 突破转强 (阳线上穿5/10),21.76,25.72,0.74X
600379,宝光股份,2026-08-14,14.5,0.55%,形态: 10日内有涨停 | 趋势: 高于MA20 | 动量: 突破转强 (阳线上穿5/10),12.24,13.16,0.71X
600188,兖矿能源,2026-08-28,23.02,1.50%,趋势: 多头排列 (5>20>60) | 趋势: 高于MA20 | 动量: 突破转强 (阳线上穿5/10),21.47,20.54,1.05X
001965,招商公路,2026-08-06,9.52,-0.63%,"形态: 两连阴 (-2.59%, -2.04%)",10.03,9.84,0.63X
601668,中国建筑,2026-08-06,4.57,-0.22%,"形态: 两连阴 (-2.52%, -1.29%)",4.64,4.67,0.72X
002648,卫星化学,2026-08-14,25.26,-0.79%,趋势: 多头排列 (5>20>60) | 趋势: 高于MA20,25.15,24.21,0.78X
603078,江化微,2026-08-06,34.19,10.01%,形态: 10日内有涨停 | 趋势: 高于MA20 | 动量: 突破转强 (阳线上穿5/10),33.92,39.45,1.38X
002284,亚太股份,2026-08-28,9.84,0.41%,形态: 10日内有涨停 | 趋势: 高于MA20 | 动量: 突破转强 (阳线上穿5/10),9.59,9.69,0.75X
002608,江苏国信,2026-08-06,7.32,-1.08%,"形态: 两连阴 (-1.06%, -0.67%) | 趋势: 高于MA20",7.19,7.93,0.86X
601222,林洋能源,2026-08-06,5.65,-1.74%,"形态: 两连阴 (-1.02%, -1.20%) | 趋势: 高于MA20",5.60,5.87,1.09X
002462,嘉事堂,2026-08-28,12.34,0.41%,趋势: 多头排列 (5>20>60) | 趋势: 高于MA20 | 动量: 突破转强 (阳线上穿5/10),12.14,12.03,0.94X
600508,上海能源,2026-08-06,8.72,2.71%,"量能: 放量 (1.85X) | 形态: 两连阴 (-1.50%, -0.35%) | 趋势: 高于MA20 | 动量: 突破转强 (阳线上穿5/10)",8.47,10.36,1.85X
603600,永艺股份,2026-08-06,9.56,-0.10%,"形态: 两连阴 (-1.63%, -0.62%) | 趋势: 高于MA20",9.33,9.89,0.65X
002972,科安达,2026-08-28,12.37,-0.40%,"形态: 两连阴 (-1.19%, -0.48%)",13.28,14.76,0.93X
002446,盛路通信,2026-08-14,9.11,5.32%,趋势: 高于MA20 | 动量: 突破转强 (阳线上穿5/10),8.04,9.58,1.27X
000672,上峰水泥,2026-08-06,13.87,0.87%,动量: 突破转强 (阳线上穿5/10),15.13,17.53,0.82X
002849,威星智能,2026-08-14,16.87,0.00%,趋势: 高于MA20,14.76,15.79,0.70X
002116,中国海诚,2026-08-06,7.07,-0.28%,"形态: 两连阴 (-0.97%, -0.42%) | 趋势: 高于MA20",6.96,7.88,0.95X
002182,宝武镁业,2026-08-06,12.77,-2.67%,量能: 放量 (1.89X) | 形态: 10日内有涨停 | 趋势: 高于MA20,11.72,13.46,1.89X
600032,浙江新能,2026-08-06,7.36,-1.21%,"形态: 两连阴 (-0.79%, -0.67%) | 趋势: 高于MA20",7.22,8.33,0.92X
002413,雷科防务,2026-08-14,8.64,-0.80%,趋势: 高于MA20,8.20,9.30,0.54X
002093,国脉科技,2026-08-06,7.07,-1.12%,趋势: 高于MA20,6.59,6.94,0.92X
603779,威龙股份,2026-08-06,7.84,2.75%,形态: 10日内有涨停 | 趋势: 高于MA20 | 动量: 突破转强 (阳线上穿5/10),7.63,8.68,0.80X
600110,诺德股份,2026-08-28,10.94,-5.69%,形态: 10日内有涨停 | 趋势: 高于MA20,10.31,11.84,0.86X
600475,华光环能,2026-08-14,14.99,4.53%,量能: 放量 (1.87X) | 趋势: 高于MA20 | 动量: 突破转强 (阳线上穿5/10),14.23,14.33,1.87X
603176,汇通集团,2026-08-06,4.58,1.10%,趋势: 高于MA20 | 动量: 突破转强 (阳线上穿5/10),4.23,4.67,1.04X
600551,时代出版,2026-08-06,6.97,-0.71%,"形态: 两连阴 (-0.99%, -0.14%) | 趋势: 高于MA20",6.82,7.14,0.79X
600992,贵绳股份,2026-08-06,10.16,2.63%,趋势: 高于MA20 | 动量: 突破转强 (阳线上穿5/10),10.07,10.55,0.98X
601128,常熟银行,2026-08-06,6.21,-0.16%,"形态: 两连阴 (-2.63%, -1.11%)",6.26,6.48,0.85X
600874,创业环保,2026-08-06,5.53,-0.36%,"形态: 两连阴 (-1.24%, -0.54%) | 趋势: 高于MA20",5.52,5.65,0.80X
600829,人民同泰,2026-08-06,10.35,9.99%,趋势: 多头排列 (5>20>60) | 形态: 10日内有涨停 | 趋势: 高于MA20 | 动量: 突破转强 (阳线上穿5/10),9.21,8.73,1.16X
600756,浪潮软件,2026-08-06,15.85,-4.92%,趋势: 多头排列 (5>20>60) | 形态: 10日内有涨停 | 趋势: 高于MA20,14.96,14.25,0.72X
002645,华宏科技,2026-08-06,18.55,2.88%,趋势: 高于MA20 | 动量: 突破转强 (阳线上穿5/10),17.97,25.77,1.36X
002097,山河智能,2026-08-14,7.32,0.55%,趋势: 高于MA20,7.16,7.63,1.06X
002465,海格通信,2026-08-14,10.6,0.47%,趋势: 高于MA20,10.20,12.57,0.83X
000520,凤凰航运,2026-08-14,3.84,-1.29%,趋势: 高于MA20,3.81,4.03,0.97X
002354,天娱数科,2026-08-06,8.1,2.27%,形态: 10日内有涨停 | 趋势: 高于MA20 | 动量: 突破转强 (阳线上穿5/10),7.04,7.48,1.23X
002440,闰土股份,2026-08-06,13.04,-0.08%,趋势: 多头排列 (5>20>60) | 形态: 10日内有涨停 | 趋势: 高于MA20,12.10,10.62,0.86X
603223,恒通股份,2026-08-06,11.04,1.19%,趋势: 高于MA20 | 动量: 突破转强 (阳线上穿5/10),10.96,10.82,0.75X
002012,凯恩股份,2026-08-14,6.45,0.47%,"形态: 10日内有涨停 | 形态: 两连阴 (-0.15%, -1.23%) | 趋势: 高于MA20",5.94,6.65,1.18X
002534,西子洁能,2026-08-14,15.63,-0.82%,趋势: 高于MA20,14.29,17.47,1.07X
603898,好莱客,2026-08-28,11.29,0.09%,趋势: 高于MA20,11.17,12.32,1.09X
601968,宝钢包装,2026-08-06,4.55,-0.66%,趋势: 高于MA20,4.35,4.37,1.00X
000422,湖北宜化,2026-08-06,13.31,-1.19%,趋势: 高于MA20,13.03,13.66,1.32X
601187,厦门银行,2026-08-28,7.15,0.00%,"形态: 两连阴 (-0.41%, -0.69%)",7.34,7.35,0.62X
002615,哈尔斯,2026-08-06,6.61,-0.90%,趋势: 高于MA20,6.56,7.27,0.77X
002661,克明食品,2026-08-06,7.53,0.00%,"形态: 两连阴 (-1.17%, -0.66%) | 趋势: 高于MA20",7.31,7.55,0.89X
000967,盈峰环境,2026-08-14,9.47,2.38%,形态: 10日内有涨停 | 趋势: 高于MA20 | 动量: 突破转强 (阳线上穿5/10),8.25,9.55,0.91X
000570,苏常柴Ａ,2026-08-06,5.0,0.00%,"形态: 两连阴 (-0.79%, -0.20%) | 趋势: 高于MA20",4.87,5.21,0.94X
002332,仙琚制药,2026-08-06,8.46,-1.63%,趋势: 多头排列 (5>20>60),8.49,8.43,1.00X
603558,健盛集团,2026-08-06,12.89,1.02%,趋势: 多头排列 (5>20>60) | 趋势: 高于MA20 | 动量: 突破转强 (阳线上穿5/10),12.29,11.94,1.03X
003037,三和管桩,2026-08-06,5.7,1.06%,趋势: 高于MA20 | 动量: 突破转强 (阳线上穿5/10),5.52,6.15,0.77X
002863,今飞凯达,2026-08-14,4.54,1.11%,趋势: 高于MA20,4.34,4.80,0.86X
002243,力合科创,2026-08-06,7.31,-1.62%,趋势: 高于MA20,6.89,7.52,0.61X
002481,双塔食品,2026-08-06,4.15,-0.24%,"趋势: 多头排列 (5>20>60) | 形态: 两连阴 (-1.18%, -0.48%) | 趋势: 高于MA20",4.13,4.08,1.02X
601878,浙商证券,2026-08-06,9.44,-1.26%,"形态: 两连阴 (-0.31%, -0.21%)",9.55,9.49,1.05X
600366,宁波韵升,2026-08-14,12.64,4.98%,趋势: 高于MA20 | 动量: 突破转强 (阳线上穿5/10),11.47,13.09,1.32X
002181,粤 传 媒,2026-08-14,9.02,-1.96%,趋势: 高于MA20,8.60,11.38,0.90X
601026,道生天合,2026-08-06,15.02,-2.09%,趋势: 高于MA20,14.58,15.51,0.95X
600182,S佳通,2026-08-06,13.08,-0.15%,趋势: 高于MA20,13.01,13.57,1.00X
002160,常铝股份,2026-08-06,3.88,-0.51%,趋势: 高于MA20,3.69,4.12,1.09X
002458,益生股份,2026-08-06,9.01,0.67%,趋势: 多头排列 (5>20>60) | 趋势: 高于MA20 | 动量: 突破转强 (阳线上穿5/10),8.70,8.50,0.92X
600497,驰宏锌锗,2026-08-28,10.57,0.38%,趋势: 多头排列 (5>20>60) | 趋势: 高于MA20 | 动量: 突破转强 (阳线上穿5/10),10.15,10.01,0.89X
002166,莱茵生物,2026-08-28,6.92,0.29%,趋势: 多头排列 (5>20>60) | 趋势: 高于MA20 | 动量: 突破转强 (阳线上穿5/10),6.80,6.76,1.07X
603768,常青股份,2026-08-06,11.19,1.18%,"形态: 两连阴 (-1.15%, -1.07%) | 趋势: 高于MA20 | 动量: 突破转强 (阳线上穿5/10)",10.29,10.52,1.12X
003012,东鹏控股,2026-08-06,4.73,0.42%,"形态: 两连阴 (-1.86%, -1.05%) | 趋势: 高于MA20",4.64,4.80,0.81X
002340,格林美,2026-08-28,6.67,0.30%,动量: 突破转强 (阳线上穿5/10),6.67,6.77,0.85X
000881,中广核技,2026-08-06,6.46,-1.22%,"形态: 两连阴 (-0.15%, -0.91%) | 趋势: 高于MA20",6.29,6.85,0.76X
600336,澳柯玛,2026-08-28,6.3,-0.94%,趋势: 高于MA20,6.26,6.30,0.85X
600558,大西洋,2026-08-14,5.01,4.38%,量能: 放量 (2.40X) | 趋势: 高于MA20 | 动量: 突破转强 (阳线上穿5/10),4.75,5.60,2.40X
000655,金岭矿业,2026-08-28,7.55,2.72%,趋势: 多头排列 (5>20>60) | 趋势: 高于MA20 | 动量: 突破转强 (阳线上穿5/10),6.99,6.77,1.07X
002519,银河电子,2026-08-14,5.56,-0.71%,趋势: 高于MA20,5.29,5.85,0.73X
601789,宁波建工,2026-08-14,4.62,-2.33%,趋势: 高于MA20,4.35,4.79,1.41X
002376,新北洋,2026-08-06,6.99,10.08%,"量能: 放量 (2.51X) | 形态: 10日内有涨停 | 形态: 两连阴 (-0.47%, -0.16%) | 趋势: 高于MA20 | 动量: 突破转强 (阳线上穿5/10)",6.20,6.29,2.51X
002429,兆驰股份,2026-08-06,8.01,0.25%,动量: 突破转强 (阳线上穿5/10),8.17,10.43,0.95X
002014,永新股份,2026-08-06,10.97,0.00%,趋势: 多头排列 (5>20>60) | 趋势: 高于MA20,10.88,10.82,0.91X
603027,千禾味业,2026-08-06,7.54,-1.31%,"形态: 两连阴 (-2.39%, -1.55%) | 趋势: 高于MA20",7.47,7.57,0.85X
600697,欧亚集团,2026-08-28,11.14,2.39%,"趋势: 多头排列 (5>20>60) | 形态: 两连阴 (-0.18%, -1.18%) | 趋势: 高于MA20 | 动量: 突破转强 (阳线上穿5/10)",10.71,10.31,0.98X
000544,中原环保,2026-08-06,7.37,-0.54%,"形态: 两连阴 (-1.07%, -0.27%) | 趋势: 高于MA20",7.32,7.57,0.69X
600380,健康元,2026-08-06,10.01,-0.99%,"形态: 两连阴 (-0.68%, -0.79%)",10.25,10.07,0.81X
000837,秦川机床,2026-08-14,10.56,-0.94%,趋势: 高于MA20,9.65,10.88,0.64X
603066,音飞储存,2026-08-06,9.02,0.33%,"形态: 两连阴 (-0.22%, -0.11%) | 趋势: 高于MA20 | 动量: 突破转强 (阳线上穿5/10)",8.99,10.16,0.94X
603466,风语筑,2026-08-06,11.4,0.18%,形态: 10日内有涨停 | 趋势: 高于MA20 | 动量: 突破转强 (阳线上穿5/10),10.85,10.87,0.69X
000623,吉林敖东,2026-08-06,18.08,-1.20%,趋势: 多头排列 (5>20>60),18.17,17.83,1.12X
603098,森特股份,2026-08-14,9.98,-0.30%,趋势: 高于MA20,9.85,10.81,0.90X
603511,爱慕股份,2026-08-06,11.9,0.51%,"形态: 两连阴 (-0.75%, -1.00%) | 趋势: 高于MA20",11.68,12.51,0.82X
601390,中国中铁,2026-08-06,4.49,0.00%,"形态: 两连阴 (-2.38%, -0.66%)",4.50,4.55,0.93X
600233,圆通速递,2026-08-14,18.9,2.38%,"趋势: 多头排列 (5>20>60) | 形态: 两连阴 (-2.63%, -0.11%) | 趋势: 高于MA20 | 动量: 突破转强 (阳线上穿5/10)",18.38,17.54,0.93X
603729,龙韵股份,2026-08-06,11.08,0.45%,趋势: 高于MA20 | 动量: 突破转强 (阳线上穿5/10),10.42,11.66,0.88X
002296,辉煌科技,2026-08-06,9.08,0.44%,趋势: 高于MA20 | 动量: 突破转强 (阳线上穿5/10),8.78,9.50,0.88X
000989,九芝堂,2026-08-06,9.05,-0.44%,趋势: 多头排列 (5>20>60),9.10,8.45,1.05X
600628,新世界,2026-08-06,6.07,0.33%,"形态: 两连阴 (-0.98%, -0.66%) | 趋势: 高于MA20",5.98,6.09,0.83X
603693,江苏新能,2026-08-06,12.18,-1.77%,"形态: 两连阴 (-0.80%, -0.08%) | 趋势: 高于MA20",12.03,13.93,1.18X
605018,长华集团,2026-08-14,14.29,-1.92%,趋势: 高于MA20,12.51,13.76,1.28X
002238,天威视讯,2026-08-06,6.14,0.16%,趋势: 高于MA20 | 动量: 突破转强 (阳线上穿5/10),5.76,6.07,1.18X
002394,联发股份,2026-08-28,10.31,-0.67%,趋势: 多头排列 (5>20>60) | 趋势: 高于MA20,9.77,9.31,0.53X
600449,宁夏建材,2026-08-06,14.09,2.25%,量能: 放量 (1.76X) | 形态: 10日内有涨停 | 趋势: 高于MA20 | 动量: 突破转强 (阳线上穿5/10),12.30,13.01,1.76X
603909,建发合诚,2026-08-28,9.74,1.04%,"趋势: 多头排列 (5>20>60) | 形态: 两连阴 (-0.20%, -1.33%) | 趋势: 高于MA20 | 动量: 突破转强 (阳线上穿5/10)",9.45,9.09,0.99X
002252,上海莱士,2026-08-06,4.9,-3.16%,"趋势: 多头排列 (5>20>60) | 形态: 两连阴 (-0.57%, -3.07%)",5.05,4.97,1.21X
605577,龙版传媒,2026-08-06,9.6,-0.41%,"形态: 两连阴 (-0.81%, -1.13%) | 趋势: 高于MA20",9.38,9.75,1.03X
605218,伟时电子,2026-08-06,13.71,1.11%,趋势: 高于MA20 | 动量: 突破转强 (阳线上穿5/10),12.95,15.88,0.78X
000707,双环科技,2026-08-06,4.51,0.45%,"形态: 两连阴 (-1.09%, -0.66%) | 趋势: 高于MA20 | 动量: 突破转强 (阳线上穿5/10)",4.33,4.64,1.07X
002884,凌霄泵业,2026-08-06,16.23,-0.12%,趋势: 高于MA20,16.13,16.24,0.76X
001300,三柏硕,2026-08-14,11.14,-0.54%,形态: 10日内有涨停 | 趋势: 高于MA20,10.35,12.53,0.62X
000533,顺钠股份,2026-08-06,12.12,-4.57%,形态: 10日内有涨停 | 趋势: 高于MA20,9.83,10.65,0.90X
600126,杭钢股份,2026-08-14,7.38,5.88%,"形态: 10日内有涨停 | 形态: 两连阴 (-2.58%, -2.92%) | 趋势: 高于MA20 | 动量: 突破转强 (阳线上穿5/10)",6.60,6.69,1.16X
600814,杭州解百,2026-08-14,6.63,-0.90%,趋势: 高于MA20,6.55,6.65,0.87X
600707,彩虹股份,2026-08-28,9.24,-2.84%,形态: 10日内有涨停,9.35,10.85,0.99X
600975,新五丰,2026-08-06,4.97,0.00%,趋势: 高于MA20,4.96,4.90,0.98X
000503,国新健康,2026-08-06,7.56,-1.05%,形态: 10日内有涨停 | 趋势: 高于MA20,6.86,6.90,0.73X
603987,康德莱,2026-08-06,7.32,-0.41%,"形态: 两连阴 (-0.41%, -0.27%) | 趋势: 高于MA20",7.30,7.35,0.99X
000066,中国长城,2026-08-06,14.73,0.07%,动量: 突破转强 (阳线上穿5/10),15.18,17.39,1.15X
600873,梅花生物,2026-08-06,7.9,-0.38%,"形态: 两连阴 (-2.20%, -0.88%)",8.31,8.61,0.89X
000586,汇源通信,2026-08-28,13.77,-4.44%,量能: 放量 (2.15X) | 形态: 10日内有涨停 | 趋势: 高于MA20,12.49,12.77,2.15X
000715,中兴商业,2026-08-28,5.72,0.70%,趋势: 多头排列 (5>20>60) | 趋势: 高于MA20 | 动量: 突破转强 (阳线上穿5/10),5.16,4.89,0.82X
000952,广济药业,2026-08-06,5.88,0.17%,趋势: 高于MA20 | 动量: 突破转强 (阳线上穿5/10),5.57,6.08,0.77X
002945,华林证券,2026-08-06,14.77,-1.73%,形态: 10日内有涨停 | 趋势: 高于MA20,13.69,14.04,0.65X
600382,广东明珠,2026-08-06,6.34,-0.47%,趋势: 高于MA20,6.08,7.30,0.80X
600185,珠免集团,2026-08-28,4.8,1.69%,趋势: 高于MA20 | 动量: 突破转强 (阳线上穿5/10),4.70,4.68,1.05X
002392,北京利尔,2026-08-06,7.37,-0.81%,趋势: 高于MA20,7.09,8.00,1.19X
002078,太阳纸业,2026-08-14,13.82,-0.86%,"形态: 两连阴 (-0.42%, -1.13%)",14.24,13.48,0.62X
603053,成都燃气,2026-08-06,8.92,0.11%,"形态: 两连阴 (-0.44%, -1.22%) | 趋势: 高于MA20",8.78,9.01,0.63X
603057,紫燕食品,2026-08-06,22.31,-2.19%,形态: 10日内有涨停 | 趋势: 高于MA20,21.23,23.58,0.82X
605377,华旺科技,2026-08-14,9.03,-1.31%,趋势: 多头排列 (5>20>60),9.09,9.02,0.72X
000810,创维数字,2026-08-28,9.73,-0.10%,趋势: 高于MA20,9.64,10.62,1.04X
002194,武汉凡谷,2026-08-14,10.45,-1.23%,形态: 10日内有涨停 | 趋势: 高于MA20,9.27,10.13,0.66X
000801,四川九洲,2026-08-06,11.48,-1.37%,"形态: 两连阴 (-0.51%, -0.26%) | 趋势: 高于MA20",11.21,12.02,1.08X
603189,网达软件,2026-08-28,9.37,1.41%,趋势: 高于MA20 | 动量: 突破转强 (阳线上穿5/10),9.32,9.87,1.19X
603182,嘉华股份,2026-08-14,12.87,1.42%,趋势: 高于MA20 | 动量: 突破转强 (阳线上穿5/10),11.88,12.27,0.87X
002404,嘉欣丝绸,2026-08-06,5.94,0.85%,趋势: 高于MA20 | 动量: 突破转强 (阳线上穿5/10),5.72,6.13,1.23X
002007,华兰生物,2026-08-06,13.12,-1.35%,"形态: 两连阴 (-1.39%, -1.41%)",13.21,13.23,0.91X
002019,亿帆医药,2026-08-06,10.04,-1.76%,"趋势: 多头排列 (5>20>60) | 形态: 两连阴 (-0.10%, -1.26%)",10.21,10.12,1.29X
603439,贵州三力,2026-08-06,11.09,2.69%,趋势: 高于MA20 | 动量: 突破转强 (阳线上穿5/10),10.65,13.09,0.97X
600802,福建水泥,2026-08-28,4.81,2.12%,趋势: 多头排列 (5>20>60) | 趋势: 高于MA20 | 动量: 突破转强 (阳线上穿5/10),4.56,4.40,0.97X
603227,雪峰科技,2026-08-28,7.83,2.49%,趋势: 高于MA20 | 动量: 突破转强 (阳线上穿5/10),7.72,7.52,1.46X
002900,哈三联,2026-08-06,12.25,-3.62%,趋势: 多头排列 (5>20>60) | 形态: 10日内有涨停 | 趋势: 高于MA20,11.37,10.56,1.20X
600172,黄河旋风,2026-08-28,14.42,-1.30%,形态: 10日内有涨停 | 趋势: 高于MA20,12.78,13.65,0.96X
600515,海南机场,2026-08-28,2.84,1.07%,动量: 突破转强 (阳线上穿5/10),2.87,2.85,1.09X
002443,金洲管道,2026-08-06,8.48,0.95%,趋势: 高于MA20 | 动量: 突破转强 (阳线上穿5/10),8.33,10.27,1.00X
002103,广博股份,2026-08-28,6.63,1.53%,"形态: 两连阴 (-0.90%, -0.61%) | 动量: 突破转强 (阳线上穿5/10)",6.65,6.33,1.12X
603429,集友股份,2026-08-28,8.54,0.83%,"形态: 两连阴 (-2.22%, -3.64%) | 趋势: 高于MA20",8.03,8.34,0.58X
601360,三六零,2026-08-06,9.86,0.41%,趋势: 高于MA20 | 动量: 突破转强 (阳线上穿5/10),9.04,9.45,0.85X
600399,抚顺特钢,2026-08-14,4.24,0.00%,趋势: 高于MA20,4.14,4.29,0.83X
601598,中国外运,2026-08-14,6.41,-0.77%,"趋势: 多头排列 (5>20>60) | 形态: 两连阴 (-1.79%, -1.67%) | 趋势: 高于MA20",6.34,6.05,0.66X
002434,万里扬,2026-08-14,5.9,-1.67%,趋势: 高于MA20,5.63,6.26,0.73X
002461,珠江啤酒,2026-08-14,9.94,-0.30%,趋势: 多头排列 (5>20>60) | 趋势: 高于MA20,9.05,8.78,0.75X
600184,光电股份,2026-08-06,17.89,0.90%,趋势: 高于MA20 | 动量: 突破转强 (阳线上穿5/10),17.54,23.74,1.04X
600230,沧州大化,2026-08-06,14.23,0.78%,趋势: 高于MA20 | 动量: 突破转强 (阳线上穿5/10),13.11,14.25,0.83X
002649,博彦科技,2026-08-06,11.29,10.04%,量能: 放量 (2.16X) | 形态: 10日内有涨停 | 趋势: 高于MA20 | 动量: 突破转强 (阳线上穿5/10),8.88,9.08,2.16X
605268,王力安防,2026-08-06,9.22,0.00%,趋势: 高于MA20,9.02,9.74,0.95X
600969,郴电国际,2026-08-06,8.26,0.36%,"形态: 两连阴 (-0.12%, -1.08%) | 趋势: 高于MA20",8.05,9.02,1.13X
002148,北纬科技,2026-08-14,6.62,0.61%,趋势: 高于MA20 | 动量: 突破转强 (阳线上穿5/10),6.21,6.28,1.03X
000925,众合科技,2026-08-06,7.56,-0.40%,趋势: 高于MA20,7.20,8.17,0.88X
603238,诺邦股份,2026-08-28,12.34,2.41%,"趋势: 多头排列 (5>20>60) | 形态: 两连阴 (-2.90%, -0.08%) | 趋势: 高于MA20 | 动量: 突破转强 (阳线上穿5/10)",12.17,11.82,0.70X
601519,大智慧,2026-08-06,8.42,-1.98%,趋势: 高于MA20,7.97,8.95,0.90X
002301,齐心集团,2026-08-14,7.84,1.95%,趋势: 高于MA20 | 动量: 突破转强 (阳线上穿5/10),7.07,7.57,1.22X
002209,达 意 隆,2026-08-14,11.51,2.22%,"形态: 两连阴 (-0.18%, -0.44%) | 趋势: 高于MA20 | 动量: 突破转强 (阳线上穿5/10)",10.58,11.06,1.27X
603332,苏州龙杰,2026-08-14,11.19,0.27%,趋势: 高于MA20,10.65,11.03,0.92X
601933,永辉超市,2026-08-28,3.15,0.64%,动量: 突破转强 (阳线上穿5/10),3.20,3.15,0.98X
002572,索菲亚,2026-08-06,8.33,-1.65%,"形态: 两连阴 (-1.96%, -0.59%) | 趋势: 高于MA20",8.19,8.63,0.88X
002577,雷柏科技,2026-08-06,18.97,1.44%,形态: 10日内有涨停 | 趋势: 高于MA20 | 动量: 突破转强 (阳线上穿5/10),17.58,18.23,0.82X
002541,鸿路钢构,2026-08-28,20.22,1.81%,趋势: 多头排列 (5>20>60) | 量能: 放量 (1.59X) | 趋势: 高于MA20 | 动量: 突破转强 (阳线上穿5/10),19.77,19.06,1.59X
000036,华联控股,2026-08-14,4.17,0.24%,趋势: 高于MA20,4.09,4.56,0.92X
002679,福建金森,2026-08-06,8.78,1.15%,"形态: 两连阴 (-0.57%, -0.46%) | 趋势: 高于MA20 | 动量: 突破转强 (阳线上穿5/10)",8.21,8.74,0.97X
002242,九阳股份,2026-08-06,9.0,-1.42%,"形态: 10日内有涨停 | 形态: 两连阴 (-0.87%, -0.22%) | 趋势: 高于MA20",8.62,8.74,0.93X
002688,金河生物,2026-08-14,5.2,-0.57%,趋势: 高于MA20,5.06,5.08,0.74X
601611,中国核建,2026-08-14,11.28,0.98%,"趋势: 多头排列 (5>20>60) | 形态: 10日内有涨停 | 形态: 两连阴 (-0.85%, -3.71%) | 趋势: 高于MA20",11.03,10.96,0.57X
001356,富岭股份,2026-08-06,8.62,-1.15%,"形态: 两连阴 (-0.91%, -0.34%) | 趋势: 高于MA20",8.54,9.22,0.72X
603096,新经典,2026-08-06,14.77,1.03%,趋势: 高于MA20 | 动量: 突破转强 (阳线上穿5/10),13.94,14.99,0.85X
600192,长城电工,2026-08-14,7.17,-2.85%,形态: 10日内有涨停 | 趋势: 高于MA20,6.88,6.95,0.56X
600051,宁波联合,2026-08-14,6.18,0.16%,趋势: 高于MA20,5.92,6.12,0.91X
603995,甬金股份,2026-08-06,22.84,1.65%,量能: 放量 (1.54X) | 形态: 10日内有涨停 | 趋势: 高于MA20 | 动量: 突破转强 (阳线上穿5/10),20.60,20.84,1.54X
002867,周大生,2026-08-06,12.76,-0.08%,趋势: 多头排列 (5>20>60) | 趋势: 高于MA20,12.43,12.22,0.81X
601077,渝农商行,2026-08-06,6.48,0.31%,"形态: 两连阴 (-3.57%, -0.46%)",6.62,6.62,0.76X
600073,光明肉业,2026-08-06,5.13,-0.39%,"趋势: 多头排列 (5>20>60) | 形态: 两连阴 (-1.89%, -0.58%)",5.14,5.11,1.00X
600989,宝丰能源,2026-08-06,23.47,1.43%,趋势: 高于MA20 | 动量: 突破转强 (阳线上穿5/10),22.70,23.16,1.09X
600775,南京熊猫,2026-08-06,9.96,-1.09%,形态: 10日内有涨停 | 趋势: 高于MA20,9.21,10.21,0.70X
601233,桐昆股份,2026-08-14,22.84,0.75%,"趋势: 多头排列 (5>20>60) | 形态: 两连阴 (-2.34%, -2.83%) | 趋势: 高于MA20",22.47,21.78,0.63X
603968,醋化股份,2026-08-06,10.05,1.41%,"形态: 两连阴 (-0.70%, -0.80%) | 趋势: 高于MA20 | 动量: 突破转强 (阳线上穿5/10)",9.41,10.27,0.62X
603085,天成自控,2026-08-14,10.07,0.90%,趋势: 高于MA20 | 动量: 突破转强 (阳线上穿5/10),9.54,11.07,0.69X
603065,宿迁联盛,2026-08-06,15.77,1.68%,动量: 突破转强 (阳线上穿5/10),16.24,14.20,0.95X
600795,国电电力,2026-08-06,5.02,0.40%,"形态: 两连阴 (-1.17%, -0.99%) | 趋势: 高于MA20",4.90,4.90,0.83X
002246,北化股份,2026-08-14,21.07,-1.95%,"趋势: 多头排列 (5>20>60) | 形态: 10日内有涨停 | 形态: 两连阴 (-1.82%, -2.58%) | 趋势: 高于MA20",19.97,19.37,0.58X
603637,镇海股份,2026-08-14,13.51,-1.46%,趋势: 高于MA20,12.10,15.30,0.86X
603826,坤彩科技,2026-08-06,17.22,-0.81%,量能: 放量 (2.50X) | 形态: 10日内有涨停 | 趋势: 高于MA20,16.23,25.46,2.50X
002383,合众思壮,2026-08-14,7.03,-0.28%,趋势: 高于MA20,6.80,7.10,0.85X
600312,平高电气,2026-08-06,20.46,-2.29%,趋势: 高于MA20,18.91,19.22,0.72X
000548,湖南投资,2026-08-06,4.39,0.46%,"形态: 两连阴 (-1.13%, -0.23%) | 趋势: 高于MA20 | 动量: 突破转强 (阳线上穿5/10)",4.22,4.48,0.70X
002633,申科股份,2026-08-06,14.76,0.27%,趋势: 高于MA20 | 动量: 突破转强 (阳线上穿5/10),13.69,15.93,0.75X
000957,中通客车,2026-08-28,10.22,-0.58%,"形态: 两连阴 (-0.86%, -0.48%)",10.32,10.01,1.12X
603010,万盛股份,2026-08-06,10.79,1.70%,动量: 突破转强 (阳线上穿5/10),11.10,13.67,0.85X
605222,起帆电缆,2026-08-14,19.95,-0.05%,趋势: 高于MA20,18.88,23.00,0.73X
600398,海澜之家,2026-08-06,6.06,-0.16%,"趋势: 多头排列 (5>20>60) | 形态: 两连阴 (-3.31%, -0.98%) | 趋势: 高于MA20",6.00,5.81,0.76X
603626,科森科技,2026-08-28,19.29,-2.77%,形态: 10日内有涨停 | 趋势: 高于MA20,16.94,17.48,0.65X
600372,中航机载,2026-08-14,11.26,0.81%,趋势: 多头排列 (5>20>60),11.31,11.18,0.89X
605300,佳禾食品,2026-08-28,9.85,1.86%,"形态: 两连阴 (-0.41%, -1.12%) | 趋势: 高于MA20 | 动量: 突破转强 (阳线上穿5/10)",9.79,9.34,1.21X
603900,莱绅通灵,2026-08-28,7.85,9.94%,趋势: 多头排列 (5>20>60) | 形态: 10日内有涨停 | 趋势: 高于MA20 | 动量: 突破转强 (阳线上穿5/10),6.29,5.97,0.78X
603103,横店影视,2026-08-06,15.11,-0.66%,趋势: 高于MA20,14.07,17.00,0.92X
601900,南方传媒,2026-08-06,11.79,-0.42%,趋势: 多头排列 (5>20>60) | 趋势: 高于MA20,11.69,11.68,1.09X
000037,深南电A,2026-08-06,10.07,-0.40%,形态: 10日内有涨停 | 趋势: 高于MA20,9.29,9.93,0.69X
002852,道道全,2026-08-06,7.77,0.65%,"形态: 两连阴 (-0.89%, -1.03%) | 趋势: 高于MA20",7.54,7.73,1.01X
002395,双象股份,2026-08-06,12.35,0.16%,趋势: 高于MA20 | 动量: 突破转强 (阳线上穿5/10),11.89,13.45,0.78X
000096,广聚能源,2026-08-06,7.76,0.52%,"形态: 两连阴 (-1.64%, -1.28%) | 趋势: 高于MA20",7.61,7.80,0.93X
600219,南山铝业,2026-08-28,4.88,1.04%,趋势: 多头排列 (5>20>60) | 趋势: 高于MA20 | 动量: 突破转强 (阳线上穿5/10),4.83,4.52,0.98X
000713,国投丰乐,2026-08-06,5.88,1.73%,"量能: 放量 (2.02X) | 形态: 两连阴 (-0.85%, -0.34%) | 趋势: 高于MA20 | 动量: 突破转强 (阳线上穿5/10)",5.67,5.73,2.02X
002152,广电运通,2026-08-06,10.38,0.19%,趋势: 高于MA20 | 动量: 突破转强 (阳线上穿5/10),10.08,10.21,1.16X
002532,天山铝业,2026-08-14,13.13,-0.45%,趋势: 多头排列 (5>20>60) | 趋势: 高于MA20,13.12,12.97,0.62X
601098,中南传媒,2026-08-06,10.57,-1.67%,"形态: 两连阴 (-1.44%, -1.92%) | 趋势: 高于MA20",10.33,10.58,0.73X
600858,银座股份,2026-08-28,4.99,2.04%,趋势: 多头排列 (5>20>60) | 趋势: 高于MA20 | 动量: 突破转强 (阳线上穿5/10),4.88,4.73,1.26X
600797,浙大网新,2026-08-06,7.33,-1.21%,趋势: 高于MA20,6.81,7.23,0.93X
000670,盈方微,2026-08-14,6.85,-0.72%,趋势: 高于MA20,6.61,7.64,0.70X
603181,皇马科技,2026-08-06,13.23,0.00%,趋势: 高于MA20,12.74,14.32,0.90X
000048,京基智农,2026-08-14,23.7,-0.63%,趋势: 多头排列 (5>20>60) | 形态: 10日内有涨停 | 趋势: 高于MA20,20.15,19.09,1.06X
601965,中国汽研,2026-08-06,14.01,-3.04%,趋势: 高于MA20,13.72,14.11,1.47X
002858,力盛体育,2026-08-28,11.78,0.43%,"趋势: 多头排列 (5>20>60) | 形态: 两连阴 (-0.67%, -0.42%) | 趋势: 高于MA20 | 动量: 突破转强 (阳线上穿5/10)",11.69,11.36,0.86X
600679,上海凤凰,2026-08-28,10.18,3.88%,趋势: 多头排列 (5>20>60) | 量能: 放量 (1.87X) | 趋势: 高于MA20 | 动量: 突破转强 (阳线上穿5/10),9.58,9.34,1.87X
001219,青岛食品,2026-08-06,12.37,0.32%,"形态: 两连阴 (-0.96%, -0.80%) | 趋势: 高于MA20",12.14,12.67,0.75X
000541,佛山照明,2026-08-06,4.97,-0.60%,趋势: 高于MA20,4.94,5.03,1.05X
000821,京山轻机,2026-08-14,7.19,-0.14%,趋势: 高于MA20,7.09,7.98,0.82X
603970,中农立华,2026-08-06,10.3,0.19%,"形态: 两连阴 (-1.15%, -0.58%) | 趋势: 高于MA20",10.09,10.71,1.10X
003013,地铁设计,2026-08-06,18.18,-0.11%,趋势: 多头排列 (5>20>60) | 趋势: 高于MA20,16.26,15.45,0.91X
601218,吉鑫科技,2026-08-14,4.58,-1.51%,趋势: 高于MA20,4.48,4.65,0.77X
603990,麦迪科技,2026-08-14,23.38,5.03%,形态: 10日内有涨停 | 趋势: 高于MA20,19.66,20.45,1.10X
603022,新通联,2026-08-14,8.66,0.46%,趋势: 高于MA20,8.08,8.69,0.91X
002552,宝鼎科技,2026-08-06,43.27,9.99%,形态: 10日内有涨停 | 动量: 突破转强 (阳线上穿5/10),43.37,52.62,1.04X
002845,同兴达,2026-08-28,13.35,0.60%,趋势: 高于MA20 | 动量: 突破转强 (阳线上穿5/10),13.03,14.06,0.95X
603101,汇嘉时代,2026-08-28,7.67,3.09%,趋势: 多头排列 (5>20>60) | 趋势: 高于MA20 | 动量: 突破转强 (阳线上穿5/10),7.34,7.00,1.48X
002758,浙农股份,2026-08-06,7.86,-0.25%,"形态: 两连阴 (-1.25%, -0.38%) | 趋势: 高于MA20",7.78,8.09,1.22X
002584,西陇科学,2026-08-14,8.24,1.35%,趋势: 高于MA20 | 动量: 突破转强 (阳线上穿5/10),7.55,8.28,0.76X
002095,生 意 宝,2026-08-14,14.32,0.07%,趋势: 多头排列 (5>20>60) | 趋势: 高于MA20,13.93,13.57,0.85X
002606,大连电瓷,2026-08-06,14.46,-1.57%,趋势: 高于MA20,13.80,14.29,0.73X
600232,金鹰股份,2026-08-28,6.57,1.86%,"趋势: 多头排列 (5>20>60) | 形态: 两连阴 (-1.37%, -0.15%) | 趋势: 高于MA20 | 动量: 突破转强 (阳线上穿5/10)",6.33,6.29,1.00X
603677,奇精机械,2026-08-14,13.73,0.66%,"形态: 两连阴 (-0.51%, -0.94%) | 趋势: 高于MA20",13.21,14.19,0.70X
600212,绿能慧充,2026-08-28,6.22,0.97%,趋势: 多头排列 (5>20>60) | 趋势: 高于MA20 | 动量: 突破转强 (阳线上穿5/10),5.67,5.44,0.62X
603037,凯众股份,2026-08-06,10.29,-0.10%,趋势: 高于MA20,9.54,11.32,0.88X
603162,海通发展,2026-08-28,12.68,6.02%,趋势: 多头排列 (5>20>60) | 量能: 放量 (1.54X) | 趋势: 高于MA20 | 动量: 突破转强 (阳线上穿5/10),11.75,10.63,1.54X
002453,华软科技,2026-08-14,4.39,-1.35%,趋势: 高于MA20,4.16,4.74,0.98X
600098,广州发展,2026-08-06,6.28,-1.10%,"形态: 两连阴 (-1.37%, -1.70%)",6.29,6.75,0.92X
002669,康达新材,2026-08-06,12.22,0.41%,趋势: 高于MA20 | 动量: 突破转强 (阳线上穿5/10),11.63,14.66,0.96X
603708,家家悦,2026-08-06,9.43,-0.21%,"形态: 两连阴 (-1.44%, -1.25%) | 趋势: 高于MA20",9.33,9.40,0.75X
600860,京城股份,2026-08-14,8.57,-3.49%,量能: 放量 (1.97X) | 趋势: 高于MA20,8.06,8.50,1.97X
603519,立霸股份,2026-08-06,15.21,-2.87%,趋势: 多头排列 (5>20>60) | 趋势: 高于MA20,15.08,14.27,0.77X
600737,中粮糖业,2026-08-06,12.82,-1.16%,趋势: 高于MA20,12.21,12.86,1.17X
000822,山东海化,2026-08-06,4.31,0.47%,趋势: 高于MA20 | 动量: 突破转强 (阳线上穿5/10),4.14,4.46,0.75X
000712,锦龙股份,2026-08-14,9.33,-2.20%,形态: 10日内有涨停 | 趋势: 高于MA20,8.95,9.16,0.66X
603778,国晟科技,2026-08-14,10.43,-2.25%,形态: 10日内有涨停 | 趋势: 高于MA20,9.68,13.26,1.03X
600812,华北制药,2026-08-06,4.76,0.00%,趋势: 多头排列 (5>20>60),4.81,4.63,1.25X
002121,科陆电子,2026-08-06,5.2,-2.07%,趋势: 高于MA20,4.95,5.95,0.83X
000953,河化股份,2026-08-14,6.17,-1.44%,趋势: 高于MA20,5.58,5.72,0.80X
002031,巨轮智能,2026-08-14,5.94,-5.26%,形态: 10日内有涨停 | 趋势: 高于MA20,5.15,5.68,1.10X
600058,五矿发展,2026-08-14,10.8,1.31%,趋势: 高于MA20,9.73,10.16,0.62X
001202,炬申股份,2026-08-06,13.2,0.84%,动量: 突破转强 (阳线上穿5/10),13.40,14.43,0.80X
603685,晨丰科技,2026-08-28,24.03,-0.21%,"形态: 两连阴 (-1.31%, -0.41%)",25.67,27.60,1.26X
600516,方大炭素,2026-08-06,5.21,-0.95%,趋势: 高于MA20,5.13,5.47,1.03X
000759,中百集团,2026-08-28,6.3,3.28%,动量: 突破转强 (阳线上穿5/10),6.62,6.48,0.91X
603050,科林电气,2026-08-06,18.35,-1.56%,趋势: 高于MA20,18.28,20.14,0.99X
002313,日海智能,2026-08-06,8.41,2.81%,趋势: 高于MA20 | 动量: 突破转强 (阳线上穿5/10),7.81,8.36,1.24X
000550,江铃汽车,2026-08-06,16.4,-1.97%,"形态: 两连阴 (-1.64%, -0.24%)",16.48,16.89,1.03X
600996,贵广网络,2026-08-14,6.92,-1.56%,趋势: 高于MA20,6.75,7.64,1.01X
600458,时代新材,2026-08-06,11.55,-1.53%,趋势: 高于MA20,11.13,13.41,0.89X
600727,鲁北化工,2026-08-06,7.64,1.46%,量能: 放量 (2.11X) | 趋势: 高于MA20 | 动量: 突破转强 (阳线上穿5/10),7.14,7.53,2.11X
603587,地素时尚,2026-08-14,11.68,0.17%,"形态: 两连阴 (-0.17%, -0.43%) | 趋势: 高于MA20",11.61,11.86,0.56X
600409,三友化工,2026-08-06,6.51,-0.61%,"形态: 两连阴 (-3.07%, -1.21%) | 趋势: 高于MA20",6.18,6.38,0.84X
601009,南京银行,2026-08-06,11.28,0.45%,"趋势: 多头排列 (5>20>60) | 形态: 两连阴 (-2.32%, -1.23%) | 趋势: 高于MA20",11.26,11.02,0.79X
002298,中电鑫龙,2026-08-06,8.56,-2.51%,形态: 10日内有涨停 | 趋势: 高于MA20,7.75,8.47,0.79X
600119,长江投资,2026-08-06,4.53,0.89%,趋势: 高于MA20 | 动量: 突破转强 (阳线上穿5/10),4.34,4.88,1.02X
600236,桂冠电力,2026-08-14,10.11,-3.07%,"形态: 两连阴 (-0.94%, -1.32%)",10.89,10.32,0.99X
002962,五方光电,2026-08-06,13.15,1.39%,趋势: 高于MA20 | 动量: 突破转强 (阳线上穿5/10),12.39,16.68,1.10X
600026,中远海能,2026-08-06,17.46,-2.29%,趋势: 高于MA20,15.94,18.12,1.00X
002732,燕塘乳业,2026-08-28,14.08,1.51%,"趋势: 多头排列 (5>20>60) | 形态: 两连阴 (-0.93%, -0.14%) | 趋势: 高于MA20 | 动量: 突破转强 (阳线上穿5/10)",13.79,13.29,1.01X
002566,益盛药业,2026-08-06,6.47,0.31%,趋势: 高于MA20,6.37,6.70,0.74X
603689,皖天然气,2026-08-06,7.46,0.00%,"形态: 两连阴 (-1.96%, -0.53%) | 趋势: 高于MA20",7.46,7.67,0.92X
600985,淮北矿业,2026-08-06,16.5,10.00%,趋势: 多头排列 (5>20>60) | 量能: 放量 (1.59X) | 形态: 10日内有涨停 | 趋势: 高于MA20 | 动量: 突破转强 (阳线上穿5/10),14.94,14.92,1.59X
600229,城市传媒,2026-08-06,5.07,-0.20%,"形态: 两连阴 (-0.19%, -0.78%) | 趋势: 高于MA20",4.87,5.23,0.82X
000702,正虹科技,2026-08-06,5.35,0.94%,趋势: 高于MA20 | 动量: 突破转强 (阳线上穿5/10),5.01,5.51,0.81X
603879,永悦科技,2026-08-14,5.45,0.74%,趋势: 多头排列 (5>20>60) | 趋势: 高于MA20 | 动量: 突破转强 (阳线上穿5/10),4.81,4.75,0.90X
603969,银龙股份,2026-08-28,7.71,1.85%,趋势: 高于MA20 | 动量: 突破转强 (阳线上穿5/10),7.34,7.44,0.80X
600215,派斯林,2026-08-14,6.72,-0.30%,趋势: 高于MA20,5.97,6.17,1.23X
601766,中国中车,2026-08-06,5.93,-0.34%,"趋势: 多头排列 (5>20>60) | 形态: 两连阴 (-3.05%, -1.33%) | 趋势: 高于MA20",5.90,5.71,0.81X
600796,钱江生化,2026-08-06,5.03,0.60%,趋势: 高于MA20 | 动量: 突破转强 (阳线上穿5/10),4.86,5.05,0.77X
605368,蓝天燃气,2026-08-14,6.58,0.46%,"形态: 两连阴 (-1.47%, -2.09%)",6.70,6.72,0.70X
000001,平安银行,2026-08-06,11.27,0.18%,"趋势: 多头排列 (5>20>60) | 形态: 两连阴 (-1.55%, -1.66%) | 趋势: 高于MA20",11.07,10.85,0.76X
002494,华斯股份,2026-08-14,4.74,0.00%,趋势: 高于MA20,4.48,5.09,0.97X
603456,九洲药业,2026-08-06,15.18,-1.81%,趋势: 多头排列 (5>20>60) | 趋势: 高于MA20,14.91,13.71,0.93X
600123,兰花科创,2026-08-06,6.99,0.87%,趋势: 多头排列 (5>20>60) | 趋势: 高于MA20 | 动量: 突破转强 (阳线上穿5/10),6.51,6.42,1.28X
600403,大有能源,2026-08-06,6.41,9.95%,形态: 10日内有涨停 | 趋势: 高于MA20 | 动量: 突破转强 (阳线上穿5/10),5.48,5.80,1.25X
001914,招商积余,2026-08-28,8.87,2.07%,趋势: 高于MA20 | 动量: 突破转强 (阳线上穿5/10),8.79,8.83,1.17X
002319,乐通股份,2026-08-14,10.9,-1.45%,"形态: 两连阴 (-1.57%, -2.21%) | 趋势: 高于MA20",10.79,11.11,0.50X
002187,广百股份,2026-08-14,5.31,-1.85%,趋势: 多头排列 (5>20>60) | 趋势: 高于MA20,5.16,5.15,0.94X
600459,贵研铂业,2026-08-28,21.43,-1.61%,形态: 10日内有涨停 | 趋势: 高于MA20,21.16,22.27,0.89X
002705,新宝股份,2026-08-06,12.31,5.85%,量能: 放量 (2.39X) | 趋势: 高于MA20 | 动量: 突破转强 (阳线上穿5/10),11.49,11.92,2.39X
600415,小商品城,2026-08-28,12.46,1.47%,趋势: 多头排列 (5>20>60) | 趋势: 高于MA20 | 动量: 突破转强 (阳线上穿5/10),12.19,11.33,0.79X
000863,三湘印象,2026-08-28,4.29,-0.69%,趋势: 高于MA20,4.13,4.15,0.82X
603628,清源股份,2026-08-14,9.53,-0.42%,趋势: 高于MA20,9.32,9.79,0.91X
002410,广联达,2026-08-14,9.17,-1.29%,"趋势: 多头排列 (5>20>60) | 形态: 两连阴 (-0.95%, -1.38%)",9.22,9.01,1.22X
603151,邦基科技,2026-08-06,12.61,1.45%,趋势: 高于MA20 | 动量: 突破转强 (阳线上穿5/10),11.93,12.45,0.94X
001318,阳光乳业,2026-08-28,11.76,2.44%,趋势: 多头排列 (5>20>60) | 形态: 10日内有涨停 | 趋势: 高于MA20 | 动量: 突破转强 (阳线上穿5/10),11.32,10.73,1.27X
002540,亚太科技,2026-08-14,5.1,0.39%,趋势: 高于MA20,4.97,5.04,0.75X
000728,国元证券,2026-08-06,7.25,-1.09%,"趋势: 多头排列 (5>20>60) | 形态: 两连阴 (-0.27%, -0.27%)",7.30,7.26,0.95X
600739,辽宁成大,2026-08-06,10.72,-1.56%,"趋势: 多头排列 (5>20>60) | 形态: 两连阴 (-0.27%, -0.09%) | 趋势: 高于MA20",10.71,10.61,1.14X
001289,龙源电力,2026-08-06,16.05,-1.71%,"形态: 两连阴 (-0.54%, -0.79%)",16.26,16.93,1.29X
603616,韩建河山,2026-08-06,5.28,2.52%,趋势: 高于MA20 | 动量: 突破转强 (阳线上穿5/10),4.95,5.82,1.13X
601107,四川成渝,2026-08-06,5.64,-0.88%,"形态: 两连阴 (-2.52%, -1.90%) | 趋势: 高于MA20",5.59,5.71,0.77X
601006,大秦铁路,2026-08-06,4.84,0.62%,"形态: 两连阴 (-2.20%, -1.64%) | 趋势: 高于MA20",4.83,4.97,0.91X
601928,凤凰传媒,2026-08-06,9.39,-1.88%,"趋势: 多头排列 (5>20>60) | 形态: 两连阴 (-1.51%, -1.95%)",9.55,9.20,0.77X
002840,华统股份,2026-08-06,8.26,-0.84%,趋势: 高于MA20,7.68,8.25,0.89X
600353,旭光电子,2026-08-28,34.63,-7.01%,形态: 10日内有涨停 | 趋势: 高于MA20,31.32,34.02,0.85X
000156,华数传媒,2026-08-06,6.91,-2.26%,"形态: 两连阴 (-0.14%, -1.26%) | 趋势: 高于MA20",6.74,6.78,0.87X
600055,万东医疗,2026-08-06,11.51,-2.21%,趋势: 高于MA20,10.95,11.59,0.87X
002483,润邦股份,2026-08-14,5.5,-4.51%,形态: 10日内有涨停 | 趋势: 高于MA20,5.20,5.30,1.41X
000632,三木集团,2026-08-28,4.39,2.81%,趋势: 多头排列 (5>20>60) | 趋势: 高于MA20 | 动量: 突破转强 (阳线上穿5/10),3.64,3.40,1.32X
600282,南钢股份,2026-08-06,4.96,1.64%,趋势: 多头排列 (5>20>60) | 趋势: 高于MA20,4.84,4.83,1.36X
603421,鼎信通讯,2026-08-28,5.97,2.40%,"形态: 两连阴 (-0.67%, -1.85%) | 趋势: 高于MA20 | 动量: 突破转强 (阳线上穿5/10)",5.95,5.98,1.34X
002003,伟星股份,2026-08-14,9.86,-2.47%,"形态: 两连阴 (-2.30%, -0.88%)",10.28,9.35,1.44X
002668,TCL智家,2026-08-06,10.84,2.55%,趋势: 多头排列 (5>20>60) | 趋势: 高于MA20 | 动量: 突破转强 (阳线上穿5/10),10.35,10.07,1.22X
002174,游族网络,2026-08-06,11.78,-3.60%,形态: 10日内有涨停 | 趋势: 高于MA20,11.59,11.68,1.04X
600894,广日股份,2026-08-06,7.84,-0.51%,趋势: 高于MA20,7.72,8.12,0.82X
002719,麦趣尔,2026-08-06,5.95,1.19%,"形态: 两连阴 (-3.92%, -0.17%) | 趋势: 高于MA20",5.72,6.55,0.59X
001338,永顺泰,2026-08-28,9.21,1.99%,形态: 10日内有涨停 | 趋势: 高于MA20 | 动量: 突破转强 (阳线上穿5/10),8.85,8.91,1.02X
600888,新疆众和,2026-08-28,10.51,-0.28%,趋势: 高于MA20,10.09,11.20,0.74X
601956,东贝集团,2026-08-06,4.88,0.00%,趋势: 高于MA20,4.65,4.96,0.64X
600156,华升股份,2026-08-28,8.54,-0.58%,趋势: 高于MA20,8.27,8.28,0.95X
603123,翠微股份,2026-08-06,10.07,10.05%,形态: 10日内有涨停 | 趋势: 高于MA20 | 动量: 突破转强 (阳线上穿5/10),8.66,9.18,1.37X
603335,迪生力,2026-08-14,6.74,0.30%,形态: 10日内有涨停 | 趋势: 高于MA20,6.12,7.16,0.87X
603803,瑞斯康达,2026-08-28,11.26,0.54%,形态: 10日内有涨停 | 趋势: 高于MA20 | 动量: 突破转强 (阳线上穿5/10),10.68,11.02,0.78X
002418,康盛股份,2026-08-14,4.07,10.00%,形态: 10日内有涨停 | 趋势: 高于MA20 | 动量: 突破转强 (阳线上穿5/10),3.53,3.99,1.12X
003040,楚天龙,2026-08-14,11.74,-2.09%,"形态: 10日内有涨停 | 形态: 两连阴 (-2.54%, -2.36%) | 趋势: 高于MA20",11.29,11.54,0.62X
002556,辉隆股份,2026-08-14,5.01,0.80%,趋势: 高于MA20,4.87,5.27,0.74X
603788,宁波高发,2026-08-06,14.2,1.65%,趋势: 高于MA20 | 动量: 突破转强 (阳线上穿5/10),13.57,14.70,1.16X
001366,播恩集团,2026-08-06,11.58,1.05%,趋势: 高于MA20 | 动量: 突破转强 (阳线上穿5/10),10.91,12.60,0.81X
002583,海能达,2026-08-14,8.29,-1.07%,趋势: 高于MA20,8.21,8.36,0.85X
601958,金钼股份,2026-08-06,22.87,-0.65%,趋势: 高于MA20,21.43,23.48,1.23X
603002,宏昌电子,2026-08-28,17.67,4.49%,量能: 放量 (1.89X) | 形态: 10日内有涨停 | 趋势: 高于MA20 | 动量: 突破转强 (阳线上穿5/10),15.46,17.69,1.89X
605399,晨光新材,2026-08-06,10.84,4.03%,趋势: 高于MA20 | 动量: 突破转强 (阳线上穿5/10),10.36,12.89,1.38X
601366,利群股份,2026-08-28,3.75,2.46%,趋势: 多头排列 (5>20>60) | 形态: 10日内有涨停 | 趋势: 高于MA20 | 动量: 突破转强 (阳线上穿5/10),3.61,3.51,1.08X
603918,金桥信息,2026-08-06,11.3,0.71%,形态: 10日内有涨停 | 趋势: 高于MA20 | 动量: 突破转强 (阳线上穿5/10),10.10,10.66,0.70X
002188,中天服务,2026-08-28,5.62,1.26%,"趋势: 多头排列 (5>20>60) | 形态: 两连阴 (-0.36%, -0.36%) | 趋势: 高于MA20 | 动量: 突破转强 (阳线上穿5/10)",5.42,5.15,0.86X
600072,中船科技,2026-08-06,8.94,-0.78%,"形态: 两连阴 (-1.94%, -0.77%) | 趋势: 高于MA20",8.60,9.74,0.96X
601002,晋亿实业,2026-08-14,5.26,-0.57%,趋势: 多头排列 (5>20>60) | 趋势: 高于MA20,5.04,4.87,0.96X
002054,德美化工,2026-08-06,7.21,0.70%,趋势: 高于MA20 | 动量: 突破转强 (阳线上穿5/10),6.82,7.30,0.81X
002712,思美传媒,2026-08-06,4.83,0.21%,趋势: 高于MA20 | 动量: 突破转强 (阳线上穿5/10),4.38,4.67,0.67X
603321,梅轮电梯,2026-08-28,6.52,1.72%,趋势: 多头排列 (5>20>60) | 趋势: 高于MA20 | 动量: 突破转强 (阳线上穿5/10),6.28,6.07,1.11X
600234,科新发展,2026-08-06,19.91,3.05%,趋势: 高于MA20 | 动量: 突破转强 (阳线上穿5/10),19.13,23.90,0.90X
601288,农业银行,2026-08-28,6.79,0.00%,趋势: 多头排列 (5>20>60) | 趋势: 高于MA20,6.65,6.51,0.66X
600078,澄星股份,2026-08-06,10.82,-1.90%,形态: 10日内有涨停 | 趋势: 高于MA20,9.81,12.31,1.44X
600354,敦煌种业,2026-08-06,6.42,8.08%,"趋势: 多头排列 (5>20>60) | 量能: 放量 (2.23X) | 形态: 两连阴 (-2.29%, -0.50%) | 趋势: 高于MA20 | 动量: 突破转强 (阳线上穿5/10)",5.70,5.43,2.23X
603012,创力集团,2026-08-14,9.43,3.29%,形态: 10日内有涨停 | 趋势: 高于MA20 | 动量: 突破转强 (阳线上穿5/10),8.39,8.42,1.26X
000617,中油资本,2026-08-14,6.88,-1.15%,"形态: 两连阴 (-0.56%, -2.11%)",7.06,7.14,0.85X
600390,五矿资本,2026-08-06,4.92,-1.40%,趋势: 多头排列 (5>20>60) | 趋势: 高于MA20,4.91,4.82,1.04X
000521,长虹美菱,2026-08-06,4.96,-0.40%,"形态: 两连阴 (-0.40%, -0.60%)",5.01,5.41,0.95X
002522,浙江众成,2026-08-06,5.02,-0.40%,形态: 10日内有涨停 | 趋势: 高于MA20,4.78,6.18,0.97X
000859,国风新材,2026-08-14,9.65,-1.13%,"形态: 10日内有涨停 | 形态: 两连阴 (-2.67%, -4.31%) | 趋势: 高于MA20",8.45,9.59,0.60X
603110,东方材料,2026-08-14,25.22,-2.78%,趋势: 多头排列 (5>20>60) | 量能: 放量 (1.55X) | 趋势: 高于MA20,22.57,22.47,1.55X
002666,德联集团,2026-08-28,4.26,1.67%,趋势: 多头排列 (5>20>60) | 趋势: 高于MA20 | 动量: 突破转强 (阳线上穿5/10),4.20,4.10,0.77X
601886,江河集团,2026-08-06,8.4,0.24%,趋势: 高于MA20,8.28,8.58,0.82X
000582,北部湾港,2026-08-14,11.34,-10.00%,"趋势: 多头排列 (5>20>60) | 量能: 放量 (1.55X) | 形态: 两连阴 (-0.99%, -3.23%)",12.32,12.00,1.55X
002387,维信诺,2026-08-06,7.18,0.84%,形态: 10日内有涨停 | 趋势: 高于MA20 | 动量: 突破转强 (阳线上穿5/10),6.82,7.90,1.07X
603578,三星新材,2026-08-06,11.9,0.42%,趋势: 高于MA20 | 动量: 突破转强 (阳线上穿5/10),11.65,13.11,1.27X
603815,交建股份,2026-08-14,5.36,-1.11%,趋势: 高于MA20,5.31,5.84,0.76X
600272,开开实业,2026-08-06,11.79,9.98%,量能: 放量 (2.80X) | 形态: 10日内有涨停 | 趋势: 高于MA20 | 动量: 突破转强 (阳线上穿5/10),10.75,11.02,2.80X
600152,维科技术,2026-08-14,8.17,0.37%,趋势: 高于MA20,7.72,9.51,0.89X
603323,苏农银行,2026-08-28,4.31,-0.23%,趋势: 高于MA20,4.24,4.27,0.63X
601990,南京证券,2026-08-06,6.77,-1.31%,"趋势: 多头排列 (5>20>60) | 形态: 两连阴 (-0.72%, -0.29%)",6.82,6.76,0.98X
002676,顺威股份,2026-08-14,4.99,0.20%,趋势: 高于MA20,4.86,5.16,0.78X
002601,龙佰集团,2026-08-06,16.58,-0.72%,趋势: 多头排列 (5>20>60) | 趋势: 高于MA20,16.30,15.99,1.21X
002514,宝馨科技,2026-08-14,1.85,-2.63%,"形态: 两连阴 (-0.50%, -4.04%) | 趋势: 高于MA20",1.82,2.64,0.78X
002480,新筑股份,2026-08-06,5.52,-1.78%,趋势: 高于MA20,5.27,5.57,0.84X
002235,安妮股份,2026-08-14,10.43,5.89%,形态: 10日内有涨停 | 趋势: 高于MA20 | 动量: 突破转强 (阳线上穿5/10),8.17,8.91,1.16X
002877,智能自控,2026-08-14,7.32,0.14%,趋势: 高于MA20,7.01,7.44,0.87X
003042,中农联合,2026-08-14,13.16,-0.23%,趋势: 高于MA20,12.50,13.15,0.85X
603861,白云电器,2026-08-14,12.4,-2.05%,趋势: 高于MA20,11.96,13.85,0.83X
601966,玲珑轮胎,2026-08-06,11.27,-1.14%,"形态: 两连阴 (-2.54%, -1.13%) | 趋势: 高于MA20",11.15,11.40,0.82X
002599,盛通股份,2026-08-14,6.03,-0.82%,趋势: 多头排列 (5>20>60),6.08,5.87,1.03X
600787,中储股份,2026-08-06,4.64,-0.64%,"趋势: 多头排列 (5>20>60) | 形态: 两连阴 (-1.87%, -0.85%) | 趋势: 高于MA20",4.60,4.59,0.97X
605033,美邦股份,2026-08-14,19.59,4.15%,"形态: 10日内有涨停 | 形态: 两连阴 (-1.99%, -2.08%) | 趋势: 高于MA20 | 动量: 突破转强 (阳线上穿5/10)",17.89,18.34,1.03X
000735,罗 牛 山,2026-08-28,5.86,2.09%,趋势: 多头排列 (5>20>60) | 形态: 10日内有涨停 | 趋势: 高于MA20 | 动量: 突破转强 (阳线上穿5/10),5.46,5.16,0.92X
002631,德尔未来,2026-08-14,9.15,4.21%,形态: 10日内有涨停 | 趋势: 高于MA20 | 动量: 突破转强 (阳线上穿5/10),7.28,8.17,0.69X
002250,联化科技,2026-08-14,16.48,0.67%,趋势: 多头排列 (5>20>60) | 趋势: 高于MA20,16.18,15.03,0.59X
601777,千里科技,2026-08-06,8.63,-1.82%,趋势: 高于MA20,7.82,9.24,1.03X
002846,英联股份,2026-08-14,10.7,-0.19%,趋势: 高于MA20,10.15,11.09,0.94X
600757,长江传媒,2026-08-06,7.77,-2.26%,"形态: 两连阴 (-1.09%, -2.33%)",7.81,7.83,1.13X
002115,三维通信,2026-08-14,12.16,3.14%,量能: 放量 (1.64X) | 趋势: 高于MA20 | 动量: 突破转强 (阳线上穿5/10),11.36,11.40,1.64X
000676,智度股份,2026-08-06,7.5,-4.46%,趋势: 多头排列 (5>20>60) | 形态: 10日内有涨停 | 趋势: 高于MA20,6.72,6.11,0.77X
002112,三变科技,2026-08-06,16.34,-4.56%,形态: 10日内有涨停 | 趋势: 高于MA20,15.18,16.88,0.86X
601033,永兴股份,2026-08-06,14.46,-1.36%,趋势: 多头排列 (5>20>60) | 趋势: 高于MA20,14.24,14.21,1.04X
002545,东方铁塔,2026-08-28,18.15,-0.27%,趋势: 高于MA20,17.93,18.03,0.88X
603368,柳药集团,2026-08-06,15.51,0.39%,"形态: 两连阴 (-1.52%, -0.90%)",15.53,15.74,1.03X
002400,省广集团,2026-08-06,6.93,-2.81%,趋势: 高于MA20,6.24,6.98,0.80X
605006,山东玻纤,2026-08-28,15.54,9.98%,量能: 放量 (1.69X) | 形态: 10日内有涨停 | 趋势: 高于MA20 | 动量: 突破转强 (阳线上穿5/10),14.35,16.83,1.69X
601666,平煤股份,2026-08-06,8.92,9.99%,量能: 放量 (1.58X) | 形态: 10日内有涨停 | 趋势: 高于MA20 | 动量: 突破转强 (阳线上穿5/10),7.91,8.09,1.58X
600629,华建集团,2026-08-06,15.59,0.13%,形态: 10日内有涨停 | 趋势: 高于MA20 | 动量: 突破转强 (阳线上穿5/10),13.37,15.07,1.46X
000507,珠海港,2026-08-14,4.93,-0.60%,趋势: 多头排列 (5>20>60),4.97,4.94,0.84X
000705,浙江震元,2026-08-06,6.6,0.76%,趋势: 高于MA20,6.41,6.61,1.08X
600313,农发种业,2026-08-28,7.5,3.73%,趋势: 多头排列 (5>20>60) | 形态: 10日内有涨停 | 趋势: 高于MA20 | 动量: 突破转强 (阳线上穿5/10),6.30,5.77,1.20X
601133,柏诚股份,2026-08-14,26.81,2.48%,趋势: 高于MA20 | 动量: 突破转强 (阳线上穿5/10),26.29,29.80,0.91X
600135,乐凯胶片,2026-08-14,7.39,-0.14%,趋势: 高于MA20,7.09,8.04,0.79X
603237,五芳斋,2026-08-06,14.15,-1.74%,趋势: 高于MA20,13.77,14.24,0.99X
000019,深粮控股,2026-08-06,6.29,3.28%,"量能: 放量 (2.36X) | 形态: 两连阴 (-1.13%, -0.33%) | 趋势: 高于MA20 | 动量: 突破转强 (阳线上穿5/10)",6.04,6.24,2.36X
601311,骆驼股份,2026-08-06,7.9,-0.88%,"形态: 两连阴 (-1.11%, -0.38%) | 趋势: 高于MA20",7.85,8.21,1.04X
605388,均瑶健康,2026-08-28,6.26,2.62%,趋势: 高于MA20 | 动量: 突破转强 (阳线上穿5/10),6.10,5.46,1.34X
600476,湘邮科技,2026-08-14,9.61,-1.94%,趋势: 高于MA20,8.82,9.60,1.09X
002941,新疆交建,2026-08-06,10.91,-0.18%,"形态: 两连阴 (-0.18%, -0.64%) | 趋势: 高于MA20",10.04,10.87,1.06X
600523,贵航股份,2026-08-14,11.54,0.61%,趋势: 高于MA20 | 动量: 突破转强 (阳线上穿5/10),11.32,11.37,1.13X
000886,海南高速,2026-08-28,4.86,2.32%,趋势: 多头排列 (5>20>60) | 量能: 放量 (1.52X) | 趋势: 高于MA20 | 动量: 突破转强 (阳线上穿5/10),4.61,4.42,1.52X
