code,name,Strategy_Type,Close,TurnoverRate,RSI6,KDJ_J,Breakout_Pattern,Limit_Up_Today,Final_Score,Strategy_Rank
002870,香山股份,C_New_Strategy (最高共振),39.69,9.35,78.95212364692023,83.0222222222222,True,True,1181.1237697579265,0
002025,航天电器,A_Strong_Pullback (中风险接力),47.87,9.82,63.395317187752205,58.125605627914695,False,False,8.863896820352732,1
603895,天永智能,B_Low_Position_Start (低风险埋伏),29.3,4.08,65.74135604998929,59.918051792097984,False,False,268.2247326839563,2
002995,天地在线,E_Leader_Restart (二次启动),21.64,38.49,72.11297953149796,81.98999616239135,False,False,4718.568589684506,3
603916,苏博特,E_Leader_Restart (二次启动),12.06,17.11,79.3761140961161,90.53285671730711,True,False,2308.813030713729,3
600841,动力新科,E_Leader_Restart (二次启动),7.7,11.56,78.94234843267726,85.11111111111109,False,False,1551.3750313989735,3
605090,九丰能源,E_Leader_Restart (二次启动),40.74,8.4,75.78154983501607,88.15823512609893,True,False,1082.1605316440293,3
000045,深纺织Ａ,E_Leader_Restart (二次启动),13.28,9.07,69.8771519672511,80.90107423440745,False,False,1077.4358061830446,3
