code,name,Strategy_Type,Close,TurnoverRate,RSI6,KDJ_J,Breakout_Pattern,Limit_Up_Today,Final_Score,Strategy_Rank
600611,大众交通,C_New_Strategy (最高共振),6.07,9.24,83.79775458570523,85.89743589743584,True,True,1238.8660037950663,0
002870,香山股份,C_New_Strategy (最高共振),39.69,9.35,78.95212364692023,83.0222222222222,True,True,1181.1237697579265,0
002025,航天电器,A_Strong_Pullback (中风险接力),47.87,9.82,63.395317187752205,58.125605627914695,False,False,8.863896820352732,1
600906,财达证券,B_Low_Position_Start (低风险埋伏),7.12,5.0,73.89097016888005,68.81595704176348,True,False,369.4548508444002,2
603895,天永智能,B_Low_Position_Start (低风险埋伏),29.3,4.08,65.74135604998929,59.918051792097984,False,False,268.2247326839563,2
600864,哈投股份,B_Low_Position_Start (低风险埋伏),6.94,3.13,68.11710106739264,74.15499533146597,False,False,213.20652634093895,2
605090,九丰能源,E_Leader_Restart (二次启动),40.74,8.4,75.78154983501607,88.15823512609893,True,False,1082.1605316440293,3
002072,凯瑞德,E_Leader_Restart (二次启动),7.93,8.63,68.14242851000137,88.76044590330301,False,False,999.7175686702302,3
601512,中新集团,E_Leader_Restart (二次启动),9.51,1.7,65.29358964098404,86.91585363227153,False,False,188.69847406244386,3
