code,name,Strategy_Type,Close,TurnoverRate,RSI6,KDJ_J,Breakout_Pattern,Limit_Up_Today,Final_Score,Strategy_Rank
002870,香山股份,C_New_Strategy (最高共振),39.69,9.35,78.95212364692023,83.0222222222222,True,True,1181.1237697579265,0
002025,航天电器,A_Strong_Pullback (中风险接力),47.87,9.82,63.395317187752205,58.125605627914695,False,False,8.863896820352732,1
603895,天永智能,B_Low_Position_Start (低风险埋伏),29.3,4.08,65.74135604998929,59.918051792097984,False,False,268.2247326839563,2
002054,德美化工,E_Leader_Restart (二次启动),8.52,22.7,65.6004848257334,71.61033411033407,False,False,2531.5227094250517,3
000409,云鼎科技,E_Leader_Restart (二次启动),12.61,22.02,66.78392611470426,52.38742038406562,False,False,2499.989490177839,3
600839,四川长虹,E_Leader_Restart (二次启动),10.7,12.9,77.93671276199332,61.1177377343071,True,False,1709.1521108705135,3
605090,九丰能源,E_Leader_Restart (二次启动),40.74,8.4,75.78154983501607,88.15823512609893,True,False,1082.1605316440293,3
