code,name,Strategy_Type,Close,TurnoverRate,RSI6,KDJ_J,Breakout_Pattern,Limit_Up_Today,Final_Score,Strategy_Rank
002870,香山股份,C_New_Strategy (最高共振),39.69,9.35,78.95212364692023,83.0222222222222,True,True,1181.1237697579265,0
002025,航天电器,A_Strong_Pullback (中风险接力),47.87,9.82,63.395317187752205,58.125605627914695,False,False,8.863896820352732,1
603895,天永智能,B_Low_Position_Start (低风险埋伏),29.3,4.08,65.74135604998929,59.918051792097984,False,False,268.2247326839563,2
002510,天汽模,E_Leader_Restart (二次启动),7.79,25.83,68.41053323425544,80.4632218425322,False,False,3003.97492484939,3
002023,海特高新,E_Leader_Restart (二次启动),14.85,21.0,76.1747187336441,76.40387376545203,False,False,2719.4374587910943,3
605090,九丰能源,E_Leader_Restart (二次启动),40.74,8.4,75.78154983501607,88.15823512609893,True,False,1082.1605316440293,3
600830,香溢融通,D_Strong_Breakout (高风险追涨/优化),9.88,4.41,69.83708507026559,60.73095802011474,True,False,338.7796996758584,4
