code,name,Strategy_Type,Close,TurnoverRate,RSI6,KDJ_J,Breakout_Pattern,Limit_Up_Today,Final_Score,Strategy_Rank
002268,电科网安,C_New_Strategy (最高共振),20.33,10.12,87.57679638442201,89.17168399293524,True,True,1418.0434870565612,0
002870,香山股份,C_New_Strategy (最高共振),39.69,9.35,78.95212364692023,83.0222222222222,True,True,1181.1237697579265,0
000411,英特集团,A_Strong_Pullback (中风险接力),12.86,10.83,64.14167011597127,61.56299840510364,False,False,10.23503498667293,1
002025,航天电器,A_Strong_Pullback (中风险接力),47.87,9.82,63.395317187752205,58.125605627914695,False,False,8.863896820352732,1
603895,天永智能,B_Low_Position_Start (低风险埋伏),29.3,4.08,65.74135604998929,59.918051792097984,False,False,268.2247326839563,2
002228,合兴包装,E_Leader_Restart (二次启动),6.33,32.06,79.7179405702412,94.11128832181464,False,False,4344.787196959286,3
605090,九丰能源,E_Leader_Restart (二次启动),40.74,8.4,75.78154983501607,88.15823512609893,True,False,1082.1605316440293,3
002427,尤夫股份,E_Leader_Restart (二次启动),6.76,6.0,72.62749347359642,91.1022927689595,False,False,740.8004334306835,3
