code,name,Strategy_Type,Close,TurnoverRate,RSI6,KDJ_J,Breakout_Pattern,Limit_Up_Today,Final_Score,Strategy_Rank
002870,香山股份,C_New_Strategy (最高共振),39.69,9.35,78.95212364692023,83.0222222222222,True,True,1181.1237697579265,0
002025,航天电器,A_Strong_Pullback (中风险接力),47.87,9.82,63.395317187752205,58.125605627914695,False,False,8.863896820352732,1
603895,天永智能,B_Low_Position_Start (低风险埋伏),29.3,4.08,65.74135604998929,59.918051792097984,False,False,268.2247326839563,2
002757,南兴股份,E_Leader_Restart (二次启动),21.61,38.98,70.76154636967863,74.77705471197876,False,False,4689.084631733123,3
002766,索菱股份,E_Leader_Restart (二次启动),7.08,30.49,75.40918759804862,90.07152534896181,False,False,3908.6844207696536,3
002355,兴民智通,E_Leader_Restart (二次启动),6.59,21.75,68.07638983250611,88.499663431264,False,False,2517.1245140569135,3
605090,九丰能源,E_Leader_Restart (二次启动),40.74,8.4,75.78154983501607,88.15823512609893,True,False,1082.1605316440293,3
600620,天宸股份,E_Leader_Restart (二次启动),7.12,8.24,72.80133230420044,94.57516339869278,False,False,1019.8010629172398,3
000949,新乡化纤,E_Leader_Restart (二次启动),6.02,7.38,79.90218829772957,88.74476051606632,True,False,1002.4528543833152,3
