code,name,Strategy_Type,Close,TurnoverRate,RSI6,KDJ_J,Breakout_Pattern,Limit_Up_Today,Final_Score,Strategy_Rank
002870,香山股份,C_New_Strategy (最高共振),39.69,9.35,78.95212364692023,83.0222222222222,True,True,1181.1237697579265,0
600998,九州通,C_New_Strategy (最高共振),5.58,4.65,80.1344184023076,53.021882077733096,True,False,596.2000729131686,0
002025,航天电器,A_Strong_Pullback (中风险接力),47.87,9.82,63.395317187752205,58.125605627914695,False,False,8.863896820352732,1
603895,天永智能,B_Low_Position_Start (低风险埋伏),29.3,4.08,65.74135604998929,59.918051792097984,False,False,268.2247326839563,2
000670,盈方微,E_Leader_Restart (二次启动),9.69,34.34,74.68663432083999,70.71890547263683,False,False,4360.056338381997,3
600192,长城电工,E_Leader_Restart (二次启动),11.35,20.59,68.83703520405619,61.2701843113186,False,False,2409.5027432475786,3
605090,九丰能源,E_Leader_Restart (二次启动),40.74,8.4,75.78154983501607,88.15823512609893,True,False,1082.1605316440293,3
002727,一心堂,D_Strong_Breakout (高风险追涨/优化),14.04,9.22,74.16114377258634,75.56809846230374,True,False,752.1423201415708,4
603883,老百姓,D_Strong_Breakout (高风险追涨/优化),16.44,6.84,74.20961674887792,77.61777285454946,True,False,558.3531564185575,4
