code,name,Strategy_Type,Close,TurnoverRate,RSI6,KDJ_J,Breakout_Pattern,Limit_Up_Today,Final_Score,Strategy_Rank
002870,香山股份,C_New_Strategy (最高共振),39.69,9.35,78.95212364692023,83.0222222222222,True,True,1181.1237697579265,0
000719,中原传媒,C_New_Strategy (最高共振),13.44,6.91,79.54771954058833,62.548724699770844,True,False,879.4795872407448,0
002025,航天电器,A_Strong_Pullback (中风险接力),47.87,9.82,63.395317187752205,58.125605627914695,False,False,8.863896820352732,1
000937,冀中能源,A_Strong_Pullback (中风险接力),5.67,1.97,64.35616912540013,23.12056737588661,False,False,0.6969122936673924,1
600463,空港股份,B_Low_Position_Start (低风险埋伏),11.73,5.66,72.443294139974,55.056020966722684,True,False,410.02904483225285,2
603895,天永智能,B_Low_Position_Start (低风险埋伏),29.3,4.08,65.74135604998929,59.918051792097984,False,False,268.2247326839563,2
605090,九丰能源,E_Leader_Restart (二次启动),40.74,8.4,75.78154983501607,88.15823512609893,True,False,1082.1605316440293,3
